S3250800000060100020B9010008C90F0008530B0008C50F000899050008B519000800000000E2
S32508000020000000000000000000000000CB010008E905000800000000CF0100088116000871
S32508000040D3010008D3010008D3010008D3010008D3010008D3010008D3010008D3010008B2
S32508000060D3010008D3010008D3010008D3010008D3010008D3010008D3010008D301000892
S32508000080D3010008D3010008D3010008D3010008D3010008D3010008D3010008D301000872
S325080000a0D3010008D3010008D3010008D3010008D3010008D3010008D3010008D301000852
S325080000c0D3010008D3010008D3010008D3010008D3010008D3010008D3010008D301000832
S325080000e0D3010008D3010008D301000800F002F800F043F80AA090E8000C82448344AAF1F3
S325080001000107DA4501D100F038F8AFF2090EBAE80F0013F0010F18BFFB1A43F001031847BA
S325080001201C1F00003C1F0000103A24BF78C878C1FAD8520724BF30C830C144BF04680C60A3
S32508000140704700000023002400250026103A28BF78C1FBD8520728BF30C148BF0B607047B1
S325080001601FB500F08DF904000020002101F050FF401C60601FBD10B510BD00F05CF911467C
S32508000180FFF7EEFF01F0AEFE00F08CF903B4FFF7F2FF03BC00F0D0F9EFF30980704780F3B1
S325080001a009887047EFF30880704780F30888704740BA7047C0BA704709488047094800477C
S325080001c0FEE7FEE7FEE7FEE7FEE7FEE7FEE7FEE7FEE7FEE704480549054A064B704700002E
S325080001e0ED160008ED000008600A002060100020600C0020600C002070B5064600F052F814
S325080002000468054630460A22002100F04FF82C6070BD032A40F2308010F0030C00F01580C3
S3250800022011F8013BBCF1020F624498BF11F801CB00F8013B38BF11F8013BA2F1040298BF7B
S3250800024000F801CB38BF00F8013B11F0030300F06580083AC0F0088051F8043B083A51F838
S3250800026004CBA0E80810F5E7121D5CBF51F8043B40F8043BAFF30080D20724BF11F8013BB9
S3250800028011F801CB48BF11F8012B24BF00F8013B00F801CB48BF00F8012B70477047704714
S325080002a07047000000487047FC0900202DE9F04791460F4680460446002614F8015B2DB160
S325080002c000F062F80068405DC007F6D12B2D02D02D2D18D0641E4A463946204600F05CF88C
S325080002e027B13968A14201D1C7F800804FF0020471050BD54042002803DDFFF7D3FF046032
S32508000300A007BDE8F08746F48066E4E70028F8DAFFF7C8FF04606FF00040F2E710B5203A6F
S32508000320C0F00B80B1E81850203AA0E81850B1E81850A0E81850BFF4F5AF5FEA027C24BF37
S32508000340B1E81850A0E8185044BF18C918C0BDE810405FEA827C24BF51F8043B40F8043BC4
S3250800036008BF7047D20728BF31F8023B48BF11F8012B28BF20F8023B48BF00F8012B704771
S3250800038000487047FC09002010B500F079F8001D10BD00BF7D1C00002DE9F05F824615463B
S325080003a08B4600270AF10104B9460078302801D09DB113E014F8010B0127782803D0582823
S325080003c001D045B10AE00DB1102D07D1002714F8010B102502E0082500E00A250026B046DD
S325080003e00EE005FB080005FB06F101271FFA80F801EB1046B6F5803F00D3B94614F8010BB3
S32508000400294600F041F80028EBDABBF1000F05D00FB1641E00E05446CBF80040B9F1000F41
S3250800042006D0FFF73FFF02210160C81EBDE8F09F48EA0640FAE77546FFF7A2FFAE46050062
S325080004406946534620F00700854618B020B5FFF7C1FEBDE820404FF000064FF000074FF043
S3250800046000084FF0000B21F00701AC46ACE8C009ACE8C009ACE8C009ACE8C0098D46704713
S32508000480004870471C0A00203A2800D2303820F02002412A01D3A2F13700884201D34FF055
S325080004a0FF30704710B50446AFF300802046BDE81040FFF76BBE00004FF0013C50F8042BAA
S325080004c051F8043B9A4221D1A2EB0C03934313EACC1317D150F8042B51F8043B9A4215D1C1
S325080004e0A2EB0C03934313EACC130BD150F8042B51F8043B9A4209D1A2EB0C03934313EAA0
S32508000500CC13DBD04FF00000704700BFD01A01BAB1FA81F101F0180122FA01F0CB40C1F1F8
S325080005202001DBB2C0B2C01A2CFA01F3D11A914311EAC311E6D1704701491820ABBEFEE7CD
S32508000540260002007047000010B5022006490880032088701020C870044800F010FA022104
S32508000560024800F0DFFA10BD00000020000C014010B5012006490880032088701020C870E0
S32508000580044800F0FCF90121024800F0CBFA10BD00000020000C014000BFFEE7F0B505462D
S325080005a00E460024AF1905E015F8011BA0B201F0E8F90446BD42F7D3A0B2002101F0E1F96A
S325080005c004462046002101F0DCF904462046F0BD21B1026842F00102026004E002684FF6B3
S325080005e0FE731A40026070477047014606E04FF4FA5200E0521E002AFCDC491E0029F6DCE2
S32508000600704700007FB505460E462AA207CA01AB07C3002400200090294A3146284601F012
S32508000620F7F904462DB9002C03DC4FF4E03000F06DFB002C15DD00F08EFA0020009001226D
S325080006406946204800F002FF00201F494871012C2EDD214601A801F0AFF901201A49487125
S3250800066026E0601C18B902201749487120E0A01C18B90320144948711AE0E01C18B904202D
S325080006801149487114E0201D18B905200E4948710EE0601D18B906200B49487108E0A01DEE
S325080006a018B907200849487102E00820064948717FBD00002020202020202020202000009C
S325080006c064000020F0FF01081800002010B5402006490880032088701020C870044800F09D
S325080006e04EF94021024800F01FFA10BD00000020001001400149C860704700000020024028
S3250800070030B5A525042400F08FF800B100254FF4302000F021F90446042C3AD11E481F49B7
S3250800072088601F4888600846006940F0200008610846006940F0400008614FF4302000F0F1
S325080007400BF90446042C1BD11448006941F6DF710840124908610846006940F01000086169
S3250800076010480580E00200F0F7F80446052C10D00A48006941F6EF7108400849086108E036
S32508000780052C06D00548006941F6EF71084003490861204630BD0000230167450020024075
S325080007a0AB89EFCD00F8FF1F30B5044604254FF4302000F0D1F80546042D17D10C48006960
S325080007c040F002000A49086108464461006940F0400008614FF4302000F0BEF80546044818
S325080007e0006941F6FD71084001490861284630BD0020024004200B49C96801F0010109B1CF
S3250800080001200EE00749C96801F0040109B1022007E00449C96801F0100109B1032000E044
S32508000820042070470020024000200449C96901F0020109B1012000E00020704700200240E6
S325080008400148006A70470000002002400348006940F080000149086170470000002002408E
S325080008600549096821F01001034A11601146096801431160704700000020024070B50446C6
S325080008800D460426F00200F067F80646042E11D10948006940F00100074908612580F002F1
S325080008a000F05AF806460448006941F6FE71084001490861304670BD0020024078B50646C8
S325080008c00C46042500200090E80200F045F80546042D24D11348006940F00100114908619F
S325080008e03480E80200F038F80546042D10D1B01C0090200C00990880E80200F02DF80546DC
S325080009000848006941F6FE7108400649086106E00448006941F6FE710840024908612846BF
S3250800092078BD00000020024001460020034A106800F03800084310607047000000200240EA
S325080009400248034948600348486070472301674500200240AB89EFCD00B502460423FFF765
S3250800096049FF034603E0FFF745FF0346521E012B01D1002AF7D102B90523184600BD2DE9FE
S32508000980F041024600250026002000230024002791F803C00CF00F0591F803C00CF0100C37
S325080009a0BCF1000F03D091F802C04CEA050591F800C0BCF1000F31D0146800202BE04FF023
S325080009c0010C0CFA00F3B1F800C00CEA03069E4220D183004FF00F0C0CFA03F7BC4305FAEF
S325080009e003FC4CEA040491F803C0BCF1280F06D14FF0010C0CFA00FCC2F814C00AE091F856
S32508000a0003C0BCF1480F05D14FF0010C0CFA00FCC2F810C0401C0828D1D31460B1F800C046
S32508000a20BCF1FF0F34DD546800202EE000F1080C4FF0010808FA0CF3B1F800C00CEA03063C
S32508000a409E4221D183004FF00F0C0CFA03F7BC4305FA03FC4CEA040491F803C0BCF1280F6E
S32508000a6005D100F1080C08FA0CF8C2F8148091F803C0BCF1480F07D100F1080C4FF00108C4
S32508000a8008FA0CF8C2F81080401C0828CED35460BDE8F081F0B50A4600230024002100257F
S32508000aa000F00046B6F1004F02D11D4EF16901E01B4E7168C0F3034583B200F44016B6F51C
S32508000ac0401F08D121F07061154E766826F07066134F7E6012E000F48016B6F5801F06D1E4
S32508000ae0032606FA05F4A14341F0706106E0460D360103FA06F6B14341F0706122B1460D5B
S32508000b00360103FA06F6314300F00046B6F1004F02D1034EF16101E0014E7160F0BD0000D3
S32508000b2000000140416170470161704710B501214FF4FE7000F0F4FAFFF71AFDFFF704FD7A
S32508000b40FFF7C4FD00F01EFE00F002FA00F024FA10BD00BFFEE770B50025002404250120A1
S32508000b60A840401EC443FFF76BFE2040A04201D0FFF7C6FD70BD00002DE9FF4706460D46C7
S32508000b804FF0000858A103C9CDE9020158A103C9CDE90001C1462878052873D2DFE800F036
S32508000ba0030A305A6700012028700621304601F091F993E000BF4FF400124F49304601F0D2
S32508000bc0E5F8B0B94C4800784D2816D101240AE0494801194FF40012304601F0D7F800B163
S32508000be003E0601CC4B2052CF2DB00BF0220287004E042A1304600F01EF9DCE700BF6DE088
S32508000c00002413E03C48005D02A9095D884201D1781CC7B23848005D1DF80410884203D170
S32508000c2008F1010000F0FF08601CC4B2052CE9DB052F06D1032028701921304601F04AF924
S32508000c4007E0B8F1050F02D10420287001E00120287043E031460020FFF7D4FC0020287081
S32508000c6001222849284800F0DDFB00F027FA00BFB9F1000F07D0B9F1010F0FD0B9F1020FE6
S32508000c8028D121E029E04FF0010900201D49C870087140F6B830FFF7A8FC1CE01948C07876
S32508000ca0012803D017480079012806D14FF002090621304601F00EF905E01521304601F0F1
S32508000cc009F900F0FBF906E031460120FFF79AFC00F0F4F900BF00BFCAE700BF00BF00F09C
S32508000ce02BF9BDE8FF8700004D414A4F520000004D494E4F52000000340000205550475207
S32508000d000000000018000020F0FF01082DE9F0410446002500260427C4F3090020B10120DC
S32508000d2000EB942086B201E0C4F38F26FFF708FE3420FFF7DFFC002507E0094901EB852071
S32508000d40FFF732FD0746681C85B2B54201DA042FF3D00448FFF728FDFFF778FDBDE8F081A8
S32508000d600040000800FC01087FB505460C4600940020ADF80400ADF80600ADF80800ADF8ED
S32508000d800C000C20ADF80A006946284600F084FD002240F22551284600F059FD01212846C2
S32508000da000F0DAFC7FBD000038B5012000900E4800680E490840B0F1005F0BD10A4844684E
S32508000dc00B48046008490868FFF7EFF908480068804708E0FFF7BFFE012000900122694612
S32508000de0044800F033FB38BD004000080000FE2F30000020F0FF010870B505460C462021C6
S32508000e00284600F017FD28B1284600F0B1FD2070012070BD0020FCE770B504460D4629465B
S32508000e20204600F0AAFD00BF8021204600F002FD0028F9D070BD70B505460C4604E0217895
S32508000e402846FFF7E9FF641C20780028F7D170BD70B504460E4EFFF773FD3420FFF74AFC42
S32508000e6000250FE0042202FB05602168FFF726FD56F825002168884202D04FF0FF3070BDF3
S32508000e80241D6D1C042DEDD3FFF7E0FC0020F6E700FC010870B504460D46FFF751FD34205B
S32508000ea0FFF728FC00202049086034E01F4821680068FFF703FD1E49206808601B48006895
S32508000ec000681C4908601948006800682168884216D03420FFF70EFC14480068FFF764FCF7
S32508000ee01348016811480068FFF7E8FC0F48006800680F490968884202D04FF0FF3070BD5E
S32508000f000A480068001D09490860241D06480068001D0549086004480068A842C6D3FFF73B
S32508000f2095FC0020EBE700002000002024000020280000202C00002010B500F001F810BD8D
S32508000f404AF6AA2001490860704700000030004010B50121084600F0E3F801210B48FFF735
S32508000f6099FD02200A490880032088701020C8700848FFF704FD10200549088003208870E5
S32508000f801020C8700348FFF7FAFC10BD00023000000000200008014010B54FF400400749A4
S32508000fa00880032088701020C8700548FFF7E7FC4FF400410248FFF7B7FD10BD000000208D
S32508000fc00008014000BFFEE7704708B54FF4407000F060F805208DF8010025208DF80000F2
S32508000fe000208DF8020001208DF80300684600F019F827208DF8000000208DF80200012050
S325080010008DF80300684600F00DF834208DF8000000208DF8020001208DF80300684600F0D0
S3250800102001F808BD70B5002100230F22C47804B3154C246804F4E064C4F5E064210AC1F154
S325080010400403CA40447804FA03F184781440214309010E4C0678A155047804F01F0501247E
S32508001060AC4005786D11AD0005F1E025C5F8004109E0047804F01F050124AC40044D067878
S32508001080761145F8264070BD0CED00E000E400E080E100E002490143024A1160704700000A
S325080010a00000FA050CED00E0024A0A400243024B1A60704780FFFF1F08ED00E006480068C9
S325080010c000F4E06005490843001D03490860BFF34F8F00BFFEE700000CED00E00000FA0558
S325080010e029B1064A52690243044B5A6104E0034A52698243014B5A617047000000100240ED
S3250800110029B1064AD2690243044BDA6104E0034AD2698243014BDA617047000000100240CC
S3250800112029B1064A92690243044B9A6104E0034A92698243014B9A617047000000100240AC
S325080011402DE9F04100210022002500230026002400278C46DFF86081D8F8048008F00C015B
S3250800116021B1042907D0082959D109E0DFF84C81C0F8008058E0DFF84481C0F8008053E02C
S32508001180DFF83481D8F8048008F47012DFF82881D8F8048008F48035920C0D2A01D0921C0A
S325080011a000E0062235B9DFF8188102FB08F8C0F8008033E0DFF80081D8F82C8008F48036ED
S325080011c0DFF8F480D8F82C8008F00F0808F1010446B9DFF8E880B8FBF4F808FB02F8C0F89B
S325080011e000801BE0DFF8D080D8F82C80C8F3031808F10107DFF8C080D8F82C80C8F3032873
S3250800120008F1020CDFF8B480B8FBF7F808FB0CF8B8FBF4F808FB02F8C0F8008004E0DFF876
S325080012209C80C0F8008000BF00BFDFF88C80D8F8048008F0F0010909DFF8888018F801307C
S32508001240D0F8008028FA03F8C0F80480DFF86880D8F8048008F4E061090ADFF8688018F8AD
S325080012600130D0F8048028FA03F8C0F80880DFF84880D8F8048008F46051C90ADFF8448078
S3250800128018F80130D0F8048028FA03F8C0F80C80DFF82480D8F8048008F44041890BDFF89B
S325080012a0288018F80130D0F80C80B8FBF3F8C0F81080BDE8F08100000010024000127A0009
S325080012c000093D00040000201400002010B501460022002300204A11012A02D1094C2368B8
S325080012e006E0022A02D1074C236A01E0054C636A01F01F02012494401C400CB1012000E0F7
S32508001300002010BD001002400248406800F00C00704700000010024001460020034A50681D
S3250800132020F0F0000843506070470000001002401149096821F480310F4A11601146096878
S3250800134021F480211160B0F5803F03D0B0F5802F0ED106E00849096841F48031064A11609F
S3250800136007E00549096841F4A021034A116000E000BF00BF70470000001002400146002037
S32508001380034A506820F4E06008435060704700000010024001460020034A506820F46050B2
S325080013a040EAC100506070470010024001490866704700000000424202460020044B586811
S325080013c020F4741042EA01031843014B586070470010024001460020034A506820F0030050
S325080013e008435060704700000010024038B5002000900024002500BF3120FFF767FF05463E
S325080014000098401C00900098B0F5A06F01D0002DF2D03120FFF75AFF08B1012400E00024AC
S32508001420204638BD30B503460C461546002207E0184600F008F824F812009B1C501C82B28C
S32508001440AA42F5DB30BD0146088870472DE9F05F80468A461746B8F1006F02D334488045C1
S3250800146001D3BDE8F09FFFF76BFA3420FFF742F9A8F1006B4FEA9B25CBF34809C9F5007438
S32508001480A74200DC3C464DE04FF0006101EB85208A142849FFF7C6FF00260BE009EB0600C4
S325080014a0244931F810004FF6FF71884200D003E0701C86B2A642F1DB00BFA6421BDA4FF0F3
S325080014c0006101EB8520FFF76FF9002608E03AF8160006EB0901174A22F81100701C86B20D
S325080014e0A642F4DB4FF0006101EB85208A14114900F022F804E022465146404600F01CF887
S32508001500A74200D10FE06D1C4FF000090AEB440AA044381B87B2B7F5007F02DD4FF40074CF
S3250800152000E03C46B0E700BFFFF790F900BF98E700000208640400202DE9F04105460E46B0
S325080015401746002407E036F814102846FFF796F9AD1C601C84B2BC42F5DBBDE8F08110B5AC
S3250800156000F002F810BD00000CB50020019000903F48006840F480303D49086000BF3C48A0
S32508001580006800F4003000900198401C0190009818B90198B0F5A06FF1D13548006800F44A
S325080015a0003010B10120009001E000200090009801285CD12F48006840F010002D490860FF
S325080015c00846006820F0030008600846006840F0020008602648406825494860084640685A
S325080015e048600846406840F4806048600846C06A214908401E49C8620846C06A1F4908439D
S325080016001B49C8620846006840F08060086000BF1748006800F000600028F9D01448406835
S3250800162020F47C10124948600846406840F4E81048600846006840F08070086000BF0C48DE
S32508001640006800F000700028F9D00948406820F00300074948600846406840F002004860EF
S3250800166000BF0348406800F00C000828F9D10CBD001002400020024000F0FEFF140801002D
S32508001680704710B54FF000610846FFF70DFD4FF48030FFF74DFEFFF7A9FE0446012C24D195
S325080016a01020FFF7DDF80220FFF73EF90020FFF733FE0020FFF76EFE0020FFF75FFE4FF453
S325080016c0E0112004FFF778FE0120FFF76FFE00BF3920FFF7FBFD0028FAD00220FFF77AFE6F
S325080016e000BFFFF711FE0828FBD110BD10B51648006840F00100144908600846406813497C
S3250800170008401149486008460068114908400E4908600846006820F4802008600846406892
S3250800172020F4FE0048600846006820F0A05008604FF47F0088600020C862FFF710FF4FF08B
S3250800174000600449086010BD001002400000FFF0FFFFF6FE08ED00E021B1828942F400522C
S32508001760828104E082894DF6FF731A40828170471AB1838A0B43838202E0838A8B438382B3
S325080017807047000010B54FF4007026490880032088701820C8702448FFF7F1F84FF480601C
S325080017a0204908800420C8701F48FFF7E8F804201C490880032088701820C8701A48FFF79D
S325080017c0DEF80820174908800420C8701648FFF7D6F84FF48060134908800320887018203D
S325080017e0C8701248FFF7CBF84FF400600D4908800420C8700D48FFF7C2F84FF48060094939
S325080018000880032088701820C8700948FFF7B7F84FF40060034908800420C8700448FFF79C
S32508001820AEF810BD0000002000080140000C01400010014002460020B1F5007F00D100BF03
S3250800184013880B400BB1012000E000207047F0B50346002400260025002040F66A17B942D1
S3250800186000D100BF1846C1F3421401F01F06012707FA06F5012C01D10C3004E0022C01D109
S32508001880103000E014301AB107682F43076002E00768AF430760F0BD2DE9F04786B005469E
S325080018a00E460024A24600BFA1460027B08900B100BF2F462C8A4CF6FF700440F088044365
S325080018c02C82AC894EF6F3100440B08831890843718908430443AC81AC8A4FF6FF40044098
S325080018e0B0890443AC8201A8FFF72AFC1F48874202D1DDF810A001E0DDF80CA0A88900F458
S32508001900004040B10AEBCA0000EB0A1031684900B0FBF1F807E00AEBCA0000EB0A1031680A
S325080019208900B0FBF1F86420B8FBF0F004012009642101FB1089A88900F4004040B1322075
S3250800194000EBC900B0FBF1F000F00700044308E0322000EB09106421B0FBF1F000F00F00AD
S3250800196004432C8106B0BDE8F08700000038014001468888C0F308007047C1F30802828091
S32508001980704710B503460C46194644F4807200BF4900520002F4807000B1491C01F480309E
S325080019a010B141F22100414002F480300028EFD088B210BD00BFFEE7F0B5144A00250024FF
S325080019c0002320E0B1FBF2F6303606F0FF0C2E466D1C00F806C0B1FBF2F602FB16110A2638
S325080019e0B2FBF6F26E1E865D302E01D1012600E000260CB9012700E000273E400EB1002522
S32508001a0000E0641C5B1C0A2BDCD3F0BD00CA9A3B2DE9F04F89B004460F4615464FF0000BDF
S32508001a20002007900690059004900390029081468046089000268246C448056080E14FF4D5
S32508001a400010C34BC34A39460090204600F0B2F90690FFF771FA069810B1012874D143E155
S32508001a604FF00008012C08D1029830B1B8480068002802DD0520FEF7B8FDB5480068B0F14C
S32508001a80FF3F01D0E0B907E01821384600F022FA002009B0BDE8F08F0621384600F01AFA40
S32508001aa04FF0010A00200290AB48006810B90120A9490860012C02D10520FEF796FD11E1DE
S32508001ac0A4484078F1B2884206D01521384600F001FA6FF00400DCE79D480068B0F5806F6B
S32508001ae00CDB4FF4806007909A4890F80404994991F8031440EA012005900AE08020079042
S32508001b00944890F88400934991F8831040EA012005909048C01C0799FEF740FD834605980B
S32508001b2083450AD01821384600F0D4F91821384600F0D0F96FF00300ABE7002E7ED124B9C3
S32508001b4086A08949086005E0D9E0012C02D187A0854908607F48C078002870D000208649C6
S32508001b6008607C48C01C8549086027E07E480068007882490968097888420AD01821384654
S32508001b8000F0A8F91821384600F0A4F96FF005007FE77A4800680178774802680068401C08
S32508001ba0754B18607648815474480068401C734908606D480068401C6B4908606F480068F4
S32508001bc0007818B16C480068FF28CFD900216A4802680068401C684B1860694881540020F9
S32508001be01946086065480068401C644908600FE0624800680178604802680068401C5E4B91
S32508001c001860604881545D480068401C5B4908605A4800680078202803D057480068102870
S32508001c20E6D30021544802680068401C524B186054488154FEF7E0FA474901E02AE021E021
S32508001c40086008460068B0F5003F0ADB1821384600F040F91821384600F03CF94FF0FF3065
S32508001c6017E734B93C480068FFF750F83A48FFF7EFF80621384600F02DF94321384600F055
S32508001c8029F92AE00621384600F024F94FF0010AD14627E004BB2E482E49C91C02682B4882
S32508001ca00068FEF7B6FA384805602948016836480068FFF7EFF850B11821384600F00AF9DC
S32508001cc01821384600F006F96FF00100E1E60621384600F0FFF800E000BF701C86B2012019
S32508001ce0089000BF00BF23E01821384600F0F2F81821384600F0EEF86FF00200C9E60898EF
S32508001d00002803DD08F1010000F0FF08B8F1050F09DD1821384600F0DDF81821384600F0F6
S32508001d20D9F80020B5E64321384600F0D3F800BF00BFBAF1000F02D1B9F1000F00D000E0F8
S32508001d407DE600BF04480068A3E60000400000204C00002064090020500000204D414A4F26
S32508001d60522E62696E000000440000204D494E4F522E62696E000000540000203C0000207C
S32508001d8064080020E90900205800002070B505460E46144607E031462846FFF72DF80128F1
S32508001da001D1002070BD201EA4F10104F3D1401EF8E700002DE9F84F8046894614461D466E
S32508001dc0DDF828B04FF0000A002028605A4669464846FFF7DBFF18B14FF0FF30BDE8F88F47
S32508001de09DF80000182813D006DC012809D0022809D0042821D109E041281BD061281CD165
S32508001e0019E080271CE04FF4806719E00020E5E75A4669464846FFF7B9FF40B99DF80000F0
S32508001e20182804D14FF0FF3028600020D6E74FF0FF30D3E700BF0120D0E74FF0FF30CDE7CB
S32508001e4000BF9DF80000207001262FE0A1195A464846FFF79BFF10B14FF0FF30BEE7B8F165
S32508001e60000F02D14FF0320A04E0B8F1010F01D14FF0640A15480078401CC0B21349087064
S32508001e80504504D102211248FEF74EFE0CE04FEA4A000E490978884206D102210C48FEF7B8
S32508001ea041FE002009490870701C86B2781D8642CCDB6178A07880F0FF00814202D04FF0EF
S32508001ec0FF308BE72F60002088E70000600000200008014070B504460D4629462046FEF7E0
S32508001ee09BFF70BD4FF44070FFF7D4F8FFF7C9FBFEF71CFE00F030F801211248FEF712FEF6
S32508001f0002211148FEF710FE10210F48FEF70AFE01220E490E48FFF785FA11E00B4800889E
S32508001f20012806D100BF0949891C0A48FEF724FE06E072B6FEF738FF012004490880F2E76B
S32508001f40ECE70000000C01400008014018000020F0FF01080044004010B5FFF736F801214B
S32508001f604804FFF7CDF84FF416512348FEF7FCFE00212248FFF7F0FB00212148FFF7ECFB75
S32508001f8000212048FEF724FB002240F224411C48FFF75DFC002240211948FFF7E9FB00214B
S32508001fa00120FFF79DF8002116482838FEF710FB002240F224411448FFF749FC00224021B5
S32508001fc01148FFF7D5FB00210120FFF789F800210E48FEF7FDFA002240F224410748FFF7BA
S32508001fe036FC002240210548FFF7C2FB00210220FFF776F810BD000000440040004C00409A
S325080020000038014058000240004800403004024010B500290AD00878002807D00548784451
S32508002020FEF74AFA002801D0002010BD0248784410BD00003E000000360000006C21000897
S32508002040000000206400000028010008D021000864000020FC0F00004401000810010000D7
S3250800206043000000F8FFFFFF00404040404040404040414141414140404040404040404055
S325080020804040404040404040400502020202020202020202020202020220202020202020EF
S325080020a0202020020202020202029090909090901010101010101010101010101010101044
S325080020c01010101002020202020288888888888808080808080808080808080808080808F6
S325080020e008080808020202024000000000000000000000000000000000000000000000006A
S325080021000000000000000000000000000000000000000000000000000000000000000000B1
S32508002120000000000000000000000000000000000000000000000000000000000000000091
S32508002140000000000000000000000000000000000000000000000000000000000000000071
S3250800216000000000000000000000000000000000000000000102030401020304060708091F
S325080021800204060800000000000000000000000000400008000000000000000000000000D5
S325080021a0000000000000000000000000000000000000000000000000000000000000000011
S325080021c000000000000000000000000000000000FFFFFFFFFFFFFFFFFFFFFFFFFFFFFFFF01
S325080021e0FFFFFFFFFFFFFFFFFFFFFFFFFFFFFFFFFFFFFFFFFFFFFFFFFFFFFFFFFFFFFFFFF1
S32508002200FFFFFFFFFFFFFFFFFFFFFFFFFFFFFFFFFFFFFFFFFFFFFFFFFFFFFFFFFFFFFFFFD0
S32508002220FFFFFFFFFFFFFFFFFFFFFFFFFFFFFFFFFFFFFFFFFFFFFFFFFFFFFFFFFFFFFFFFB0
S32508002240FFFFFFFFFFFFFFFFFFFFFFFFFFFFFFFFFFFFFFFFFFFFFFFFFFFFFFFFFFFFFFFF90
S32508002260FFFFFFFFFFFFFFFFFFFFFFFFFFFFFFFFFFFFFFFFFFFFFFFFFFFFFFFFFFFFFFFF70
S32508002280FFFFFFFFFFFFFFFFFFFFFFFFFFFFFFFFFFFFFFFFFFFFFFFFFFFFFFFFFFFFFFFF50
S325080022a0FFFFFFFFFFFFFFFFFFFFFFFFFFFFFFFFFFFFFFFFFFFFFFFFFFFFFFFFFFFFFFFF30
S325080022c0FFFFFFFFFFFFFFFFFFFFFFFFFFFFFFFFFFFFFFFFFFFFFFFFFFFFFFFFFFFFFFFF10
S325080022e0FFFFFFFFFFFFFFFFFFFFFFFFFFFFFFFFFFFFFFFFFFFFFFFFFFFFFFFFFFFFFFFFF0
S32508002300FFFFFFFFFFFFFFFFFFFFFFFFFFFFFFFFFFFFFFFFFFFFFFFFFFFFFFFFFFFFFFFFCF
S32508002320FFFFFFFFFFFFFFFFFFFFFFFFFFFFFFFFFFFFFFFFFFFFFFFFFFFFFFFFFFFFFFFFAF
S32508002340FFFFFFFFFFFFFFFFFFFFFFFFFFFFFFFFFFFFFFFFFFFFFFFFFFFFFFFFFFFFFFFF8F
S32508002360FFFFFFFFFFFFFFFFFFFFFFFFFFFFFFFFFFFFFFFFFFFFFFFFFFFFFFFFFFFFFFFF6F
S32508002380FFFFFFFFFFFFFFFFFFFFFFFFFFFFFFFFFFFFFFFFFFFFFFFFFFFFFFFFFFFFFFFF4F
S325080023a0FFFFFFFFFFFFFFFFFFFFFFFFFFFFFFFFFFFFFFFFFFFFFFFFFFFFFFFFFFFFFFFF2F
S325080023c0FFFFFFFFFFFFFFFFFFFFFFFFFFFFFFFFFFFFFFFFFFFFFFFFFFFFFFFFFFFFFFFF0F
S325080023e0FFFFFFFFFFFFFFFFFFFFFFFFFFFFFFFFFFFFFFFFFFFFFFFFFFFFFFFFFFFFFFFFEF
S32508002400FFFFFFFFFFFFFFFFFFFFFFFFFFFFFFFFFFFFFFFFFFFFFFFFFFFFFFFFFFFFFFFFCE
S32508002420FFFFFFFFFFFFFFFFFFFFFFFFFFFFFFFFFFFFFFFFFFFFFFFFFFFFFFFFFFFFFFFFAE
S32508002440FFFFFFFFFFFFFFFFFFFFFFFFFFFFFFFFFFFFFFFFFFFFFFFFFFFFFFFFFFFFFFFF8E
S32508002460FFFFFFFFFFFFFFFFFFFFFFFFFFFFFFFFFFFFFFFFFFFFFFFFFFFFFFFFFFFFFFFF6E
S32508002480FFFFFFFFFFFFFFFFFFFFFFFFFFFFFFFFFFFFFFFFFFFFFFFFFFFFFFFFFFFFFFFF4E
S325080024a0FFFFFFFFFFFFFFFFFFFFFFFFFFFFFFFFFFFFFFFFFFFFFFFFFFFFFFFFFFFFFFFF2E
S325080024c0FFFFFFFFFFFFFFFFFFFFFFFFFFFFFFFFFFFFFFFFFFFFFFFFFFFFFFFFFFFFFFFF0E
S325080024e0FFFFFFFFFFFFFFFFFFFFFFFFFFFFFFFFFFFFFFFFFFFFFFFFFFFFFFFFFFFFFFFFEE
S32508002500FFFFFFFFFFFFFFFFFFFFFFFFFFFFFFFFFFFFFFFFFFFFFFFFFFFFFFFFFFFFFFFFCD
S32508002520FFFFFFFFFFFFFFFFFFFFFFFFFFFFFFFFFFFFFFFFFFFFFFFFFFFFFFFFFFFFFFFFAD
S32508002540FFFFFFFFFFFFFFFFFFFFFFFFFFFFFFFFFFFFFFFFFFFFFFFFFFFFFFFFFFFFFFFF8D
S32508002560FFFFFFFFFFFFFFFFFFFFFFFFFFFFFFFFFFFFFFFFFFFFFFFFFFFFFFFFFFFFFFFF6D
S32508002580FFFFFFFFFFFFFFFFFFFFFFFFFFFFFFFFFFFFFFFFFFFFFFFFFFFFFFFFFFFFFFFF4D
S325080025a0FFFFFFFFFFFFFFFFFFFFFFFFFFFFFFFFFFFFFFFFFFFFFFFFFFFFFFFFFFFFFFFF2D
S325080025c0FFFFFFFFFFFFFFFFFFFFFFFFFFFFFFFFFFFFFFFFFFFFFFFFFFFFFFFFFFFFFFFF0D
S325080025e0FFFFFFFFFFFFFFFFFFFFFFFFFFFFFFFFFFFFFFFFFFFFFFFFFFFFFFFFFFFFFFFFED
S32508002600FFFFFFFFFFFFFFFFFFFFFFFFFFFFFFFFFFFFFFFFFFFFFFFFFFFFFFFFFFFFFFFFCC
S32508002620FFFFFFFFFFFFFFFFFFFFFFFFFFFFFFFFFFFFFFFFFFFFFFFFFFFFFFFFFFFFFFFFAC
S32508002640FFFFFFFFFFFFFFFFFFFFFFFFFFFFFFFFFFFFFFFFFFFFFFFFFFFFFFFFFFFFFFFF8C
S32508002660FFFFFFFFFFFFFFFFFFFFFFFFFFFFFFFFFFFFFFFFFFFFFFFFFFFFFFFFFFFFFFFF6C
S32508002680FFFFFFFFFFFFFFFFFFFFFFFFFFFFFFFFFFFFFFFFFFFFFFFFFFFFFFFFFFFFFFFF4C
S325080026a0FFFFFFFFFFFFFFFFFFFFFFFFFFFFFFFFFFFFFFFFFFFFFFFFFFFFFFFFFFFFFFFF2C
S325080026c0FFFFFFFFFFFFFFFFFFFFFFFFFFFFFFFFFFFFFFFFFFFFFFFFFFFFFFFFFFFFFFFF0C
S325080026e0FFFFFFFFFFFFFFFFFFFFFFFFFFFFFFFFFFFFFFFFFFFFFFFFFFFFFFFFFFFFFFFFEC
S32508002700FFFFFFFFFFFFFFFFFFFFFFFFFFFFFFFFFFFFFFFFFFFFFFFFFFFFFFFFFFFFFFFFCB
S32508002720FFFFFFFFFFFFFFFFFFFFFFFFFFFFFFFFFFFFFFFFFFFFFFFFFFFFFFFFFFFFFFFFAB
S32508002740FFFFFFFFFFFFFFFFFFFFFFFFFFFFFFFFFFFFFFFFFFFFFFFFFFFFFFFFFFFFFFFF8B
S32508002760FFFFFFFFFFFFFFFFFFFFFFFFFFFFFFFFFFFFFFFFFFFFFFFFFFFFFFFFFFFFFFFF6B
S32508002780FFFFFFFFFFFFFFFFFFFFFFFFFFFFFFFFFFFFFFFFFFFFFFFFFFFFFFFFFFFFFFFF4B
S325080027a0FFFFFFFFFFFFFFFFFFFFFFFFFFFFFFFFFFFFFFFFFFFFFFFFFFFFFFFFFFFFFFFF2B
S325080027c0FFFFFFFFFFFFFFFFFFFFFFFFFFFFFFFFFFFFFFFFFFFFFFFFFFFFFFFFFFFFFFFF0B
S325080027e0FFFFFFFFFFFFFFFFFFFFFFFFFFFFFFFFFFFFFFFFFFFFFFFFFFFFFFFFFFFFFFFFEB
S32508002800FFFFFFFFFFFFFFFFFFFFFFFFFFFFFFFFFFFFFFFFFFFFFFFFFFFFFFFFFFFFFFFFCA
S32508002820FFFFFFFFFFFFFFFFFFFFFFFFFFFFFFFFFFFFFFFFFFFFFFFFFFFFFFFFFFFFFFFFAA
S32508002840FFFFFFFFFFFFFFFFFFFFFFFFFFFFFFFFFFFFFFFFFFFFFFFFFFFFFFFFFFFFFFFF8A
S32508002860FFFFFFFFFFFFFFFFFFFFFFFFFFFFFFFFFFFFFFFFFFFFFFFFFFFFFFFFFFFFFFFF6A
S32508002880FFFFFFFFFFFFFFFFFFFFFFFFFFFFFFFFFFFFFFFFFFFFFFFFFFFFFFFFFFFFFFFF4A
S325080028a0FFFFFFFFFFFFFFFFFFFFFFFFFFFFFFFFFFFFFFFFFFFFFFFFFFFFFFFFFFFFFFFF2A
S325080028c0FFFFFFFFFFFFFFFFFFFFFFFFFFFFFFFFFFFFFFFFFFFFFFFFFFFFFFFFFFFFFFFF0A
S325080028e0FFFFFFFFFFFFFFFFFFFFFFFFFFFFFFFFFFFFFFFFFFFFFFFFFFFFFFFFFFFFFFFFEA
S32508002900FFFFFFFFFFFFFFFFFFFFFFFFFFFFFFFFFFFFFFFFFFFFFFFFFFFFFFFFFFFFFFFFC9
S32508002920FFFFFFFFFFFFFFFFFFFFFFFFFFFFFFFFFFFFFFFFFFFFFFFFFFFFFFFFFFFFFFFFA9
S32508002940FFFFFFFFFFFFFFFFFFFFFFFFFFFFFFFFFFFFFFFFFFFFFFFFFFFFFFFFFFFFFFFF89
S32508002960FFFFFFFFFFFFFFFFFFFFFFFFFFFFFFFFFFFFFFFFFFFFFFFFFFFFFFFFFFFFFFFF69
S32508002980FFFFFFFFFFFFFFFFFFFFFFFFFFFFFFFFFFFFFFFFFFFFFFFFFFFFFFFFFFFFFFFF49
S325080029a0FFFFFFFFFFFFFFFFFFFFFFFFFFFFFFFFFFFFFFFFFFFFFFFFFFFFFFFFFFFFFFFF29
S325080029c0FFFFFFFFFFFFFFFFFFFFFFFFFFFFFFFFFFFFFFFFFFFFFFFFFFFFFFFFFFFFFFFF09
S325080029e0FFFFFFFFFFFFFFFFFFFFFFFFFFFFFFFFFFFFFFFFFFFFFFFFFFFFFFFFFFFFFFFFE9
S32508002a00FFFFFFFFFFFFFFFFFFFFFFFFFFFFFFFFFFFFFFFFFFFFFFFFFFFFFFFFFFFFFFFFC8
S32508002a20FFFFFFFFFFFFFFFFFFFFFFFFFFFFFFFFFFFFFFFFFFFFFFFFFFFFFFFFFFFFFFFFA8
S32508002a40FFFFFFFFFFFFFFFFFFFFFFFFFFFFFFFFFFFFFFFFFFFFFFFFFFFFFFFFFFFFFFFF88
S32508002a60FFFFFFFFFFFFFFFFFFFFFFFFFFFFFFFFFFFFFFFFFFFFFFFFFFFFFFFFFFFFFFFF68
S32508002a80FFFFFFFFFFFFFFFFFFFFFFFFFFFFFFFFFFFFFFFFFFFFFFFFFFFFFFFFFFFFFFFF48
S32508002aa0FFFFFFFFFFFFFFFFFFFFFFFFFFFFFFFFFFFFFFFFFFFFFFFFFFFFFFFFFFFFFFFF28
S32508002ac0FFFFFFFFFFFFFFFFFFFFFFFFFFFFFFFFFFFFFFFFFFFFFFFFFFFFFFFFFFFFFFFF08
S32508002ae0FFFFFFFFFFFFFFFFFFFFFFFFFFFFFFFFFFFFFFFFFFFFFFFFFFFFFFFFFFFFFFFFE8
S32508002b00FFFFFFFFFFFFFFFFFFFFFFFFFFFFFFFFFFFFFFFFFFFFFFFFFFFFFFFFFFFFFFFFC7
S32508002b20FFFFFFFFFFFFFFFFFFFFFFFFFFFFFFFFFFFFFFFFFFFFFFFFFFFFFFFFFFFFFFFFA7
S32508002b40FFFFFFFFFFFFFFFFFFFFFFFFFFFFFFFFFFFFFFFFFFFFFFFFFFFFFFFFFFFFFFFF87
S32508002b60FFFFFFFFFFFFFFFFFFFFFFFFFFFFFFFFFFFFFFFFFFFFFFFFFFFFFFFFFFFFFFFF67
S32508002b80FFFFFFFFFFFFFFFFFFFFFFFFFFFFFFFFFFFFFFFFFFFFFFFFFFFFFFFFFFFFFFFF47
S32508002ba0FFFFFFFFFFFFFFFFFFFFFFFFFFFFFFFFFFFFFFFFFFFFFFFFFFFFFFFFFFFFFFFF27
S32508002bc0FFFFFFFFFFFFFFFFFFFFFFFFFFFFFFFFFFFFFFFFFFFFFFFFFFFFFFFFFFFFFFFF07
S32508002be0FFFFFFFFFFFFFFFFFFFFFFFFFFFFFFFFFFFFFFFFFFFFFFFFFFFFFFFFFFFFFFFFE7
S32508002c00FFFFFFFFFFFFFFFFFFFFFFFFFFFFFFFFFFFFFFFFFFFFFFFFFFFFFFFFFFFFFFFFC6
S32508002c20FFFFFFFFFFFFFFFFFFFFFFFFFFFFFFFFFFFFFFFFFFFFFFFFFFFFFFFFFFFFFFFFA6
S32508002c40FFFFFFFFFFFFFFFFFFFFFFFFFFFFFFFFFFFFFFFFFFFFFFFFFFFFFFFFFFFFFFFF86
S32508002c60FFFFFFFFFFFFFFFFFFFFFFFFFFFFFFFFFFFFFFFFFFFFFFFFFFFFFFFFFFFFFFFF66
S32508002c80FFFFFFFFFFFFFFFFFFFFFFFFFFFFFFFFFFFFFFFFFFFFFFFFFFFFFFFFFFFFFFFF46
S32508002ca0FFFFFFFFFFFFFFFFFFFFFFFFFFFFFFFFFFFFFFFFFFFFFFFFFFFFFFFFFFFFFFFF26
S32508002cc0FFFFFFFFFFFFFFFFFFFFFFFFFFFFFFFFFFFFFFFFFFFFFFFFFFFFFFFFFFFFFFFF06
S32508002ce0FFFFFFFFFFFFFFFFFFFFFFFFFFFFFFFFFFFFFFFFFFFFFFFFFFFFFFFFFFFFFFFFE6
S32508002d00FFFFFFFFFFFFFFFFFFFFFFFFFFFFFFFFFFFFFFFFFFFFFFFFFFFFFFFFFFFFFFFFC5
S32508002d20FFFFFFFFFFFFFFFFFFFFFFFFFFFFFFFFFFFFFFFFFFFFFFFFFFFFFFFFFFFFFFFFA5
S32508002d40FFFFFFFFFFFFFFFFFFFFFFFFFFFFFFFFFFFFFFFFFFFFFFFFFFFFFFFFFFFFFFFF85
S32508002d60FFFFFFFFFFFFFFFFFFFFFFFFFFFFFFFFFFFFFFFFFFFFFFFFFFFFFFFFFFFFFFFF65
S32508002d80FFFFFFFFFFFFFFFFFFFFFFFFFFFFFFFFFFFFFFFFFFFFFFFFFFFFFFFFFFFFFFFF45
S32508002da0FFFFFFFFFFFFFFFFFFFFFFFFFFFFFFFFFFFFFFFFFFFFFFFFFFFFFFFFFFFFFFFF25
S32508002dc0FFFFFFFFFFFFFFFFFFFFFFFFFFFFFFFFFFFFFFFFFFFFFFFFFFFFFFFFFFFFFFFF05
S32508002de0FFFFFFFFFFFFFFFFFFFFFFFFFFFFFFFFFFFFFFFFFFFFFFFFFFFFFFFFFFFFFFFFE5
S32508002e00FFFFFFFFFFFFFFFFFFFFFFFFFFFFFFFFFFFFFFFFFFFFFFFFFFFFFFFFFFFFFFFFC4
S32508002e20FFFFFFFFFFFFFFFFFFFFFFFFFFFFFFFFFFFFFFFFFFFFFFFFFFFFFFFFFFFFFFFFA4
S32508002e40FFFFFFFFFFFFFFFFFFFFFFFFFFFFFFFFFFFFFFFFFFFFFFFFFFFFFFFFFFFFFFFF84
S32508002e60FFFFFFFFFFFFFFFFFFFFFFFFFFFFFFFFFFFFFFFFFFFFFFFFFFFFFFFFFFFFFFFF64
S32508002e80FFFFFFFFFFFFFFFFFFFFFFFFFFFFFFFFFFFFFFFFFFFFFFFFFFFFFFFFFFFFFFFF44
S32508002ea0FFFFFFFFFFFFFFFFFFFFFFFFFFFFFFFFFFFFFFFFFFFFFFFFFFFFFFFFFFFFFFFF24
S32508002ec0FFFFFFFFFFFFFFFFFFFFFFFFFFFFFFFFFFFFFFFFFFFFFFFFFFFFFFFFFFFFFFFF04
S32508002ee0FFFFFFFFFFFFFFFFFFFFFFFFFFFFFFFFFFFFFFFFFFFFFFFFFFFFFFFFFFFFFFFFE4
S32508002f00FFFFFFFFFFFFFFFFFFFFFFFFFFFFFFFFFFFFFFFFFFFFFFFFFFFFFFFFFFFFFFFFC3
S32508002f20FFFFFFFFFFFFFFFFFFFFFFFFFFFFFFFFFFFFFFFFFFFFFFFFFFFFFFFFFFFFFFFFA3
S32508002f40FFFFFFFFFFFFFFFFFFFFFFFFFFFFFFFFFFFFFFFFFFFFFFFFFFFFFFFFFFFFFFFF83
S32508002f60FFFFFFFFFFFFFFFFFFFFFFFFFFFFFFFFFFFFFFFFFFFFFFFFFFFFFFFFFFFFFFFF63
S32508002f80FFFFFFFFFFFFFFFFFFFFFFFFFFFFFFFFFFFFFFFFFFFFFFFFFFFFFFFFFFFFFFFF43
S32508002fa0FFFFFFFFFFFFFFFFFFFFFFFFFFFFFFFFFFFFFFFFFFFFFFFFFFFFFFFFFFFFFFFF23
S32508002fc0FFFFFFFFFFFFFFFFFFFFFFFFFFFFFFFFFFFFFFFFFFFFFFFFFFFFFFFFFFFFFFFF03
S32508002fe0FFFFFFFFFFFFFFFFFFFFFFFFFFFFFFFFFFFFFFFFFFFFFFFFFFFFFFFFFFFFFFFFE3
S32508003000FFFFFFFFFFFFFFFFFFFFFFFFFFFFFFFFFFFFFFFFFFFFFFFFFFFFFFFFFFFFFFFFC2
S32508003020FFFFFFFFFFFFFFFFFFFFFFFFFFFFFFFFFFFFFFFFFFFFFFFFFFFFFFFFFFFFFFFFA2
S32508003040FFFFFFFFFFFFFFFFFFFFFFFFFFFFFFFFFFFFFFFFFFFFFFFFFFFFFFFFFFFFFFFF82
S32508003060FFFFFFFFFFFFFFFFFFFFFFFFFFFFFFFFFFFFFFFFFFFFFFFFFFFFFFFFFFFFFFFF62
S32508003080FFFFFFFFFFFFFFFFFFFFFFFFFFFFFFFFFFFFFFFFFFFFFFFFFFFFFFFFFFFFFFFF42
S325080030a0FFFFFFFFFFFFFFFFFFFFFFFFFFFFFFFFFFFFFFFFFFFFFFFFFFFFFFFFFFFFFFFF22
S325080030c0FFFFFFFFFFFFFFFFFFFFFFFFFFFFFFFFFFFFFFFFFFFFFFFFFFFFFFFFFFFFFFFF02
S325080030e0FFFFFFFFFFFFFFFFFFFFFFFFFFFFFFFFFFFFFFFFFFFFFFFFFFFFFFFFFFFFFFFFE2
S32508003100FFFFFFFFFFFFFFFFFFFFFFFFFFFFFFFFFFFFFFFFFFFFFFFFFFFFFFFFFFFFFFFFC1
S32508003120FFFFFFFFFFFFFFFFFFFFFFFFFFFFFFFFFFFFFFFFFFFFFFFFFFFFFFFFFFFFFFFFA1
S32508003140FFFFFFFFFFFFFFFFFFFFFFFFFFFFFFFFFFFFFFFFFFFFFFFFFFFFFFFFFFFFFFFF81
S32508003160FFFFFFFFFFFFFFFFFFFFFFFFFFFFFFFFFFFFFFFFFFFFFFFFFFFFFFFFFFFFFFFF61
S32508003180FFFFFFFFFFFFFFFFFFFFFFFFFFFFFFFFFFFFFFFFFFFFFFFFFFFFFFFFFFFFFFFF41
S325080031a0FFFFFFFFFFFFFFFFFFFFFFFFFFFFFFFFFFFFFFFFFFFFFFFFFFFFFFFFFFFFFFFF21
S325080031c0FFFFFFFFFFFFFFFFFFFFFFFFFFFFFFFFFFFFFFFFFFFFFFFFFFFFFFFFFFFFFFFF01
S325080031e0FFFFFFFFFFFFFFFFFFFFFFFFFFFFFFFFFFFFFFFFFFFFFFFFFFFFFFFFFFFFFFFFE1
S32508003200FFFFFFFFFFFFFFFFFFFFFFFFFFFFFFFFFFFFFFFFFFFFFFFFFFFFFFFFFFFFFFFFC0
S32508003220FFFFFFFFFFFFFFFFFFFFFFFFFFFFFFFFFFFFFFFFFFFFFFFFFFFFFFFFFFFFFFFFA0
S32508003240FFFFFFFFFFFFFFFFFFFFFFFFFFFFFFFFFFFFFFFFFFFFFFFFFFFFFFFFFFFFFFFF80
S32508003260FFFFFFFFFFFFFFFFFFFFFFFFFFFFFFFFFFFFFFFFFFFFFFFFFFFFFFFFFFFFFFFF60
S32508003280FFFFFFFFFFFFFFFFFFFFFFFFFFFFFFFFFFFFFFFFFFFFFFFFFFFFFFFFFFFFFFFF40
S325080032a0FFFFFFFFFFFFFFFFFFFFFFFFFFFFFFFFFFFFFFFFFFFFFFFFFFFFFFFFFFFFFFFF20
S325080032c0FFFFFFFFFFFFFFFFFFFFFFFFFFFFFFFFFFFFFFFFFFFFFFFFFFFFFFFFFFFFFFFF00
S325080032e0FFFFFFFFFFFFFFFFFFFFFFFFFFFFFFFFFFFFFFFFFFFFFFFFFFFFFFFFFFFFFFFFE0
S32508003300FFFFFFFFFFFFFFFFFFFFFFFFFFFFFFFFFFFFFFFFFFFFFFFFFFFFFFFFFFFFFFFFBF
S32508003320FFFFFFFFFFFFFFFFFFFFFFFFFFFFFFFFFFFFFFFFFFFFFFFFFFFFFFFFFFFFFFFF9F
S32508003340FFFFFFFFFFFFFFFFFFFFFFFFFFFFFFFFFFFFFFFFFFFFFFFFFFFFFFFFFFFFFFFF7F
S32508003360FFFFFFFFFFFFFFFFFFFFFFFFFFFFFFFFFFFFFFFFFFFFFFFFFFFFFFFFFFFFFFFF5F
S32508003380FFFFFFFFFFFFFFFFFFFFFFFFFFFFFFFFFFFFFFFFFFFFFFFFFFFFFFFFFFFFFFFF3F
S325080033a0FFFFFFFFFFFFFFFFFFFFFFFFFFFFFFFFFFFFFFFFFFFFFFFFFFFFFFFFFFFFFFFF1F
S325080033c0FFFFFFFFFFFFFFFFFFFFFFFFFFFFFFFFFFFFFFFFFFFFFFFFFFFFFFFFFFFFFFFFFF
S325080033e0FFFFFFFFFFFFFFFFFFFFFFFFFFFFFFFFFFFFFFFFFFFFFFFFFFFFFFFFFFFFFFFFDF
S32508003400FFFFFFFFFFFFFFFFFFFFFFFFFFFFFFFFFFFFFFFFFFFFFFFFFFFFFFFFFFFFFFFFBE
S32508003420FFFFFFFFFFFFFFFFFFFFFFFFFFFFFFFFFFFFFFFFFFFFFFFFFFFFFFFFFFFFFFFF9E
S32508003440FFFFFFFFFFFFFFFFFFFFFFFFFFFFFFFFFFFFFFFFFFFFFFFFFFFFFFFFFFFFFFFF7E
S32508003460FFFFFFFFFFFFFFFFFFFFFFFFFFFFFFFFFFFFFFFFFFFFFFFFFFFFFFFFFFFFFFFF5E
S32508003480FFFFFFFFFFFFFFFFFFFFFFFFFFFFFFFFFFFFFFFFFFFFFFFFFFFFFFFFFFFFFFFF3E
S325080034a0FFFFFFFFFFFFFFFFFFFFFFFFFFFFFFFFFFFFFFFFFFFFFFFFFFFFFFFFFFFFFFFF1E
S325080034c0FFFFFFFFFFFFFFFFFFFFFFFFFFFFFFFFFFFFFFFFFFFFFFFFFFFFFFFFFFFFFFFFFE
S325080034e0FFFFFFFFFFFFFFFFFFFFFFFFFFFFFFFFFFFFFFFFFFFFFFFFFFFFFFFFFFFFFFFFDE
S32508003500FFFFFFFFFFFFFFFFFFFFFFFFFFFFFFFFFFFFFFFFFFFFFFFFFFFFFFFFFFFFFFFFBD
S32508003520FFFFFFFFFFFFFFFFFFFFFFFFFFFFFFFFFFFFFFFFFFFFFFFFFFFFFFFFFFFFFFFF9D
S32508003540FFFFFFFFFFFFFFFFFFFFFFFFFFFFFFFFFFFFFFFFFFFFFFFFFFFFFFFFFFFFFFFF7D
S32508003560FFFFFFFFFFFFFFFFFFFFFFFFFFFFFFFFFFFFFFFFFFFFFFFFFFFFFFFFFFFFFFFF5D
S32508003580FFFFFFFFFFFFFFFFFFFFFFFFFFFFFFFFFFFFFFFFFFFFFFFFFFFFFFFFFFFFFFFF3D
S325080035a0FFFFFFFFFFFFFFFFFFFFFFFFFFFFFFFFFFFFFFFFFFFFFFFFFFFFFFFFFFFFFFFF1D
S325080035c0FFFFFFFFFFFFFFFFFFFFFFFFFFFFFFFFFFFFFFFFFFFFFFFFFFFFFFFFFFFFFFFFFD
S325080035e0FFFFFFFFFFFFFFFFFFFFFFFFFFFFFFFFFFFFFFFFFFFFFFFFFFFFFFFFFFFFFFFFDD
S32508003600FFFFFFFFFFFFFFFFFFFFFFFFFFFFFFFFFFFFFFFFFFFFFFFFFFFFFFFFFFFFFFFFBC
S32508003620FFFFFFFFFFFFFFFFFFFFFFFFFFFFFFFFFFFFFFFFFFFFFFFFFFFFFFFFFFFFFFFF9C
S32508003640FFFFFFFFFFFFFFFFFFFFFFFFFFFFFFFFFFFFFFFFFFFFFFFFFFFFFFFFFFFFFFFF7C
S32508003660FFFFFFFFFFFFFFFFFFFFFFFFFFFFFFFFFFFFFFFFFFFFFFFFFFFFFFFFFFFFFFFF5C
S32508003680FFFFFFFFFFFFFFFFFFFFFFFFFFFFFFFFFFFFFFFFFFFFFFFFFFFFFFFFFFFFFFFF3C
S325080036a0FFFFFFFFFFFFFFFFFFFFFFFFFFFFFFFFFFFFFFFFFFFFFFFFFFFFFFFFFFFFFFFF1C
S325080036c0FFFFFFFFFFFFFFFFFFFFFFFFFFFFFFFFFFFFFFFFFFFFFFFFFFFFFFFFFFFFFFFFFC
S325080036e0FFFFFFFFFFFFFFFFFFFFFFFFFFFFFFFFFFFFFFFFFFFFFFFFFFFFFFFFFFFFFFFFDC
S32508003700FFFFFFFFFFFFFFFFFFFFFFFFFFFFFFFFFFFFFFFFFFFFFFFFFFFFFFFFFFFFFFFFBB
S32508003720FFFFFFFFFFFFFFFFFFFFFFFFFFFFFFFFFFFFFFFFFFFFFFFFFFFFFFFFFFFFFFFF9B
S32508003740FFFFFFFFFFFFFFFFFFFFFFFFFFFFFFFFFFFFFFFFFFFFFFFFFFFFFFFFFFFFFFFF7B
S32508003760FFFFFFFFFFFFFFFFFFFFFFFFFFFFFFFFFFFFFFFFFFFFFFFFFFFFFFFFFFFFFFFF5B
S32508003780FFFFFFFFFFFFFFFFFFFFFFFFFFFFFFFFFFFFFFFFFFFFFFFFFFFFFFFFFFFFFFFF3B
S325080037a0FFFFFFFFFFFFFFFFFFFFFFFFFFFFFFFFFFFFFFFFFFFFFFFFFFFFFFFFFFFFFFFF1B
S325080037c0FFFFFFFFFFFFFFFFFFFFFFFFFFFFFFFFFFFFFFFFFFFFFFFFFFFFFFFFFFFFFFFFFB
S325080037e0FFFFFFFFFFFFFFFFFFFFFFFFFFFFFFFFFFFFFFFFFFFFFFFFFFFFFFFFFFFFFFFFDB
S32508003800FFFFFFFFFFFFFFFFFFFFFFFFFFFFFFFFFFFFFFFFFFFFFFFFFFFFFFFFFFFFFFFFBA
S32508003820FFFFFFFFFFFFFFFFFFFFFFFFFFFFFFFFFFFFFFFFFFFFFFFFFFFFFFFFFFFFFFFF9A
S32508003840FFFFFFFFFFFFFFFFFFFFFFFFFFFFFFFFFFFFFFFFFFFFFFFFFFFFFFFFFFFFFFFF7A
S32508003860FFFFFFFFFFFFFFFFFFFFFFFFFFFFFFFFFFFFFFFFFFFFFFFFFFFFFFFFFFFFFFFF5A
S32508003880FFFFFFFFFFFFFFFFFFFFFFFFFFFFFFFFFFFFFFFFFFFFFFFFFFFFFFFFFFFFFFFF3A
S325080038a0FFFFFFFFFFFFFFFFFFFFFFFFFFFFFFFFFFFFFFFFFFFFFFFFFFFFFFFFFFFFFFFF1A
S325080038c0FFFFFFFFFFFFFFFFFFFFFFFFFFFFFFFFFFFFFFFFFFFFFFFFFFFFFFFFFFFFFFFFFA
S325080038e0FFFFFFFFFFFFFFFFFFFFFFFFFFFFFFFFFFFFFFFFFFFFFFFFFFFFFFFFFFFFFFFFDA
S32508003900FFFFFFFFFFFFFFFFFFFFFFFFFFFFFFFFFFFFFFFFFFFFFFFFFFFFFFFFFFFFFFFFB9
S32508003920FFFFFFFFFFFFFFFFFFFFFFFFFFFFFFFFFFFFFFFFFFFFFFFFFFFFFFFFFFFFFFFF99
S32508003940FFFFFFFFFFFFFFFFFFFFFFFFFFFFFFFFFFFFFFFFFFFFFFFFFFFFFFFFFFFFFFFF79
S32508003960FFFFFFFFFFFFFFFFFFFFFFFFFFFFFFFFFFFFFFFFFFFFFFFFFFFFFFFFFFFFFFFF59
S32508003980FFFFFFFFFFFFFFFFFFFFFFFFFFFFFFFFFFFFFFFFFFFFFFFFFFFFFFFFFFFFFFFF39
S325080039a0FFFFFFFFFFFFFFFFFFFFFFFFFFFFFFFFFFFFFFFFFFFFFFFFFFFFFFFFFFFFFFFF19
S325080039c0FFFFFFFFFFFFFFFFFFFFFFFFFFFFFFFFFFFFFFFFFFFFFFFFFFFFFFFFFFFFFFFFF9
S325080039e0FFFFFFFFFFFFFFFFFFFFFFFFFFFFFFFFFFFFFFFFFFFFFFFFFFFFFFFFFFFFFFFFD9
S32508003a00FFFFFFFFFFFFFFFFFFFFFFFFFFFFFFFFFFFFFFFFFFFFFFFFFFFFFFFFFFFFFFFFB8
S32508003a20FFFFFFFFFFFFFFFFFFFFFFFFFFFFFFFFFFFFFFFFFFFFFFFFFFFFFFFFFFFFFFFF98
S32508003a40FFFFFFFFFFFFFFFFFFFFFFFFFFFFFFFFFFFFFFFFFFFFFFFFFFFFFFFFFFFFFFFF78
S32508003a60FFFFFFFFFFFFFFFFFFFFFFFFFFFFFFFFFFFFFFFFFFFFFFFFFFFFFFFFFFFFFFFF58
S32508003a80FFFFFFFFFFFFFFFFFFFFFFFFFFFFFFFFFFFFFFFFFFFFFFFFFFFFFFFFFFFFFFFF38
S32508003aa0FFFFFFFFFFFFFFFFFFFFFFFFFFFFFFFFFFFFFFFFFFFFFFFFFFFFFFFFFFFFFFFF18
S32508003ac0FFFFFFFFFFFFFFFFFFFFFFFFFFFFFFFFFFFFFFFFFFFFFFFFFFFFFFFFFFFFFFFFF8
S32508003ae0FFFFFFFFFFFFFFFFFFFFFFFFFFFFFFFFFFFFFFFFFFFFFFFFFFFFFFFFFFFFFFFFD8
S32508003b00FFFFFFFFFFFFFFFFFFFFFFFFFFFFFFFFFFFFFFFFFFFFFFFFFFFFFFFFFFFFFFFFB7
S32508003b20FFFFFFFFFFFFFFFFFFFFFFFFFFFFFFFFFFFFFFFFFFFFFFFFFFFFFFFFFFFFFFFF97
S32508003b40FFFFFFFFFFFFFFFFFFFFFFFFFFFFFFFFFFFFFFFFFFFFFFFFFFFFFFFFFFFFFFFF77
S32508003b60FFFFFFFFFFFFFFFFFFFFFFFFFFFFFFFFFFFFFFFFFFFFFFFFFFFFFFFFFFFFFFFF57
S32508003b80FFFFFFFFFFFFFFFFFFFFFFFFFFFFFFFFFFFFFFFFFFFFFFFFFFFFFFFFFFFFFFFF37
S32508003ba0FFFFFFFFFFFFFFFFFFFFFFFFFFFFFFFFFFFFFFFFFFFFFFFFFFFFFFFFFFFFFFFF17
S32508003bc0FFFFFFFFFFFFFFFFFFFFFFFFFFFFFFFFFFFFFFFFFFFFFFFFFFFFFFFFFFFFFFFFF7
S32508003be0FFFFFFFFFFFFFFFFFFFFFFFFFFFFFFFFFFFFFFFFFFFFFFFFFFFFFFFFFFFFFFFFD7
S32508003c00FFFFFFFFFFFFFFFFFFFFFFFFFFFFFFFFFFFFFFFFFFFFFFFFFFFFFFFFFFFFFFFFB6
S32508003c20FFFFFFFFFFFFFFFFFFFFFFFFFFFFFFFFFFFFFFFFFFFFFFFFFFFFFFFFFFFFFFFF96
S32508003c40FFFFFFFFFFFFFFFFFFFFFFFFFFFFFFFFFFFFFFFFFFFFFFFFFFFFFFFFFFFFFFFF76
S32508003c60FFFFFFFFFFFFFFFFFFFFFFFFFFFFFFFFFFFFFFFFFFFFFFFFFFFFFFFFFFFFFFFF56
S32508003c80FFFFFFFFFFFFFFFFFFFFFFFFFFFFFFFFFFFFFFFFFFFFFFFFFFFFFFFFFFFFFFFF36
S32508003ca0FFFFFFFFFFFFFFFFFFFFFFFFFFFFFFFFFFFFFFFFFFFFFFFFFFFFFFFFFFFFFFFF16
S32508003cc0FFFFFFFFFFFFFFFFFFFFFFFFFFFFFFFFFFFFFFFFFFFFFFFFFFFFFFFFFFFFFFFFF6
S32508003ce0FFFFFFFFFFFFFFFFFFFFFFFFFFFFFFFFFFFFFFFFFFFFFFFFFFFFFFFFFFFFFFFFD6
S32508003d00FFFFFFFFFFFFFFFFFFFFFFFFFFFFFFFFFFFFFFFFFFFFFFFFFFFFFFFFFFFFFFFFB5
S32508003d20FFFFFFFFFFFFFFFFFFFFFFFFFFFFFFFFFFFFFFFFFFFFFFFFFFFFFFFFFFFFFFFF95
S32508003d40FFFFFFFFFFFFFFFFFFFFFFFFFFFFFFFFFFFFFFFFFFFFFFFFFFFFFFFFFFFFFFFF75
S32508003d60FFFFFFFFFFFFFFFFFFFFFFFFFFFFFFFFFFFFFFFFFFFFFFFFFFFFFFFFFFFFFFFF55
S32508003d80FFFFFFFFFFFFFFFFFFFFFFFFFFFFFFFFFFFFFFFFFFFFFFFFFFFFFFFFFFFFFFFF35
S32508003da0FFFFFFFFFFFFFFFFFFFFFFFFFFFFFFFFFFFFFFFFFFFFFFFFFFFFFFFFFFFFFFFF15
S32508003dc0FFFFFFFFFFFFFFFFFFFFFFFFFFFFFFFFFFFFFFFFFFFFFFFFFFFFFFFFFFFFFFFFF5
S32508003de0FFFFFFFFFFFFFFFFFFFFFFFFFFFFFFFFFFFFFFFFFFFFFFFFFFFFFFFFFFFFFFFFD5
S32508003e00FFFFFFFFFFFFFFFFFFFFFFFFFFFFFFFFFFFFFFFFFFFFFFFFFFFFFFFFFFFFFFFFB4
S32508003e20FFFFFFFFFFFFFFFFFFFFFFFFFFFFFFFFFFFFFFFFFFFFFFFFFFFFFFFFFFFFFFFF94
S32508003e40FFFFFFFFFFFFFFFFFFFFFFFFFFFFFFFFFFFFFFFFFFFFFFFFFFFFFFFFFFFFFFFF74
S32508003e60FFFFFFFFFFFFFFFFFFFFFFFFFFFFFFFFFFFFFFFFFFFFFFFFFFFFFFFFFFFFFFFF54
S32508003e80FFFFFFFFFFFFFFFFFFFFFFFFFFFFFFFFFFFFFFFFFFFFFFFFFFFFFFFFFFFFFFFF34
S32508003ea0FFFFFFFFFFFFFFFFFFFFFFFFFFFFFFFFFFFFFFFFFFFFFFFFFFFFFFFFFFFFFFFF14
S32508003ec0FFFFFFFFFFFFFFFFFFFFFFFFFFFFFFFFFFFFFFFFFFFFFFFFFFFFFFFFFFFFFFFFF4
S32508003ee0FFFFFFFFFFFFFFFFFFFFFFFFFFFFFFFFFFFFFFFFFFFFFFFFFFFFFFFFFFFFFFFFD4
S32508003f00FFFFFFFFFFFFFFFFFFFFFFFFFFFFFFFFFFFFFFFFFFFFFFFFFFFFFFFFFFFFFFFFB3
S32508003f20FFFFFFFFFFFFFFFFFFFFFFFFFFFFFFFFFFFFFFFFFFFFFFFFFFFFFFFFFFFFFFFF93
S32508003f40FFFFFFFFFFFFFFFFFFFFFFFFFFFFFFFFFFFFFFFFFFFFFFFFFFFFFFFFFFFFFFFF73
S32508003f60FFFFFFFFFFFFFFFFFFFFFFFFFFFFFFFFFFFFFFFFFFFFFFFFFFFFFFFFFFFFFFFF53
S32508003f80FFFFFFFFFFFFFFFFFFFFFFFFFFFFFFFFFFFFFFFFFFFFFFFFFFFFFFFFFFFFFFFF33
S32508003fa0FFFFFFFFFFFFFFFFFFFFFFFFFFFFFFFFFFFFFFFFFFFFFFFFFFFFFFFFFFFFFFFF13
S32508003fc0FFFFFFFFFFFFFFFFFFFFFFFFFFFFFFFFFFFFFFFFFFFFFFFFFFFFFFFFFFFFFFFFF3
S32508003fe0FFFFFFFFFFFFFFFFFFFFFFFFFFFFFFFFFFFFFFFFFFFFFFFFFFFFFFFFFFFFFFFFD3
S32508004000C408002021D7000865D70008E942000865D7000865D7000865D700080000000063
S3250800402000000000000000000000000065D7000865D70008000000006F420008F1DA00085E
S3250800404065D7000865D7000865D7000865D7000865D7000865D7000839DF00084DDF000866
S3250800406061DF000875DF000889DF000865D7000865D7000865D7000865D7000865D70008CA
S3250800408065D7000865D7000865D7000865D7000865D7000865D7000865D700089DDF0008B2
S325080040a065D7000865D7000865D7000865D7000865D7000865D7000865D7000865D70008D2
S325080040c065D7000865D7000865D7000865D7000865D700082DEB000845EB00085DEB0008D6
S325080040e0CDDF000865D7000865D70008000000000000000000000000000000000000000076
S32508004100000000000000000065D7000865D7000875EB00088DEB000865D7000865D7000899
S3250800412065D7000865D7000865D7000865D7000865D70008000000000000000065D70008D9
S3250800414065D7000865D7000865D7000865D700080000000000000000000000000000000041
S32508004160000000000000000000000000000000000000000000000000000000000000000031
S32508004180000000000000000000000000000000000000000000000000000000000000000011
S325080041a00000000000000000000000000000000000000000000000000000000000000000F1
S325080041c00000000000000000000000000000000000000000000000000000000000000000D1
S325080041e05FF8E0F110B5054C237833B9044B13B10448AFF300800123237010BDC8080020F7
S3250800420000000000DC710108084B10B51BB108490848AFF300800848036803B910BD074BFD
S32508004220002BFBD0BDE81040184700BF00000000CC080020DC710108C40400200000000035
S32508004240EFF3108072B6704780F310887047354A1368012B04D04FF001031360324A1060A1
S32508004260324A116032484FF0805101607047EFF3108272B62B48016891B14FF00001016046
S325080042802948016829B1EFF3098121E9F00F00680160264909680968B1E8F00F81F3098830
S325080042a082F310884EF0040E7047204908601E494FF0000008601B494FF0010008601D488C
S325080042c01D49D0F8002041EA0201016018484FF08051016019480068006800BF80F308882F
S325080042e061B662B6704700BFEFF308801EF0040F01D0EFF3098020E9F00F40F804ED1EF005
S32508004300040F02D080F3098801E080F3088800B503F02CFA5DF804EB4EF0040E7047EFF3C7
S3250800432005807047FC250020F8250020F425002004ED00E020ED00E00000FFFF08ED00E0EB
S3250800434010F8012B11F8013B012A28BF9A42F7D0D01A7047034613F8012B002AFBD1181AD8
S325080043600138704781F0004102E000BF83F0004330B54FEA41044FEA430594EA050F08BFF9
S3250800438090EA020F1FBF54EA000C55EA020C7FEA645C7FEA655C00F0E2804FEA5454D4EBCA
S325080043a05555B8BF6D420CDD2C4480EA020281EA030382EA000083EA010180EA020281EA33
S325080043c00303362D88BF30BD11F0004F4FEA01314FF4801C4CEA113102D0404261EB41013E
S325080043e013F0004F4FEA03334CEA133302D0524263EB430394EA050F00F0A780A4F1010435
S32508004400D5F1200E0DDB02FA0EFC22FA05F2801841F1000103FA0EF2801843FA05F359416A
S325080044200EE0A5F120050EF1200E012A03FA0EFC28BF4CF0020C43FA05F3C01851EBE37198
S3250800444001F0004507D54FF0000EDCF1000C7EEB00006EEB0101B1F5801F1BD3B1F5001F5A
S325080044600CD349085FEA30004FEA3C0C04F101044FEA445212F5800F80F09A80BCF1004F1F
S3250800448008BF5FEA500C50F1000041EB045141EA050130BD5FEA4C0C404141EB010111F46D
S325080044a0801FA4F10104E9D191F0000F04BF01460020B1FA81F308BF2033A3F10B03B3F1C2
S325080044c020020CDA0C3208DD02F1140CC2F10C0201FA0CF021FA02F10CE002F11402D8BF3E
S325080044e0C2F1200C01FA02F120FA0CFCDCBF41EA0C019040E41AA2BF01EB0451294330BD23
S325080045006FEA04041F3C1CDA0C340EDC04F11404C4F1200220FA04F001FA02F340EA0300A2
S3250800452021FA04F345EA030130BDC4F10C04C4F1200220FA02F001FA04F340EA0300294605
S3250800454030BD21FA04F0294630BD94F0000F83F4801306BF81F480110134013D4EE77FEA7C
S32508004560645C18BF7FEA655C29D094EA050F08BF90EA020F05D054EA000C04BF19461046F8
S3250800458030BD91EA030F1EBF0021002030BD5FEA545C05D14000494128BF41F0004130BDA9
S325080045a014F580043CBF01F5801130BD01F0004545F0FE4141F470014FF0000030BD7FEA0C
S325080045c0645C1ABF194610467FEA655C1CBF0B46024650EA013406BF52EA033591EA030FAC
S325080045e041F4002130BD00BF90F0000F04BF0021704730B54FF4806404F132044FF0000506
S325080046004FF0000150E700BF90F0000F04BF0021704730B54FF4806404F1320410F00045B0
S3250800462048BF40424FF000013EE700BF42004FEAE2014FEA31014FEA02701FBF12F07F43A9
S3250800464093F07F4F81F06051704792F0000F14BF93F07F4F704730B54FF4607401F0004584
S3250800466021F0004120E700BF50EA010208BF704730B54FF000050AE050EA010208BF70478B
S3250800468030B511F0004502D5404261EB41014FF4806404F132045FEA915C3FF4DCAE4FF076
S325080046a003025FEADC0C18BF03325FEADC0C18BF033202EBDC02C2F1200300FA03FC20FAB9
S325080046c002F001FA03FE40EA0E0021FA02F11444C1E600BF70B54FF0FF0C4CF4E06C1CEAD9
S325080046e011541DBF1CEA135594EA0C0F95EA0C0F00F0DEF82C4481EA030621EA4C5123EA6B
S325080047004C5350EA013518BF52EA033541F4801143F4801338D0A0FB02CE4FF00005E1FB0E
S3250800472002E506F00042E0FB03E54FF00006E1FB03569CF0000F18BF4EF0010EA4F1FF04B8
S32508004740B6F5007F64F5407404D25FEA4E0E6D4146EB060642EAC62141EA55514FEAC520AC
S3250800476040EA5E504FEACE2EB4F1FD0C88BFBCF5E06F1ED8BEF1004F08BF5FEA500E50F186
S32508004780000041EB045170BD06F0004646EA010140EA020081EA0301B4EB5C04C2BFD4EB15
S325080047a00C0541EA045170BD41F480114FF0000E013C00F3AB8014F1360FDEBF002001F0C7
S325080047c0004170BDC4F10004203C35DA0C341BDC04F11404C4F1200500FA05F320FA04F01B
S325080047e001FA05F240EA020001F0004221F0004110EBD37021FA04F642EB06015EEA430EE8
S3250800480008BF20EAD37070BDC4F10C04C4F1200500FA04F320FA05F001FA04F240EA02008D
S3250800482001F0004110EBD37041F100015EEA430E08BF20EAD37070BDC4F1200500FA05F222
S325080048404EEA020E20FA04F301FA05F243EA020321FA04F001F0004121FA04F220EA02006F
S3250800486000EBD3705EEA430E08BF20EAD37070BD94F0000F0FD101F00046400041EB01010A
S3250800488011F4801F08BF013CF7D041EA060195F0000F18BF704703F00046520043EB030388
S325080048a013F4801F08BF013DF7D043EA0603704794EA0C0F0CEA135518BF95EA0C0F0CD047
S325080048c050EA410618BF52EA4306D1D181EA030101F000414FF0000070BD50EA410606BFF8
S325080048e01046194652EA430619D094EA0C0F02D150EA013613D195EA0C0F05D152EA0336E1
S325080049001CBF104619460AD181EA030101F0004141F0FE4141F470014FF0000070BD41F0CA
S32508004920FE4141F4780170BD70B54FF0FF0C4CF4E06C1CEA11541DBF1CEA135594EA0C0F06
S3250800494095EA0C0F00F0A7F8A4EB050481EA030E52EA03354FEA013100F088804FEA0333C6
S325080049604FF0805545EA131343EA12634FEA022245EA111545EA10654FEA00260EF000412A
S325080049809D4208BF964244F1FD0404F5407402D25B084FEA3202B61A65EB03055B084FEA40
S325080049a032024FF480104FF4002CB6EB020E75EB030E22BFB61A754640EA0C005B084FEA13
S325080049c03202B6EB020E75EB030E22BFB61A754640EA5C005B084FEA3202B6EB020E75EBA0
S325080049e0030E22BFB61A754640EA9C005B084FEA3202B6EB020E75EB030E22BFB61A754608
S32508004a0040EADC0055EA060E18D04FEA051545EA16754FEA06164FEAC30343EA52734FEABB
S32508004a20C2025FEA1C1CC0D111F4801F0BD141EA00014FF000004FF0004CB6E711F4801FDB
S32508004a4004BF01430020B4F1FD0C88BFBCF5E06F3FF6AFAEB5EB030C04BFB6EB020C5FEA30
S32508004a60500C50F1000041EB045170BD0EF0004E4EEA113114EB5C04C2BFD4EB0C0541EA3C
S32508004a80045170BD41F480114FF0000E013C90E645EA060E8DE60CEA135594EA0C0F08BF4C
S32508004aa095EA0C0F3FF43BAF94EA0C0F0AD150EA01347FF434AF95EA0C0F7FF425AF1046C1
S32508004ac019462CE795EA0C0F06D152EA03353FF4FDAE1046194622E750EA410618BF52EA41
S32508004ae043067FF4C5AE50EA41047FF40DAF52EA43057FF4EBAE12E74FF0FF3C06E000BF23
S32508004b004FF0010C02E000BF4FF0010C4DF804CD4FEA410C7FEA6C5C4FEA430C18BF7FEAB9
S32508004b206C5C1BD001B050EA410C0CBF52EA430C91EA030F02BF90EA020F0020704710F175
S32508004b40000F91EA030F58BF994208BF90422CBFD8176FEAE37040F0010070474FEA410C2C
S32508004b607FEA6C5C02D150EA013C07D14FEA430C7FEA6C5CD6D152EA033CD3D05DF8040BF2
S32508004b80704700BF8446104662468C461946634600E000BF01B5FFF7B7FF002848BF10F1BE
S32508004ba0000F01BD4DF808EDFFF7F4FF0CBF012000205DF808FB00BF4DF808EDFFF7EAFFBB
S32508004bc034BF012000205DF808FB00BF4DF808EDFFF7E0FF94BF012000205DF808FB00BFC2
S32508004be04DF808EDFFF7CEFF94BF012000205DF808FB00BF4DF808EDFFF7C4FF34BF0120F8
S32508004c0000205DF808FB00BF4FEA410212F5001215D211D56FF47873B3EB625212D94FEA29
S32508004c20C12343F0004343EA505311F0004F23FA02F018BF404270474FF00000704750EA9D
S32508004c40013005D111F0004008BF6FF0004070474FF00000704700BF4A0011D212F50012E6
S32508004c6011D20DD56FF47873B3EB62520ED44FEAC12343F0004343EA505323FA02F07047B6
S32508004c804FF00000704750EA013002D14FF0FF3070474FF0000070477BB972B90029BEBFB2
S32508004ca000204FF0004106E008BF00281CBF6FF000414FF0FF3000F009BAADF1080C6DE9CD
S32508004cc004CE002909DB002B1ADB00F089F8DDF804E0DDE9022304B07047404261EB410137
S32508004ce0002B1BDB00F07CF8DDF804E0DDE9022304B0404261EB4101524263EB43037047DA
S32508004d00524263EB430300F06BF8DDF804E0DDE9022304B0404261EB41017047524263EB09
S32508004d20430300F05DF8DDF804E0DDE9022304B0524263EB4303704753B94AB9002908BFA4
S32508004d4000281CBF4FF0FF314FF0FF3000F0BEB9ADF1080C6DE904CE00F042F8DDF804E041
S32508004d60DDE9022304B07047F8B50022002307460E46FFF721FF28B938463146BDE8F84073
S32508004d8000F00AB8384606F1004100F005F8404261EB4101F8BD00BFD0B500220E4B0646E0
S32508004da00F46FFF797FCFFF757FF0446FFF71CFC00220A4BFFF78EFC02460B4630463946DE
S32508004dc0FFF7D4FAFFF748FF2346002242EA000210461946D0BD00BF0000F03D0000F041AC
S32508004de02DE9F04F8C460C460546099E002B4FD18A4217466BD9B2FA82FEBEF1000F0BD0BD
S32508004e00CEF1200520FA05F501FA0EF345EA030C02FA0EF700FA0EF5390CBCFBF1F0BAB20B
S32508004e2001FB10C300FB02F84FEA154C4CEA0344A04509D9E41900F1FF3380F02881A045A4
S32508004e4040F2258102383C44C8EB0404B4FBF1F301FB134C03FB02F2ACB244EA0C418A4272
S32508004e6009D9C91903F1FF3480F00F818A4240F20C81023B39448A1A43EA00400021002E94
S32508004e8063D022FA0EF2002386E80C00BDE8F08F8B4207D9002E56D0002186E81100084605
S32508004ea0BDE8F08FB3FA83F1002940F09380A34202D3824200F2FE80851A64EB03039C466F
S32508004ec00120002E41D086E82010BDE8F08F12B90127B7FBF2F7B7FA87FEBEF1000F36D119
S32508004ee0E41B4FEA17481FFA87F90121B4FBF8F308FB134409FB03F24FEA154C4CEA04444D
S32508004f00A24207D9E41903F1FF3002D2A24200F2D3800346A41AB4FBF8F008FB104809FBA5
S32508004f2000F9ACB244EA0842914507D9D21900F1FF3402D2914500F2BA802046C9EB0202DB
S32508004f4040EA03409BE731463046BDE8F08F07FA0EF7CEF1200C24FA0CF34FEA1748B3FBEF
S32508004f60F8FA1FFA87F908FB1A3520FA0CFC04FA0EF40AFB09FB4CEA040C4FEA1C4242EA12
S32508004f8005439B4500FA0EF50AD9DB190AF1FF3280F08B809B4540F28880AAF1020A3B4420
S32508004fa0CBEB0303B3FBF8F008FB103300FB09F41FFA8CFC4CEA03439C4207D9DB1900F193
S32508004fc0FF326ED29C426CD902383B441C1B40EA0A418BE7C1F1200E8B4022FA0EFC4CEA51
S32508004fe0030C24FA0EF74FEA1C49B7FBF9FA1FFA8CF309FB1A7720FA0EF88C400AFB03F518
S3250800500048EA04044FEA144848EA0747BD4202FA01F200FA01FB09D917EB0C070AF1FF302E
S3250800502041D2BD423FD9AAF1020A67447F1BB7FBF9F509FB157705FB03F3A4B244EA074754
S32508005040BB4208D917EB0C0705F1FF3027D2BB4225D9023D674445EA0A40A0FB0289FF1A94
S325080050604F4545464C4614D329D066B3BBEB050367EB040707FA0EFECB40CF404EEA030308
S3250800508086E888000021BDE8F08F2346F3E61846DAE6B8EB020569EB0C040138E5E7054609
S325080050a0D9E7104692E78246C0E7924678E702383A4443E7084604E7023B3C442AE7C345BC
S325080050c0E7D33C46D1E73146BDE8F08F704700BF014B1868704700BFE408002008B50B4A5D
S325080050e013680133136001F0C3FDC36D013BC3654BB9836DC36590F8483043F0080380F869
S32508005100483001F0E3FB02F0D9F908BDE4080020002816DB10B40D4C84FB0023C117C1EB49
S32508005120A3114FF47A7202FB01F1401A02FB00F202F2E73384FB0324DB17C3EBA4135818CB
S3250800514002E04FF0FF30704710BC7047D34D621000207047002070470020704700207047C9
S3250800516038B5064B064A9A4206D214461D4654F8043B9847AC42FAD338BD00BF9C71010833
S325080051809471010838B5064B064A9A4206D214461D4654F8043B9847AC42FAD338BD00BF1B
S325080051a0CC7101089C71010808B5FFF7EBFF09F089FD08BD10B582B0142301930623009326
S325080051c04FF4006300220849084801F0ABFD044620B9C8220649074800F0CCFE204601F003
S325080051e055FF02B010BD00BFA9510008B0280108C8280108B828010808B5FFF721F808F086
S32508005200DFFA00F097FE02F061FA01F0B7FAFFF7D1FF02F061FA00F0CBF901F039FB002027
S3250800522008BD00BF08B5FFF7E7FF002008BD00BF08B5092101F062FA08BD00BF90B170B581
S32508005240044616460D460846FFF7F2FF68B92A460921204601F02EF96685002084F82E0024
S32508005260A08570BD4FF0FF3070474FF0FF3070BD70B50E46044620B9D5222C492C4800F0A2
S3250800528079FE204601F028FA092804D0D6222749284800F06FFE638D03F010039BB283B957
S325080052a0A36B53B120469847054630B102462146214800F013FE284670BD638D43F0100373
S325080052c06385638D03F008039BB223B1A38D03F008039BB223BBE36B2BB13146204698478A
S325080052e0054638B909E026F4704626F0F006A685002502E010F1060F15D1A38D43F0080303
S32508005300A38594F82E300133DBB284F82E305BB94FF482720549094800F02CFE284670BD33
S325080053206FF0060070BD70BD284670BDDC2801081C2901082C290108C4290108FC29010828
S3250800534010B5044628B94FF48B721649164800F011FE204601F0C0F9092805D040F21712E2
S325080053601049124800F006FE94F82E309BB1013BDBB284F82E308BB9236C3BB1204698479B
S32508005380034620B110F1060F0AD100E000230022A285184610BD4FF0FF3010BD002010BD55
S325080053a010BD00BFEC2801081C2901082C2901082DE9F0410E4617469846044628B94FF446
S325080053c0A0721449144800F0D5FD204601F084F9092805D040F241120E49104800F0CAFD6D
S325080053e094F82E3033B94FF0FF3000F081FC0020BDE8F081656C35B143463A46314620461B
S32508005400A847BDE8F0816FF0050000F071FC0020BDE8F081FC2801081C2901082C290108A9
S325080054202DE9F0410E4617469846044628B940F267121449144800F09DFD204601F04CF9D3
S32508005440092805D04FF4B4720E49104800F092FD94F82E3033B94FF0FF3000F049FC002008
S32508005460BDE8F081A56C35B143463A4631462046A847BDE8F0816FF0050000F039FC00207D
S32508005480BDE8F0810C2901081C2901082C29010870B50D461646044628B94FF4C4720C4931
S325080054a00C4800F067FD204601F016F9092805D040F289120649084800F05CFDE36C23B1F2
S325080054c0324629462046984770BD6FF0050070BD102A01081C2901082C29010838B50D46A5
S325080054e0044628B94FF4D1720849094800F042FD204601F0F1F8092805D040F2A3120349A3
S32508005500044800F037FD2563002038BD242A01081C2901082C29010870B5FEF791FE04467A
S3250800552000F0DAFB48B1164D2946164800F0D6FC9B222946144800F01DFD2046FEF784FE3E
S32508005540124CFEF77DFE05462368A34202D1FEF77BFE70BD2368A3F128061A685968516005
S325080055605A68196811605B601B60586900F0DCFE304601F06BF82846FEF766FEE1E700BF90
S32508005580402A0108582A01080C2F0108EC25002038B5064C04F1100554F8043B03B1984723
S325080055a0AC42F9D1FFF7B8FFF3E700BF900D002010B58CB000220C4904A800F05DFC0B4C5E
S325080055c0202303931F2302934FF480630193084B00930023074A04A9204601F017FB20467D
S325080055e001F054FD0CB010BD802A0108E80800209009002091550008F8B50F4615461E46A7
S32508005600044620B9D2220C490C4800F0B3FCB5F5803F04D3D3220849094800F0ABFC3A462F
S325080056200221204600F046FF04F12803E362A3622586E6770020F8BD882A0108C42A0108A5
S32508005640D42A01082DE9F04105460C461746FEF7F7FD064600F040FB58B1DFF85480414659
S32508005660114800F03BFC40F20F1241460F4800F081FC3046FEF7E8FDB4F5803F05D34FF42B
S3250800568088720B490B4800F075FC2946022000F089FF034628B100F12802C2628262048622
S325080056a0C7771846BDE8F081582A01080C2F0108B42A0108D42A01082DE9F04182B0019162
S325080056c0044628B94FF4A8725549564800F052FC204601F001F8022805D040F2511250493D
S325080056e0514800F047FC514B1B680BB120469847FEF7A6FD0746238E23B1013B2386FEF76C
S32508005700A3FD77E0019B23B9FEF79EFD6FF0010082E0FEF795FD054601F0AAFA50B9404EBC
S325080057203146434800F0DAFB40F271123146414800F020FCFEF784FD064600F0CDFA58B151
S32508005740DFF8DC8041463C4800F0C8FB40F271124146384800F00EFC3046FEF775FD284649
S32508005760FEF772FD01F084FA05460023436404F1280694F81F8001F049FBB8F1000F03D025
S32508005780B8F1010F09D021E005F12803E26A1360E26AEA62E362AE6218E0A36A9E420DD0D9
S325080057a095F8491093F821208A4204D92BE093F821208A4227D81B689E42F8D105F1280391
S325080057c0E26A1360E26AEA62E362AE62019B002B09DD05F1600601AA0021304601F02EFEA7
S325080057e0304601F05FFD3846FEF72EFD01F06EF8686C88B9114B1B681BB1204698470020BE
S325080058000AE0002008E005F1280259680A605968E9625A60AB62D9E702B0BDE8F08100BF23
S32508005820A82A0108C42A0108E82A0108E02400209C2B01080C2F0108582A0108DC2400208A
S3250800584038B5044628B940F2BD121C491C4800F091FB204600F040FF022805D04FF4DF72B4
S325080058601649184800F086FB174B1B680BB120469847FEF7E5FC0546234653F8280F98421E
S3250800588009D0283801F0BCFB2846FEF7DDFC01F01DF8002038BD238E4FF6FF72934206D0B0
S325080058a0013323862846FEF7CFFC002038BD2846FEF7CAFC6FF0020038BD00BF102F010834
S325080058c0C42A0108E82A0108D8240020F8B504460E46FEF7B5FC054600F0FEF950B1124F07
S325080058e03946124800F0FAFA40F262223946104800F040FB2846FEF7A7FC2146032000F0A5
S3250800590051FE034668B100F12802C26282620122028600224263FF2180F8321080F833208E
S32508005920C6771846F8BD00BF202F0108582A01080C2F01082DE9F04182B004460191FEF7D9
S325080059407FFC054601F094F950B96E4E31466E4800F0C4FA4FF4297231466C4800F00AFB57
S32508005960FEF76EFC064600F0B7F950B1654F3946674800F0B3FA4FF429723946634800F056
S32508005980F9FA3046FEF760FC2846FEF75DFC2CB940F2A7225B495F4800F0ECFA204600F02C
S325080059a09BFE032805D04FF42A7256495A4800F0E1FA01F05DF90546FEF742FC0646574BA2
S325080059c01B680BB12046984700236B64606B85420DD194F83330FF2B03D0013384F83330D4
S325080059e078E03046FEF730FC6FF0020087E0238EA3B1013B2386656395F8493084F832304C
S32508005a0094F83330FF2B03D0013384F8333061E03046FEF719FC6FF0020070E0019B3BB977
S32508005a206FF001046C643046FEF70EFC204666E095F8492090F849309A4204D205F1490219
S32508005a40022101F061FB04F1280794F81F80284601F0DCF9B8F1000F03D0B8F1010F09D028
S32508005a6021E005F12803E26A1360E26AEA62E362AF6218E0A36A9F420DD095F8491093F815
S32508005a8021208A4204D931E093F821208A422DD81B689F42F8D105F12803E26A1360E26A07
S32508005aa0EA62E362AF62019B002B09DD05F1600701AA0021384601F0C1FC384601F0F2FBD8
S32508005ac03046FEF7C1FB00F001FF686CB8B9FEF7B7FB06463046FEF7B7FB114B1B681BB1A1
S32508005ae02046984700200AE0002008E005F1280259680A605968E9625A60AB62D3E702B0B7
S32508005b00BDE8F081302F01089C2B01080C2F0108582A0108D42B0108E82B0108E024002012
S32508005b20DC240020F8B5044628B940F241324D494D4800F01FFA204600F0CEFD032805D065
S32508005b4040F242324749494800F014FAFEF778FB054601F08DF850B9424E3146444800F0BD
S32508005b60BDF940F247323146424800F003FAFEF767FB064600F0B0F850B13A4F39463E48FE
S32508005b8000F0ACF940F2473239463A4800F0F2F93046FEF759FB2846FEF756FB01F068F817
S32508005ba00546FEF74DFB0646344B1B680BB120469847636B9D4207D04FF0FF346C643046C4
S32508005bc0FEF742FB2046F8BD94F83330013BDBB284F83330002B40D194F8322095F84930B3
S32508005be09A4205D004F132020221284601F08CFA234653F8282F9A421CD0A2F12800606364
S32508005c0092F8213084F8323094F83330FF2B0BD0013384F8333001F0F3F93046FEF714FB5F
S32508005c2000F054FE0020F8BD3046FEF70DFB6FF00200F8BD238E4FF6FF72934207D001336F
S32508005c40238600236363FF2384F8323005E03046FEF7FAFA6FF00200F8BD3046FEF7F4FAF1
S32508005c600020F8BD942A0108D42B0108E82B01089C2B01080C2F0108582A0108D82400209B
S32508005c8010B5FEF7DDFA0446064A13780133DBB21370054B1B6803B198472046FEF7D4FA6D
S32508005ca010BD00BFA80D0020A40D002010B5FEF7C7FA0446064A1378013BDBB21370054B68
S32508005cc01B6803B198472046FEF7BEFA10BD00BFA80D0020A00D002010B5FEF7B1FA034BAC
S32508005ce01C78E4B2FEF7B0FA204610BDA80D002010B50446FFF7F0FF10B1054B1C6010BD77
S32508005d0000F0B6FF10B9024B1C6010BD446410BDAC11002070B4032A33D910F0030F32D1AD
S32508005d20CCB244EA042444EA04440F2A19D900F11003154643F8104C43F80C4C43F8084CC8
S32508005d4043F8044C103D10330F2DF3D8A2F1100323F00F031033034402F00F02032A01D8B5
S32508005d6012E003461E46154646F8044B043D032DFAD8141F24F003040434234402F0030267
S32508005d8002E0034600E0034622B11A4403F8011B9A42FBD170BC704710B4884201D86AB944
S32508005da014E08B189842FAD281187AB19A1A13F8014D01F8014D9A42F9D107E0431E0A4444
S32508005dc011F8014B03F8014F8A42F9D110BC70479AB110B41346024611F8014B02F8014BB1
S32508005de044B9013B08D01344002102F8011B9342FBD101E0013BEFD110BC7047BAB130B4A6
S32508005e00144605784B1C0A78AA1A52B28AB995B10546214407E015F8014F13F8010B201A1E
S32508005e2040B248B944B19942F5D1104604E000207047104600E0104630BC7047037883B1DC
S32508005e400A789A420DD110B44A1C114610F8013F1BB101320C789C42F7D00878181A10BC89
S32508005e6070470878181A704708B513460A464FF0FF3104F0E3FD08BD0EB400B582B003AA30
S32508005e8052F8041B0192FFF7EFFF02B05DF804EB03B07047014B1868704700BFB011002091
S32508005ea038B50C4B1C68FFF7C3F984420ED0054670B1084B186808B1FFF742FA43212846BA
S32508005ec0FFF7D6F9034B1D60204638BD002038BD204638BDB0110020704700BF0FB410B57A
S32508005ee082B004AB53F8042B019340F2FF310F4804F0A4FD40F2FF33834228BF03460C4AA8
S32508005f00106818B90948FFF7E7FF0AE0848D44F040028285054A0021FFF782FA044B1B68D1
S32508005f209C8502B0BDE8104004B07047AC0D0020B011002000B583B00948FFF7CFFF094818
S32508005f40FFF7CCFF084B00930323002204210748FFF7C4FF0648FFF7C1FF03B05DF804FB0C
S32508005f60402F01084C2F0108902F0108702F01089C2F010810B582B000238DF80730094BA9
S32508005f801C685CB913460A4601460748FFF7A6FF9DF8073013F0FF0FFAD000E0A04702B060
S32508005fa010BD00BFD4240020C82F010808B5084B19680848FFF792FF074B19680748FFF7AF
S32508005fc08DFF074B19680748FFF788FF08BD00BFF011002038300108EC1100204C300108D0
S32508005fe0F81100206030010810B50446214B1B68834204D9A12220492048FFF7BBFF204B82
S325080060001B689C4204D3A2221B491E48FFF7B2FF638823B1A32218491B48FFF7ABFF154BBD
S325080060201A68636813449C4211D0598879B9144909688B420BD0154909688B4204BF1349AB
S325080060400C60596861605B681344A11A9960A16853189C420CD0588850B90C4800688442DD
S3250800606004BF0A4803606068586063681A44916010BD00BF041200202C3001088030010820
S32508006080F4110020A0300108CC300108B41100202DE9F04106460D4621F00304FEF7D0F84F
S325080060a00746FFF719FE50B1DFF89C8041461D48FFF714FFD22241461B48FFF75BFF3846E3
S325080060c0FEF7C2F8182C26D9F21C22F00302A4F118039A421FD8A41AA4F11801134B1960D5
S325080060e0134D2A604FF4F55010800C3C546000239360538011190F4E3160105301224A8043
S325080061004C608C600C490D48FFF776FA2A680C4B1A60BDE8F0812A4631460A48FFF7DEFE45
S32508006120BDE8F081582A01080C2F0108F011002004120020F4110020DC300108B8110020F2
S32508006140B4110020E4300108F4320108002800F0BB80F8B50546FEF773F80446FFF7BCFD5C
S3250800616050B15C4E31465C48FFF7B8FE4FF48C7231465A48FFF7FEFE2046FEF765F8033563
S3250800618025F00305564B1B689D4200F29F800B2D98BF0C254FF0FF315248FFF78DFA524BDD
S325080061a01F68524B1B68DB1B4D4A1668711B8B4280F08580FC186288002A7CD16268D21A26
S325080061c0A2F10C00854276D805F11801884220D305F10C021A44B9184FF4F550B85200204C
S325080061e04880606848608B606260012363804B680C36B3421CBFDB199A603D4A13680C33B1
S325080062002B4413603B4A126893420ED9394A13600BE00123638036490B681A440A60354BB1
S325080062201B689A4284BF334B1A604FF4F55323802E4B1B689C4212D15A8882B12E4A1168C5
S3250800624099420CD0284A10685B6803445A8812B9264A136003E09942F6D1244A1360214826
S32508006260FFF7EEFA05F10C032344234A12689A4205D24FF4C37217492048FFF77BFE04F188
S325080062800C0616F0030F05D040F2871211491C48FFF770FE14F0030F05D04FF4C4720D494A
S325080062a01848FFF767FE184B1B688BB12946304698473046F8BD63688B42FFF47BAF0948FE
S325080062c0FFF7BEFA0020F8BD002070470020F8BD3046F8BDE0320108582A01080C2F01086C
S325080062e0F0110020B811002004120020B4110020EC110020F8110020F411002020310108A6
S3250800630064310108B03101080012002038B501FB00F52846FFF71AFF044618B12A460021B6
S32508006320FFF7F8FC204638BD002800F08C8070B50446FDF785FF0546FFF7CEFC50B1424E63
S3250800634031464248FFF7CAFD40F22F2231464048FFF710FE2846FDF777FF14F0030F05D028
S3250800636040F2312238493B48FFF704FE3A4B1B689C4203D3394B1B689C425ED340F2332235
S3250800638031493748FFF7F6FD364B1B680BB120469847314B1B689C4254D3304B1B689C4228
S325080063a050D2A4F10C054FF0FF312F48FFF784F934F80A3C23B134F80C3CB3F5F55F1ED00A
S325080063c02A48FFF78BFD34F80C3C34F80A2C29462748FFF783FD34F80A3C2BB940F251229A
S325080063e019492448FFF7C6FD34F80C3CB3F5F55F05D040F2522214491F48FFF7BBFD002388
S3250800640024F80A3C4FF4F55324F80C3C1B4B1B689D423CBF194B1D6019490B6854F8082C24
S325080064209A1A0D4B1B68EB1A13440B602846FFF7DBFD0D48FFF704FA70BD0A4B1B68002B43
S32508006440A5D1AEE770BD7047EC320108582A01080C2F0108E031010804120020F4110020D4
S3250800646010320108FC110020B81100206C32010888320108B8320108C4320108B41100206C
S32508006480EC1100200A4B1B78834205D0084B0122197C814205D100E00022054800EB02105F
S325080064a0704701321033092AF2D10020704700BF000000202DE9F04F83B0054688460192C1
S325080064c00846FFF7DFFF074628B94FF49C721E491E48FFF74FFD00F0A9FA3E4656F8044F46
S325080064e0B44212D0DFF860B0DFF868A04FF4A479B4F1200306D0AB4204D14A46594650466B
S32508006500FFF738FD2468B442F2D100F09BFA68F07F0885F81E801E2201992846FFF758FCEC
S325080065200B4B1B680BB128469847FDF789FE05F120037A6853607A682A627B606E62FDF735
S3250800654083FE03B0BDE8F08F083301082C330108081200204433010810B5044628B940F24D
S3250800656075120D490D48FFF705FD0D4B1B680BB1204698470023A377FDF762FE04F120035E
S32508006580226A616A5160626A216A116063622362FDF75AFE10BD00BF183301085433010817
S325080065a00C120020F8B506460F46FDF749FE0446FFF792FB50B1204D29462048FFF78EFC74
S325080065c04FF4CC7229461E48FFF7D4FC2046FDF73BFE3046FFF756FF054628B94FF4CE728E
S325080065e015491848FFF7C6FCE868FFF7AFFD0446F8B1EA680021FFF78DFBA6770023E377A7
S325080066001E2239462046FFF7E3FB0F4B1B680BB120469847FDF714FE04F120036A685360F2
S325080066206A68226245F8043F6562FDF70DFE2046F8BD0020F8BD00BF94330108582A0108A6
S325080066400C2F01082C3301080812002010B5044628B94FF4EB7213491348FFF78BFC94F9F5
S325080066601E30002B05DA40F2D7120E490F48FFF781FC0F4B1B680BB1204698470023A3775D
S32508006680FDF7DEFD04F12003226A616A5160626A216A116063622362FDF7D6FD2046FFF7C8
S325080066a043FE10BDE833010854330108683301080C12002010B5044628B94FF4FC7204493A
S325080066c00448FFF757FC94F91E00C00F10BD00BFBC3301085433010810B5044628B940F267
S325080066e00B2204490448FFF745FCA07F00F07F0010BD00BFA833010854330108F8B5064608
S325080067000846FFF7BFFE7EB3054678B3FDF798FD0446FFF7E1FA50B1154F39461548FFF7E8
S32508006720DDFB4FF40A7239461348FFF723FC2046FDF78AFD00F07AF955F8044FAC420FD014
S325080067401E273A463146A4F12000FFF757FB20B9203C00F077F92046F8BD2468AC42F0D107
S3250800676000F070F90020F8BD0020F8BD0020F8BDD8330108582A01080C2F01080022084BDB
S325080067801A80084B03F580725B601B6008339342FAD10022044B1A60044B5B601B607047DC
S325080067a010120020E4240020E8250020EC25002010B5044628B940F2BF2218491848FFF749
S325080067c0D9FBFDF73DFD174B1B689C4208D194F8483023F0070343F0030384F8483019E0C6
S325080067e094F8483023F0070343F0010384F8483094F8491004F128020B4B03EBC103596872
S325080068000A605968E1625A60A362084AE16C13680B431360FDF718FD10BD00BF8034010810
S325080068201834010814120020E4240020E825002010B5044628B94FF4487211491148FFF7C4
S3250800684099FBFDF7FDFC04F12803A26AE16A5160E26AA16A1160E362A36294F849200A4B25
S3250800686003EBC20153F832308B4205D1074AE16C136823EA01031360FDF7E6FC10BD00BF0A
S325080068809C34010818340108E4240020E825002010B50B4B186801F009F90138094B53F801
S325080068a03040A4F12800084B1860FFF7C1FF032384F8203004F10800FDF7F7FC10BD00BFBA
S325080068c0E8250020E424002014120020F8B5FDF7B7FC05464A4BB3F90030002B40F08B8099
S325080068e0484B1868002800F0868001F0DFF80138454B53F83040283C444B1E6896F848308E
S3250800690003F00702032A17D196F8492082420AD30CD103F00807FFB2002F08BF3446003789
S3250800692018BF012703E03446002700E0012723F0080386F8483000E00027B4424ED0344B10
S325080069401870324B1C60334B1B6813B121463046984717B13046FFF72BFF2046FFF768FF06
S3250800696094F8483023F0070343F0030384F8483024B94F2228492948FFF7FCFAE36B1A78BF
S32508006980232A06D1226B9A4203D9216C19448A4207D921462248FFF7A1FAFDF751FC38B15E
S325080069a0FEE720339A4203D821461E48FFF796FA1D4B1B7813F0FF0F09D104F1300106F184
S325080069c03000FDF744FC2846FDF73EFCF8BD04F1300106F13000FDF73AFC0CE02046FFF735
S325080069e027FF0A4B1A6892F8483023F0070343F0030382F848302846FDF726FCF8BD00BF4A
S32508006a0010120020E8250020E424002014120020E425002018120020FC330108183401088B
S32508006a202C34010848340108A80D002008B5FDF707FC034A138801331380FDF705FC08BD68
S32508006a401012002008B5FDF7FBFB0A4A1388013B1BB21380002B0ADC0022064B1A80FDF7A2
S32508006a60F3FB054B1B6823B1FFF730FF08BDFDF7EBFB08BD101200201412002038B504462B
S32508006a80FDF7DEFB0546D4F8A0300BB1204698472846FDF7D9FB38BDF0B583B00446089846
S32508006aa009999DF828500B9E04F12807E762A7626263A363E06321640A462321FFF72AF9BA
S32508006ac0226C043AE16B174B0A44A16B606B00F027FE20631F2D04D9AF2213491348FFF7CA
S32508006ae049FA84F84A5084F849500023E364A665E665636484F84830C4F8A030C4F8A43083
S32508006b000193009323460A4A214604F1600000F051FB084B1B680BB120469847002003B0E1
S32508006b20F0BD00BFB16B0008D03601082C350108396B00082412002010B5044628B940F21A
S32508006b40613217491748FFF715FA94F8483003F00703022B05D040F2623211491248FFF75D
S32508006b6009FA2046FFF7B8FD012805D040F263320B490E48FFF7FEF96FF00103636404F178
S32508006b802803A26AE16A5160E26AA16A1160E362A3622046FFF70CFEFFF798FE10BD00BF24
S32508006ba00835010818340108503501088C35010838B5144B1C68FDF743FB05462046FFF72B
S32508006bc05DFF2046FFF734FE042384F8483004F1600000F013FB2046FFF76CFD012803D18D
S32508006be02046FFF7B9FC07E004F12802064B19684A60A1621A60E362FFF768FE2846FDF774
S32508006c0023FB38BD14120020EC2500202DE9F04184B00D46174698460A9E044628B94FF4BD
S32508006c20867210491048FFF7A5F92EB940F20D120C490E48FFF79EF92A4601212046FFF7AB
S32508006c4039FC0D9B03939DF8303002930B9B0193009643463A4629462046FFF71DFF04B0B5
S32508006c60BDE8F081E036010818340108D0350108014B1868704700BF1412002010B50446D7
S32508006c8028B940F26B1222492248FFF773F92046FFF722FD012805D04FF4B6721C491E4870
S32508006ca0FFF768F92046FFF705FD28B940F26D1217491A48FFF75EF994F8483003F007036F
S32508006cc0042B22D013B12046FFF7B2FD2046FFF7D5FE04F1600000F091FA042384F848309C
S32508006ce02046FFF7E7FC012803D12046FFF734FC0BE0FDF7A5FA04F12802094B19684A60A2
S32508006d00A1621A60E362FDF79FFA002010BD00BFB8340108183401088C350108E835010830
S32508006d20EC2500202DE9F04184B005460F4690461E4601460120FFF735FCC0B104463046FF
S32508006d40FFF704FA20B92046FFF780FC00200FE00B9A03929DF82820029201960090434616
S32508006d603A4629462046FFF797FE204600E0002004B0BDE8F08100BF10B5044628B94FF403
S32508006d80E9721D491D48FFF7F5F82046FFF7A4FC012805D040F2D31217491948FFF7EAF832
S32508006da02046FFF787FC28B14FF4EA7212491548FFF7E0F894F8483003F00703042B19D0CF
S32508006dc013B12046FFF734FD2046FFF757FE04F1600000F013FAFDF733FA042384F8483015
S32508006de004F12802084B19684A60A1621A60E362FDF72AFA002010BDF4340108183401089B
S32508006e008C35010818360108EC25002038B5044628B94FF4417224492448FFF7ABF820462C
S32508006e20FFF75AFC012805D040F205321E492048FFF7A0F894F8483003F00703012B2ED009
S32508006e40032B24D01EE040F2163217491948FFF791F82046FFF7ECFC94F8483023F00703E5
S32508006e6043F0020384F8483004F1600000F0AAFA2846FDF7E9F9104B1B6833B120469847A4
S32508006e80002038BD4FF0FF3038BD002038BDFDF7D7F90546094B1B689C42D4D1D9E7FDF73A
S32508006ea0CFF90546D5E700BF04370108183401088C350108543601081C12002014120020AC
S32508006ec070B582B00190194B1C682CB940F21A2217491848FFF74EF82046FFF7FDFB012808
S32508006ee005D040F21B2212491348FFF743F8FDF7A7F906462046FFF789FF04F1600501AA90
S32508006f000021284600F09AFA284600F0CBF93046FDF79AF9FFF7DAFC636C13F1020F04BFBE
S32508006f2000236364002002B070BD00BF141200201C350108183401088C35010808B5FFF729
S32508006f40BFFF08BD08B5FEF7E3F8FFF7B9FF08BDF8B50D46064628B940F24D2223492448FA
S32508006f60FFF708F8234B1C682CB940F251221F492148FEF7FFFF2046FFF7AEFB012805D0CA
S32508006f8040F2522219491D48FEF7F4FFFDF758F90746FEF79DF83368C01AA8421DD21D44C3
S32508006fa0FEF796F8281A30602046FFF72FFF04F1600532460021284600F040FA284600F0FB
S32508006fc071F93846FDF740F9FFF780FC636C13F1020F05D10023636402E03846FDF734F9F7
S32508006fe0FEF776F830600020F8BD00BFB83601087036010814120020183401088C350108F1
S3250800700038B5044628B94FF44D721C491C48FEF7B1FF2046FFF760FB012805D040F235328C
S3250800702016491848FEF7A6FF94F8483003F00703022B1DD1FDF704F9054604F12803A26A65
S32508007040E16A5160E26AA16A1160E362A36204F1600000F0B7F92846FDF7F6F82046FFF773
S32508007060A7FB094B1B6833B120469847002038BD4FF0FF3038BD002038BD00BFE0340108F7
S32508007080183401088C3501082012002010B5044628B94FF49F7217491748FEF76BFF94F883
S325080070a0483013F0070F05D040F23F1211491348FEF760FF2046FFF70FFB012805D04FF429
S325080070c0A0720C490E48FEF755FF94F84A2084F8492001239340E364022384F84830204604
S325080070e0FFF78EFF074B1B680BB1FFF7EFFB002010BD00BFF036010818340108803601089F
S325080071008C3501081412002070B50D461646044628B94FF4277224492448FEF72BFF204618
S32508007120FFF7DAFA012805D040F29D221E492048FEF720FF012D28D0022D01D095BB20E02F
S32508007140FDF77EF8054694F8483003F00703012B0CD12046FFF76CFB327884F849200123EC
S325080071609340E3642046FFF723FB05E0327884F8492001239340E3642846FDF765F80020DC
S3250800718070BD2046FFF782FF70BD2046FFF792FA012803D12046FFF771FD70BD2046FFF772
S325080071a0EBFD70BD002070BDCC340108183401088C350108F8B50F4616461D46044620B953
S325080071c0C9220C490C48FEF7D5FE3A460A212046FFF770F99DF81C3023F00103E3772663FA
S325080071e065630023E363069BA36304F12803E362A362F8BD2C3801082837010810B50446A6
S3250800720020B9DE2216491748FEF7B4FE2046FFF763FA0A2804D0DF2211491348FEF7AAFE10
S325080072202046FFF747FA20B9E0220D490F48FEF7A1FEFDF705F804F12803A26AE16A51606E
S32508007240E26AA16A1160E362A362E37F23F00103E377FCF7F9FF2046FFF77EF9002010BD90
S325080072603C380108283701083C3701087837010870B50E4615461C4601460A20FFF792F9BF
S32508007280034668B19DF8102022F00102C277066345630022C263846300F12802C262826209
S325080072a0184670BDF8B5044628B940F245123A493A48FEF75FFE2046FFF70EFA0A2805D012
S325080072c04FF4A37234493648FEF754FEFCF7B8FF064604F12805A36AE26A5A60E36AA26A82
S325080072e01A60E562A562E37F23F00103E3772D4B1B680BB120469847A26B2B4B9A4205D9AC
S3250800730040F2551224492948FEF734FEFDF7E0FEA36B1844E063E27F02F00402D3B2244AF6
S325080073202449002B18BF0A465768DFF87CE009E011684B69984204D01B1A734504D90A46B0
S3250800734000E00A469742F3D11B490B6801330B6013685D601368A3621560E262E37F43F0D6
S325080073600103E3773046FCF76FFFE37F13F0040F0FD0124B1B78012B0BD1114B93F848301C
S3250800738003F00703022B04D10D48FFF739FEFFF79DFA0020F8BD00BF18370108283701087D
S325080073a03C370108DC240020FEFFFF7FDC37010828120020341A0020E81A002090000020F2
S325080073c03C1A002010B5044628B940F2BB1217491748FEF7CFFD2046FFF77EF90A2805D0E0
S325080073e04FF4DE7211491348FEF7C4FDE37F13F0010F18D0104B1B680BB120469847FCF752
S325080074001FFF04F12803A26AE16A5160E26AA16A1160E362A362E37F23F00103E377FCF740
S3250800742013FF002010BD4FF0FF3010BD1C380108283701083C370108D824002070B50D462F
S325080074401646044628B940F2DF1219491948FEF791FD2046FFF740F90A2805D04FF4F072ED
S3250800746013491548FEF786FDFCF7EAFE042D1BD8DFE805F00603090E1300A36B336013E04B
S325080074803368A36310E0E37F23F00203E3770BE0E37F43F00203E37706E0E37F13F0010F3F
S325080074a014BF012300233360FCF7CEFE002070BD08380108283701083C3701082DE9F0478B
S325080074c082B0CDF800D0CDF804D0FDF701FE8246FCF7B6FE81462B4E2B4FDFF8B48047E0F0
S325080074e0A4F128056069C0EB0A00B84243D8D8F800300BB128469847236862685A60636846
S3250800750022681A606460246014F8093C13F0020F04BF23F0010304F8093C009B5C602360B7
S3250800752002AB43F8084D6360A368E0689847FDF7CFFD8246154B1B680BB128469847009AFD
S325080075406B469A4214D0236862685A60636822681A606460246014F8093C03F00302032A10
S3250800756006D123F0010304F8093C2846FFF79AFE3468B442B4D14846FCF766FE02B0BDE87F
S32508007580F08700BF28120020FEFFFF7F301A0020E41A00202DE9F04383B0CDF800D0CDF874
S325080075a004D0FCF74DFE0746304EDFF8CC80DFF8CC9051E0A4F12805FDF78AFD6369C01A76
S325080075c040454CD8D9F800300BB128469847236862685A60636822681A606460246014F8B8
S325080075e0093C13F0020F04BF23F0010304F8093C009B5C60236002AB43F8084D636000220D
S325080076001B4B1A703846FCF71FFEA368E0689847184B1B680BB128469847FCF711FE07466E
S325080076200122134B1A70009A6B469A4214D0236862685A60636822681A606460246014F8F4
S32508007640093C03F00302032A06D123F0010304F8093C2846FFF726FE3468B442AAD1384670
S32508007660FCF7F2FD03B0BDE8F08300BF341A002090000020301A0020FEFFFF7FE41A00206F
S3250800768070B5104D104EFCF7DBFD2B68AB4216D05C69FCF7D9FDB4F1FF3F06D1FFF7E8FAAB
S325080076a0FFF7B4FBFFF712F906E0FDF711FD201AB04201D8FFF742FCFFF76CFFE3E7FCF7D7
S325080076c0C3FDEBE7341A0020FEFFFF7F014B5B601B6070472812002010B584B00B4B5B6084
S325080076e01B600B4C0A230393042302934FF400630193084B00930023074A08492046FFF7EA
S3250800770085FA2046FFF7C2FC04B010BD341A00203C1A0020301200208176000800380108BB
S32508007720F0B40746043222F00702A2F14000A2F14404161F0C4D44F8045FB442FBD142F822
S32508007740201C002142F81C1C42F8181C42F8141C42F8101C42F80C3C42F8087C4FF080739C
S3250800776042F8043CF0BC7047EFBEADDE10B50446974B1B681BB19847002800F02781216C7A
S325080077809448FEF7ABFB616A9348FEF7A7FBA16A9248FEF7A3FBE16A9148FEF79FFB216B70
S325080077a09048FEF79BFB61688F48FEF797FBA1688E48FEF793FBE1688D48FEF78FFB2169A8
S325080077c08C48FEF78BFB61698B48FEF787FBA1698A48FEF783FBE1698948FEF77FFB216AD4
S325080077e08848FEF77BFB616B8748FEF777FBA16B8648FEF773FBE16B8548FEF76FFB2368FE
S3250800780013F0040F08D0FFF733FA01468148FEF765FB00F0BDF902E07F48FEF75FFB7F4B7C
S325080078201B6813F0020F02D07D48FEF757FB7B4B1B6813F0804F00F0C1807A4B1B7813F01E
S32508007840FF0F3CD07848FEF749FB764C21787748FEF744FB237813F0010F02D07448FEF788
S325080078603DFB704B1B7813F0020F02D07148FEF735FB6C4B1B7813F0040F02D06E48FEF7D3
S325080078802DFB684B1B7813F0080F02D06B48FEF725FB644B1B7813F0100F02D06848FEF7DD
S325080078a01DFB604B1B7813F0800F05D0654B19686548FEF713FB02E06448FEF70FFB644BE0
S325080078c01B7813F0FF0F34D06248FEF707FB604C21786148FEF702FB237813F0010F02D0F1
S325080078e05E48FEF7FBFA5A4B1B7813F0020F02D05B48FEF7F3FA564B1B7813F0080F02D027
S325080079005848FEF7EBFA524B1B7813F0100F02D05548FEF7E3FA4E4B1B7813F0800F05D0B9
S32508007920524B19685248FEF7D9FA02E04748FEF7D5FA504B1B889BB2002B3FD04E48FEF734
S32508007940CDFA4C4C218889B24C48FEF7C7FA238813F0010F02D04A48FEF7C0FA454B1B8888
S3250800796003F002039BB213B14648FEF7B7FA414B1B8803F004039BB213B14348FEF7AEFA5A
S325080079803C4B1B8803F008039BB213B13F48FEF7A5FA384B1B8803F480739BB213B13C48E0
S325080079a0FEF79CFA334B1B8803F400739BB213B13848FEF793FA2548FEF790FA174B1B68BF
S325080079c0002B02DA3448FEF789FAFEE710BD00BFEC1A00204C3801085C3801086C38010830
S325080079e07C3801088C3801089C380108AC380108BC380108CC380108DC380108EC380108D1
S32508007a00FC3801080C3901081C3901082C3901083C3901084C3901086C3901082CED00E04E
S32508007a208839010829ED00E0A0390108AC390108C4390108D0390108DC390108EC39010844
S32508007a40F839010838ED00E0003A01088439010828ED00E0103A0108243A01083C3A0108A2
S32508007a60483A0108543A0108603A010834ED00E06C3A01082AED00E07C3A01088C3A0108FE
S32508007a80A43A0108B03A0108BC3A0108C43A0108CC3A0108D83A0108E43A0108014A024B0F
S32508007aa01A6070470400FA050CED00E090FAA0F3B3FA83F3002808BF4FF0FF33581C7047E0
S32508007ac00020704708B50248FEF708FA002008BDCC3E010808B50248FEF700FA002008BDF0
S32508007ae0E03E0108F8B50468A04210D00546084E084FA4F128013046FEF7F0F923689D4202
S32508007b0005D03846FEF7EAF92468A542F1D1F8BDE83E0108EC3E010808B5FEF70BFA002009
S32508007b2008BD00BFF8B500230B61CB68EBB104460E460B7ADBB10F68D8B924E0FCF784FB7B
S32508007b400020F8BD736800252468A74207D0013543F8044BF2689542F6D1154600E00024DF
S32508007b60FCF772FB35612046F8BD0020F8BD0020F8BDFCF765FB14F8023C23F08003327A5D
S32508007b809342DFD0DAE7FCF75BFB3C46DAE700BF2DE9F04FBBB00120FEF774FC0430359008
S32508007ba001238DF8DC302DAB36930823389300233993444A1E214448FEF790F91E24434DD3
S32508007bc02846FEF78BF9013CFAD14148FEF786F94FF00009DFF810B1DFF810A14F4635A9D0
S32508007be03846FFF79FFF0746399B002B64DD2CAE002556F8044FFCF723FB804614F8023C17
S32508007c0023F080039DF8DC20934202D0FCF71CFB4EE0A4F12009A822494603A80AF02FFD68
S32508007c204046FCF711FB94F8293000934B461E2211465046FEF752F994F8283003F007035A
S32508007c40012B03D12348FEF749F915E0022B03D12148FEF743F90FE01BB92048FEF73EF98D
S32508007c600AE0042B03D11E48FEF738F904E0032B02D11C48FEF732F9E1690B78232B05D123
S32508007c800B4613F8012F232AFBD000E00B46226A1144CB1A642000FB03FE2069636A0193D1
S32508007ca0E46B0094BEFBF2F3091A5846FEF716F90135399BAB429CDC002F90D100203BB066
S32508007cc0BDE8F08FF03E0108F83E0108C44F01083C3F0108883F0108943F0108A03F0108C8
S32508007ce0AC3F0108B83F0108C43F01087C3F01082DE9F8431248FEF7F1F8124B1C68124BEB
S32508007d001B689C4218D20C34DFF84080DFF840900D4F264654F80C5C0222414628460AF0FD
S32508007d20C1FC28B154F8082C29464846FEF7D6F80C343B68B342ECD80020BDE8F88300BFC4
S32508007d40EC3F0108F81A0020001B002000400108044001082DE9F04790B00A20FEF792FBA5
S32508007d6004300B900A238DF8343003AB0C9308230E9300230F932A4A1E212A48FEF7AEF872
S32508007d801E24294D2846FEF7A9F8013CFAD12748FEF7A4F80027DFF89CA0DFF89C80DFF80D
S32508007da09C900BA93846FFF7BDFE07460F9B002B2ADD02AE002556F8044FFCF741FA14F8CD
S32508007dc0023C23F080039DF83420934202D0FCF73BFA15E0FCF738FAE3690193A369009370
S32508007de0A4F120031E2211464046FEF777F814F8013C13F0010F14BF48465046FEF76EF88E
S32508007e0001350F9BAB42D6DC002FCAD1FDF760F901460748FEF762F8002010B0BDE8F087DD
S32508007e200038010814400108C44F01083C40010894400108844001086040010878400108E1
S32508007e402DE9F04790B00920FEF71CFB04300B9009238DF8343003AB0C9308230E93002332
S32508007e600F93254A1E212548FEF738F81E24244D2846FEF733F8013CFAD12248FEF72EF844
S32508007e800027DFF884A0DFF88490DFF884800BA93846FFF747FE07460F9B002B26DD02AEAA
S32508007ea0002456F8045FFCF7CBF915F8023C23F080039DF83420934202D0FCF7C5F911E015
S32508007ec0FCF7C2F9A5F120032A7A162A94BF59F822105146AA7B019200911E221146404676
S32508007ee0FDF7FCFF01340F9BA342DADC002FCED1002010B0BDE8F087B4400108BC4001083F
S32508007f00C44F0108E4400108AC40010804450108084101082DE9F04F93B00820FEF7B2FA10
S32508007f2004300D9008238DF83C3005AA0E92109300231193364A1E213648FDF7CFFF1E244C
S32508007f40354D2846FDF7CAFF013CFAD13348FDF7C5FF4FF00008DFF8C8A0DFF8C8B0DFF87F
S32508007f60C8900DA94046FFF7DDFD8046119B002B46DD04AF002657F8045FFCF761F915F8EA
S32508007f80023C23F080039DF83C20934202D0FCF75BF931E0FCF758F92C4654F8203FA342C9
S32508007fa01BD0002201321B68A342FBD1002A15DD0392EB690293AB6901932B690093A5F140
S32508007fc020031E2211465046FDF788FF2046FFF789FD4846FDF782FF0EE000220392EB69EA
S32508007fe00293AB6901932B690093A5F120031E2211465846FDF772FF0136119BB342BADC4E
S32508008000B8F1000FADD1002013B0BDE8F08F00BF1C41010824410108C44F01084C410108D0
S32508008020704101088C410108843901082DE9F04F91B00620FEF726FA04300B9006238DF88E
S32508008040343003AB0C9308230E9300230F93364A1E213648FDF742FF1E24354D2846FDF738
S325080080603DFF013CFAD13348FDF738FF4FF00008DFF8C4A0DFF8C4B0DFF8C4900BA94046D6
S32508008080FFF750FD80460F9B002B45DD02AF002557F8046FFCF7D4F816F8023C23F0800399
S325080080a09DF83420934202D0FCF7CEF830E0FCF7CBF806F10804B268A24215D0A6F1200303
S325080080c0308B0021013112689442FBD1019100901E2211465046FDF701FF2046FFF702FDCA
S325080080e04846FDF7FBFE13E0A6F12003348B11688A4205D00020013009688A42FBD100E037
S325080081000020019000941E2211465846FDF7E6FE01350F9BAB42BBDCB8F1000FAED1002044
S3250800812011B0BDE8F08F00BFA8410108B4410108C44F0108D0410108E8410108FC410108EF
S32508008140843901082DE9F04F93B00520FEF79AF904300D9005238DF83C3005AB0E930823A0
S32508008160109300231193384A1E213848FDF7B6FE1E24374D2846FDF7B1FE013CFAD1354842
S32508008180FDF7ACFE4FF00008DFF8CCA0DFF8CCB0DFF8CC900DA94046FFF7C4FC8046119BBF
S325080081a0002B49DD04AF002657F8044FFCF748F814F8023C23F080039DF83C20934202D03A
S325080081c0FCF742F834E0FCF73FF804F10805A268AA4217D0A4F12003E08AA48A00210131A4
S325080081e012689542FBD10291019400901E2211465046FDF773FE2846FFF774FC4846FDF7B4
S325080082006DFE15E0A4F12003E58AA48A11688A4205D00020013009688A42FBD100E0002027
S325080082200290019400951E2211465846FDF756FE0136119BB342B7DCB8F1000FAAD1002039
S3250800824013B0BDE8F08F00BF1042010818420108C44F01083C4201085842010870420108AB
S32508008260843901082DE9F04393B00320FEF70AF904300D9003238DF83C3005AB0E9308231F
S325080082801093002311932B4A1E212B48FDF726FE1E242A4D2846FDF721FE013CFAD1284875
S325080082a0FDF71CFE4FF00009DFF898800DA94846FFF738FC8146119B002B34DD04AD002479
S325080082c01E2655F8047FFBF7BBFF17F8023C23F080039DF83C20934202D0FBF7B5FF1EE0B1
S325080082e0FBF7B2FFA7F12003D7F814E097F813C007F10800BA68904205D000210131126857
S325080083009042FBD100E000210391CDF808C0CDF804E00096324631464046FDF7DFFD0134D6
S32508008320119BA342CDDCB9F1000FBFD1002013B0BDE8F0838842010890420108C44F0108E7
S32508008340B4420108D44201082DE9F04F91B00420FEF798F804300B9004238DF8343003AB25
S325080083600C9308230E9300230F93304A1E213048FDF7B4FD1E242F4D2846FDF7AFFD013CE0
S32508008380FAD12D48FDF7AAFD4FF00008DFF8ACA0DFF8ACB0DFF8AC900BA94046FFF7C2FB57
S325080083a080460F9B002B3ADD02AF002657F8045FFBF746FF15F8023C23F080039DF8342073
S325080083c0934202D0FBF740FF25E0FBF73DFF05F10804AA68A24215D0A5F12003286900213C
S325080083e0013112689442FBD1019100901E2211465046FDF773FD2046FFF774FB4846FDF721
S325080084006DFD08E02B690093A5F120031E2211465846FDF763FD01360F9BB342C6DCB8F172
S32508008420000FB9D1002011B0BDE8F08FEC420108F4420108C44F0108184301083843010816
S3250800844050430108843901082DE9F04F91B00220FEF718F804300B9002238DF8343003AB64
S325080084600C9308230E9300230F93364A1E213648FDF734FD1E24354D2846FDF72FFD013CCD
S32508008480FAD13348FDF72AFD4FF00008DFF8C4A0DFF8C4B0DFF8C4900BA94046FFF742FB08
S325080084a080460F9B002B45DD02AF002557F8046FFBF7C6FE16F8023C23F080039DF83420D8
S325080084c0934202D0FBF7C0FE30E0FBF7BDFE06F10804B268A24215D0A6F12003308A0021FF
S325080084e0013112689442FBD1019100901E2211465046FDF7F3FC2046FFF7F4FA4846FDF722
S32508008500EDFC13E0A6F12003348A11688A4205D00020013009688A42FBD100E000200190F4
S3250800852000941E2211465846FDF7D8FC01350F9BAB42BBDCB8F1000FAED1002011B0BDE87B
S32508008540F08F00BF6443010870430108C44F01088C430108A4430108B443010884390108B9
S325080085602DE9F8431348FDF7B9FC134B1C68134B1B689C4218D20C34DFF84880DFF848907F
S325080085800E4F264654F80C5C0622414628460AF089F828B954F8082CA91D4846FDF79EFC75
S325080085a00C343B68B342ECD80548FDF797FC0020BDE8F883E0450108F81A0020001B002062
S325080085c084390108FC4501080446010808B5FFF7DFFA002008BD00BF08B5FDF7E7FC002046
S325080085e008BD00BF012070472DE9F04F8BB00C46054601E0013C1D462F462B4613F8012B46
S32508008600202AF7D0092AF5D0002C00F0C88065B94FF49B7269496A48FDF7ACFC2B78202B83
S3250800862000F0A880092B00F0A5804FF0000808F1010815F8013F202B04D0092B02D0444587
S32508008640F5D103E0B8F1000F00F09480C3465D4B1D685D4BD3F800904D4580F08B804FF022
S32508008660060A2E685246594930460AF01BF858B942463946B01D0AF015F828B95E44B379EE
S3250800868013B9AE6826B975E00C354D45E9D371E028220021684609F0FDFF3A460120002502
S325080086a02B46AC4602E002F801CB01331178202901D0092902D19C42F5D872E00A2D14D1AC
S325080086c04348FDF70BFC5DB1E8460024DFF80C9158F8041B4846FDF701FC0134AC42F7D159
S325080086e03C48FDF7FBFB284640E09C423DD9222922D1511C01334DF825105278222A12D02B
S325080087009C4233D95C2A05D14A78222A4ED14A1C013300E00A46511C01335278222A02D085
S325080087209C42EFD822E09C4220D90A4602F801CB01339C4216D819E04DF82520202911D0EA
S3250800874009290FD0511C0A46013311F801EBBEF1200F05D0BEF1090F02D09C42F3D805E03A
S325080087609C4203D901350130A0E7284610B16946B0471FE03B7813F0DF0F06D03B4613F869
S32508008780012F12F0DF0FFAD100E03B4600221A7039461148FDF7A2FB4FF0FF300AE00020F2
S325080087a008E00A2D18BF2846E0D189E701334A780131B5E70BB0BDE8F08F00BF5046010825
S325080087c010460108F81A0020001B0020FC4501081446010884390108384601083446010842
S325080087e02DE9F84F03782BB900210846FFF7B8FEBDE8F88F80462B4B1C682B4B1B689C42D1
S325080088004DD20C344FF00009DFF89CA04F46254654F80CBC06222549584609F043FF88BBCA
S325080088200BF106064046FBF795FD02463146404609F038FF30BB27B93046FBF78BFD07469B
S32508008840B14699F800307BB19BF8062072B193420ED13046494611F8013F53B110F8012F0C
S325080088603AB19342F7D004E0494602E0494600E04946C9EB01018F42A8BF0F4631460C4802
S32508008880FDF72CFB0C34DAF80030AB42BFD8B9F1000F04D03A4649464046FDF799FABDE89B
S325080088a0F88F00BFF81A0020001B0020FC4501080C46010808B5074B1B6823B9BE220649B5
S325080088c00648FDF757FB034B1868FCF7B9FF002008BD00BF00260020604601087046010825
S325080088e0184B1B6893F8353013F0020F04D10022154B1A701448704710B5144B196829B10D
S325080089004FF48062104809F0E2FE18E0FFF76AFE30B10D4B0E4A92E803001860197107E0A6
S32508008920094B0C4A92E8030018609980090C9971054C2046FBF70EFD074B1B8823520248EA
S3250800894010BD00BF00260020041B0020F41A0020844601088C4601089446010810B504462A
S325080089600648FDF7BBFAFFF7BBFF04F5E57201460348FDF7B3FA002010BD00BF984601082C
S32508008980A046010810B50446084B1B6823B9A32207490848FDF7EEFA044B1B6893F8352026
S325080089a064F3410283F8352010BD00BF00260020184701087046010810B582B01C4A1D4B81
S325080089c01A601D4A1D4B1A601D4A1E4B1A601E4A1E4B1A604FF409710120FDF797FC1C4B65
S325080089e0186028B91B48FDF779FA4FF0FF301CE00A2301931D2300934FF4805300221649B1
S32508008a001648FEF78FF9044600231A46144910480068FCF7F1FD0120FFF7B4FF24B120469D
S32508008a20FEF734FB002000E0002002B010BD00BF746F0108F81A002090710108001B002043
S32508008a4090710108F01A002090710108FC1A002000260020A8460108FD8A0008C0460108B9
S32508008a60C846010838B505461F4B1B6823B9D1221E491F48FDF77EFA2846FCF7D9FB044624
S32508008a8020B929461B48FDF729FA38BD164B1B68D3F82032984225D040F24311FCF7E8FBE5
S32508008aa000BB114B1B68D3F8200240B1FCF748FC0D4B1B680021D3F82002FCF70FFD0A4BBC
S32508008ac01D685122002105F5E57009F0E3FD0023A5F81C32A5F81E32C5F820420649204678
S32508008ae0FCF7FCFC38BD00BF002600200447010870460108D0460108B58800082DE9F04FB7
S32508008b0083B0C04B1B6893F8352042F0010283F83520D3F8203223B9FDF7BCF908B1FFF750
S32508008b20A1FFFFF7DDFEFDF7D9F9B64CB64FB74E00238DF80730236823B9AF2239463046D8
S32508008b40FDF718FA012504E04FF0FF312068FCF7B3FD20682B460DF107024FF0FF31D0F826
S32508008b602002FCF725FC0128EED19DF80780B8F11B0F04D12368012283F83420D8E725683C
S32508008b8095F83430012B0AD1B8F15B0F03D1022385F83430CCE7002385F8343076E0022BA8
S32508008ba074D1002385F83430B8F1410F1ED1EB8ECBB1013B9BB2EB8605F5E57803EB8303BC
S32508008bc005EB031150223A31404609F058FD4046FBF7C0FB80B2A5F81C02A5F81E02284687
S32508008be0FFF7BCFEA4E70023EB86A1E7B8F1420F23D1EA8E2B8F591E8A4202DA0132EA862E
S32508008c0003E0002B94D0013BEB8605F5E578EB8E03EB830305EB031150223A31404609F083
S32508008c202EFD4046FBF796FB80B2A5F81C02A5F81E022846FFF792FE7AE7B8F1440F0ED118
S32508008c40B5F81E32002B3FF473AF7148FDF746F92268B2F81E32013BA2F81E3268E7B8F1FB
S32508008c60430F13D1B5F81E32B5F81C229A427FF65FAF2B4493F8CA116648FDF72FF9226840
S32508008c80B2F81E320133A2F81E3251E708F1FF33DBB2FD2B3FF64CAFB8F1090F2ED1B5F8F9
S32508008ca01E326BB14FF00008DFF864914846FDF715F908F101082568B5F81E324345F5DCB2
S32508008cc005F5E5755448FDF709F9FFF78BFC012802D12846FFF784FDFFF702FE2A46014695
S32508008ce04E48FDF7FBF8256805F5E570FBF732FB80B2A5F81C02A5F81E0219E7B8F17F0F0D
S32508008d0002D0B8F1080F47D1B5F81E32002B3FF40FAFB5F81C22013A92B2A5F81C22013B01
S32508008d209BB2A5F81E329A422BD9E9180846D21A01F2CB1100F5E570FDF72EF82368B3F867
S32508008d401C221A44002182F8CA11B3F81E22991801F5E5713248FDF7C1F82368B3F81E523E
S32508008d60B3F81C329D423FF7E3AEDFF8A4804046FDF7B4F801352368B3F81C32AB42F6DAAE
S32508008d80D6E62848FDF7AAF82268B2F81C321344002283F8CA21CBE6B8F10D0F03D0B8F1B0
S32508008da00A0F40F09080B5F81C32002B64D0B5F83880B8F1040F37D905F5E57A502251465F
S32508008dc005F5BD7009F04CFC002855D005F13A0805F5BD79CB46404608F150085022414687
S32508008de009F04DFCC345F6D150220021484609F051FCB5F81C225146484609F040FC052380
S32508008e002B8739E0002600203047010870460108F0460108F446010884390108A0460108BD
S32508008e20F846010800470108B8F1000F0CD008F1FF3303EB830305EB0310502205F5E57195
S32508008e403A3009F00DFCB8B108EB880805EB0810502200213A3009F01DFC2B8F03EB830367
S32508008e6005EB0310B5F81C2205F5E5713A3009F006FC2B8F01332B872B8FEB86FFF7B2FBD3
S32508008e8001280FD1236893F8353013F0010F02D03A48FDF723F82068B0F81C1200F5E57022
S32508008ea0FFF7A2FBFFF71CFDFDF718F825685122002105F5E57009F0EDFB0023A5F81C329F
S32508008ec0A5F81E3234E6B5F81C324F2B03D90023A5F81C3230E0B5F81E2293422CD9A91886
S32508008ee008469A1A01F5E57100F2CB10FCF754FF2268B2F81E32D11881F8CA8192F8351003
S32508008f0011F0010F05D0D11801F5E5711C48FCF7E5FF2368B3F81E52B3F81C329D4217DA7E
S32508008f20DFF864804046FCF7D9FF01352368B3F81C32AB42F6DC0BE02B4483F8CA8195F8F1
S32508008f40353013F0010F03D041460E48FCF7C6FF2268B2F81C3201339BB2A2F81C32B2F88E
S32508008f601E120131A2F81E124F2B7FF6E1AD0023A2F81C32A2F81E32DAE500BF8439010801
S32508008f80E83E0108F4460108F046010810B5044620B9152207490848FCF7ECFFFBF750F93A
S32508008fa02346002243F8042BA3606360FBF74CF910BD00BF88470108404701082DE9F04176
S32508008fc082B00191044620B924222F492F48FCF7D1FFFDF74DFE0546FBF732F90646236826
S32508008fe0012B43D0271D63689F4204D02D2226492748FCF7BFFF019B002B3BD000236B64BE
S325080090002846FDF703FF05F12803A2681360A268EA62A360AF62FBF713F90746FCF75CFE3E
S3250800902050B1DFF8648041461A48FCF757FF402241461948FCF79EFF3846FBF705F9019B50
S32508009040002B09DD05F1600701AA00213846FEF7F5F93846FEF726F93046FBF7F5F8FDF78C
S3250800906035FC6D6CFBF7ECF8064600E000250023236001E06FF001053046FBF7E5F8284612
S3250800908002B0BDE8F08100BF9C4701084047010858470108582A01080C2F010838B5044611
S325080090a020B964220E490F48FCF764FF2368012B14D0FBF7C5F805460123236054F8040FA4
S325080090c0A04208D02838FDF79BFF2846FBF7BCF8FDF7FCFB38BD2846FBF7B6F838BD00BF24
S325080090e0B04701084047010870B50C461646054628B940F2D63224492448FCF73BFF022C65
S3250800910004D0032C0ED0012C29D105E06B8D43F020036B85002070BD6B8D23F020036B85AB
S32508009120002070BD16B37268EB6DC2F38F22C3F38F239A4203D095F82E30CBB91CE005F1FB
S32508009140580396E8030083E8030095F82E308BB16B6D1B68314628469847002070BD6B6D4C
S325080091605B68324621462846984770BD002070BD072070BD002070BD583596E8030085E85C
S325080091800300002070BD00BFE44701081C29010810B5044628B940F23F2208490848FCF719
S325080091a0E9FE002323666366636D1B6823B104F158012046984710BD002010BD2C49010853
S325080091c01C2901082DE9F04714461F46054628B940F2593238493948FCF7CCFE002F68D018
S325080091e0AB8D03F480639BB2002B40D03E462DB94FF49E7232493348FCF7BCFED5F86480B6
S32508009200B8F1000F05D14FF4A0722D492E48FCF7B1FE4FB34FF00D0A4FF0FF3923780A2B30
S3250800922011D1AB8D03F040039BB263B16B6D9B68514628469847B0F1FF3F04D149464046E7
S32508009240FFF7BCFE0EE06B6D9B68217828469847B0F1FF3F04D149464046FFF7AFFE01E054
S325080092600134013E002ED9D13846BDE8F0873E4625B9ED2215491348FCF77CFEB7B14FF0BC
S325080092800D0823780A2B09D1AB8D03F040039BB223B16B6D9B684146284698476B6D9B68E8
S325080092a014F8011B28469847013EEAD13846BDE8F0870020BDE8F087D44701081C290108E9
S325080092c0F8470108184801082C480108C44701082DE9F04716469946054628B940F23F32E7
S325080092e038493948FCF746FEB9F1000F66D0AB8D03F480739BB2002B3DD02DB94FF4867270
S3250800930032493348FCF736FE2C6E2CB94FF488722E493048FCF72EFEB9F1000F26D04F4614
S325080093204FF0000AFAF78CFFE388A2889A4204D1A26812B9FAF788FF19E0226812F80380B7
S3250800934001339BB2E380EA6DC2F38F229A4298BFA4F806A0A368012B08BFC4F808A0FAF796
S3250800936073FF06F8018B013FDCD100E04F46C7EB0900BDE8F08725B9D62217491448FCF725
S32508009380F9FDB9F1000F14D04F466B6DDB6828469847B0F1FF3F0DD006F8010B013FAB8DF1
S325080093a003F040039BB20BB10A2803D0002FECD100E04F46C7EB0900BDE8F0870020BDE85E
S325080093c0F08700BF4C4901081C290108E0480108184801083C4801083C49010838B5044671
S325080093e028B940F2E32222492248FCF7C3FD94F82E30012B39D8A38D03F480739BB2BBB1C5
S32508009400256E2DB940F2EE2219491B48FCF7B2FD2846FCF789FF00232366A38D23F480734D
S32508009420A385636D5B684FF48072112120469847A38D03F480639BB2BBB1656E2DB940F209
S3250800944016320B490D48FCF795FD2846FCF76CFF00236366A38D23F48063A385636D5B68EB
S325080094604FF48062112120469847002038BD00BF084801081C2901083C4801085048010899
S32508009480F8B50C46054628B940F252224D494E48FCF770FD04F400739BB233B16B8D03F4D6
S325080094a000739BB2002B00F0818004F400639BB22BB16B8D03F400639BB2002B79D004F433
S325080094c080739BB22BB16A8D02F4807292B2002A72D004F48066B6B22EB16A8D02F48062DF
S325080094e092B2002A6BD004F0400292B222B9AF8D07F04007BFB200E04027E4B2AC852A6ECF
S3250800950042BB5BB3E86DC0F38F200C30FCF71EFE044628B940F271222A492C48FCF72AFD3F
S3250800952004F10C002060EA6DC2F38F220021FCF7F1FB0023A380E380A3602C66AB8D43F432
S325080095408073AB856B6D5B684FF4807210212846984703E013B144F48074AC856B6EDBB91B
S32508009560FEB10C20FCF7F2FD044628B94FF42C7214491748FCF7FEFC2046FFF707FD6C6639
S32508009580AB8D43F48063AB856B6D5B684FF4806210212846984704E01EB1AB8D43F48063F8
S325080095a0AB85AB8D1F43AF850020F8BD6FF00700F8BD6FF00700F8BD6FF00700F8BD6FF01A
S325080095c00700F8BDF04801081C2901083C48010850480108F8B50D4616461F46044628B918
S325080095e040F289420D490E48FCF7C4FC002384F82830236363630B4BA3630B4BE3630B4B70
S3250800960023640B4B63640B4BA3640B4BE3642765B2B229462046FBF711FEF8BD00490108D1
S32508009620184801089191000881940008DD930008D1920008C5910008E99000082DE9F0475D
S325080096400546C9B2012903D0022961D0BDE8F087046E2CB940F2B54230493148FCF78AFCD6
S32508009660304FDFF8C890DFF8C8806B6DDB68284698478246B0F1FF3F32D0FAF7E1FD0646E3
S32508009680A388226802F803A0A38801339BB2A380EA6DC2F38F229A429CBF0023A380A38836
S325080096a0E2889A4218D101339BB2E3800122A260EA6DC2F38F229A429CBF0023E3803B6847
S325080096c053B94846FCF70AFC4046FCF707FC1648FCF704FC01233B603046FAF7B5FDC4E799
S325080096e02B6BC3B1FAF7ACFDA188E288914201D38C1A04E0EB6DC3F38F23541A1C1BFAF79E
S32508009700A3FD44B12B6B214628469847BDE8F087406EFFF7C3FCBDE8F08700BF1849010898
S325080097203C480108081F0020D8480108644801087448010838B51446054620B9372208498F
S325080097400848FCF717FC3CB16B6D1B686288218828469847002038BD4FF0FF3038BD00BF46
S32508009760384A0108484A010870B514461D46064620B9272209490A48FCF7FCFB4CB1042DA9
S3250800978009D1736D5B686288218830469847042070BD002070BD002070BD00BF90490108CA
S325080097a0484A010870B514461D46064620B9182209490A48FCF7DEFB4CB1042D09D1736D67
S325080097c09B682188304698476080042070BD002070BD002070BD00BF6C490108484A010897
S325080097e038B504460D46074B5B6D23B9882206490648FCF7BFFB0348436D1B682A46214692
S32508009800984738BD0C1F0020804A0108584A010838B504460D46074B5B6D23B98F2206491D
S325080098200648FCF7A7FB0348436D5B682A462146984738BD0C1F00205C490108584A01082A
S3250800984010B50446064B5B6D23B9962205490648FCF790FB0248436D9B682146984710BD14
S325080098600C1F002078490108584A010810B504460C4B5B6D23B99D220B490C48FCF77AFB41
S325080098802378502B04D09E2207490948FCF772FB044B5B6D9B6913B12046984710BD6FF0BF
S325080098a0050010BD0C1F002084490108584A0108704A010838B50C4B122483F828400024B8
S325080098c01C635C639C63DC631C64084D5D64084D9D64084DDD6459651A6503220146184675
S325080098e0FBF7ACFC204638BD0C1F0020A5970008699700083597000808B5436D1B680BB14E
S32508009900984708BD002008BD70B584B00024029403940191416D0E684EB11C46154601AAE9
S325080099208321B04728B9039B2B60204602E0184600E0002004B070BDF0B585B00024029459
S3250800994003940191416D0F689FB11C461646054601AA8321B84770B9336803936B6D1B684F
S3250800996001AA82212846984700280CBF2046002002E0184600E0002005B0F0BD00B585B039
S3250800998000230293039330B104AA42F80C1D8021FBF77EFD01E06FF0070005B05DF804FB1B
S325080099a048B110B584B001910292039301AA8221FBF76EFD02E06FF00700704704B010BDC0
S325080099c038B5032805D00B48FCF788FA4FF0FF3038BD0C464868FBF72BFC054638B1A0680A
S325080099e008F03AFE01462846FFF7C8FF38BD6FF0070038BD3C4B0108F8B5052805D01048D0
S32508009a00FCF76CFA4FF0FF30F8BD0C464868FBF70FFC054688B1A06808F01EFE0646E06889
S32508009a2008F01AFE0746206908F016FE03463A4631462846FFF7B4FFF8BD6FF00700F8BDFF
S32508009a40584B0108F8B504460D4617461E465822002108F01FFE084B6364084BA364084BCA
S32508009a60E364122384F8283067652665032229462046FBF7E3FBF8BD09990008399900082E
S32508009a80F998000800B585B000230293039330B104AA42F80C1D8121FBF7FAFC01E06FF02B
S32508009aa0070005B05DF804FB38B5032805D00B48FCF714FA4FF0FF3038BD0C464868FBF7F0
S32508009ac0B7FB054638B1A06808F0C6FD01462846FFF7D8FF38BD6FF0070038BD3C4B01086D
S32508009ae038B5064B064A9A4206D214461D4654F8043B9847AC42FAD3002038BDD4710108D1
S32508009b00D07101082DE9F84F0446884615461E46DDF82890C76819F0030F01D19A4202D35F
S32508009b20A844BDB928E092464FF0200BE3685A1CE2602269934208D222681AB16168584672
S32508009b40904702E0A26802F803B00AF1010A5645ECD8E5E7013D18F8010DE3685A1CE260F7
S32508009b602269934206D2226812B16168904701E0A268D054002DEDD119F0020F0FD1BDE819
S32508009b80F88F5A1CE2602269934209D222681AB161682846904703E0A268D55400E020259F
S32508009ba0E368DA1B9642ECD8BDE8F88F2DE9F04F91B0069014461D469DF8683007939DF84A
S32508009bc06C300593DDF87080DDF87490DDF878A054EA050310D11AF4006F06D130238DF865
S32508009be020302AF0100A012635E0059B102B31D12AF0100A00262EE01AF0200F0DF11F07F5
S32508009c004FF000069DF814204FF00003CDE9022314BF4FF0370B4FF0570BDDE902232046C5
S32508009c202946FBF789F8D2B20136092A94BF30325A44D2B207F8012FDDE902232046294680
S32508009c40FBF77AF804460D4654EA050303D0202EE3D100E000261AF0020F13D1B9F1000F1C
S32508009c6012D01AF0010F11D0079B1BB91AF00C0F00F0958009F1FF3991E01F2E88BF3246AA
S32508009c801DD898E0324604E0324602E0324600E04A46904513D91F2A07D910E09945F7D02C
S32508009ca0202B40F08480202209E008AB13443021013203F8011B904501D9202AF8D1059BE5
S32508009cc0082B03D1964238BF2AF0100A42F210031AEA030F3DD01AF4006F11D182B190459B
S32508009ce001D04A450CD196426BD2013A08D0059B102B59D0059B022B23D1964219D2013A2E
S32508009d00059B102B12D11AF0200F5ED11F2A18D810AB1344782103F8201C013211E010AB15
S32508009d201344582103F8201C01320AE0059B022B07D11F2A2BD810AB1344622103F8201C34
S32508009d4001321F2A23D810AB1344302103F8201C01321F2A1BD8079B33B110AB13442D218F
S32508009d6003F8201C013212E01AF0040F06D010AB13442B2103F8201C013208E01AF0080FB5
S32508009d8005D010AB1344202103F8201C0132CDF800A04B4608A90698FFF7B4FE18E04E45AB
S32508009da0FFF46BAF324674E79642A8D3ABE7013302F8011F72E7731C08AA3021915532443B
S32508009dc06CE7059B102B95D19DE71F2AA7D9DEE711B0BDE8F08F00BF2DE9F04F87B0054654
S32508009de000921C46DDF840B05FEAD37A5FFA8AFA18BF03F10044009E30462146FAF7B4FFFB
S32508009e00804689463E4B03EBCB03D3E90023CDE90223FAF731FC02460B4630462146FAF71B
S32508009e20A5FADDE90223FAF755FCCDE90401FAF79BFF06460F46FAF71FFC02460B46DDE9F6
S32508009e400401FAF793FACDE9040100222D4BFAF7D1FEA0B1013647F1000730463946FAF7AF
S32508009e600BFC02460B46DDE90201FAF7AFFEC0B118F1010849F100090026002711E00022A7
S32508009e80204BDDE90401FAF78DFE50B156EA070304D006F001020023134302D0013647F130
S32508009ea00007BBF1000F20D140464946FAF7E4FB02460B4600982146FAF758FACDE900016A
S32508009ec00022104BFAF778FE30B100220D4BDDE90001FAF78FFE40B108F00102002313438B
S32508009ee003D018F1010849F10009C5E90089C5E9026785F810A0284607B0BDE8F08F00BFA9
S32508009f00A04B01080000E03F84B02DE9F04F89B012AC84E80F00199CDDF868A01C9D1D9E1F
S32508009f20DDE91223CDE904239DF858300793002C79D0DDE91423CDE902231B9B23F47E6389
S32508009f4023F00F03DB04DB0CB3F5805F42D1DDE902010B46012873F10003C0F287800A22DF
S32508009f600023FAF799FE134334D14FF00A084FF00009013C42464B46DDE90201FAF78CFE9A
S32508009f80CDE9020142464B46FAF786FE1343F0D0C9E008F1FF3801340A2200233046394604
S32508009fa0FAF77AFE303209F8012F0A22002330463946FAF771FE06460F4656EA070302D036
S32508009fc0202CE6D1C5E01F2C00F2BC80B8F1000F1CD1B0E01F2E00F2BB8004F1FF38741CE7
S32508009fe005EB06090A220023DDE90201FAF754FE3032AA550A220023DDE90201FAF74CFE45
S3250800a00006460F4656EA0703DDD0D9E72B1930224146013403F8012B0139202C00F09280D9
S3250800a0200029F6D187E01B9B13F0100F1ED01F2E00F285802E23AB55013617E00134424675
S3250800a0404B4630463946FAF727FE30320BF8012F42464B4630463946FAF71EFE06460F4605
S3250800a06056EA070321D0202CE8D16BE01F2E68D8741C05EB060B0A220023DDE9047838461A
S3250800a0804146FAF709FE3032AA550A22002338464146FAF701FE06460F4656EA070304D0CF
S3250800a0a04FF00A084FF00009DDE71B9B03F00303012B18D1BAF1000F15D0079B1BB91B9BA6
S3250800a0c013F00C0F01D00AF1FF3AA2450BD91F2C20D82B193022013403F8012BA24502D98D
S3250800a0e0202CF8D116E01F2C14D8079B1BB12D232B5501340EE01B9B13F0040F03D02B23C2
S3250800a1002B55013406E01B9B13F0080F02D020232B5501341B9B0093534622462946189893
S3250800a120FFF7F0FC17E0DDE90223012A73F10003BFF650AF9AE7661C2E232B5596E734463C
S3250800a140B3E734461B9B03F00303012BE2D1B1E734462646F3E709B0BDE8F04F04B07047EF
S3250800a1602DE9F04F99B0044690469946239E249FDB0F099304D0114609F100438846994615
S3250800a1800022002340464946FAF70CFD002840F039814FF0FF30C04900EA080001EA0901ED
S3250800a1a00022BE4B4FF0000ADFF804B34AEA000A4BEA010B50465946FAF7D8F802460B4681
S3250800a1c0CDE90A23FAF786FA82468B46A2A3D3E90023DDE90A01FAF77DFAA1A3D3E9002304
S3250800a1e0FAF7C6F8CDE90C019FA3D3E9002350465946FAF76FFA02460B46DDE90C01FAF7D2
S3250800a200B5F8CDE90C0152465B46DDE90A01FAF761FA97A3D3E90023FAF75CFA02460B4671
S3250800a220DDE90C01FAF7A4F882468B46C9F30A50A0F2FF30FAF7E8F98FA3D3E90023FAF76C
S3250800a24049FA02460B4650465946FAF791F882468B4600220023FAF7C3FC28B150465946C9
S3250800a260FAF7D2FC05460CE050465946FAF7CCFC0546FAF7C9F952465B46FAF793FC00B97C
S3250800a280013D15F59A7F00F04E822846FAF7BCF9CDE90A017AA3D3E90023FAF71BFA002296
S3250800a2a07F4BFAF765F882468B46CDE90CAB00220023FAF795FC28B150465946FAF7A4FC0C
S3250800a2c082460FE0DDE90C01FAF79EFC8246FAF79BF902460B46DDE90C01FAF763FC08B991
S3250800a2e00AF1FF3A68A3D3E90023DDE90A01FAF7F1F9CDE90A015046FAF786F964A3D3E9FC
S3250800a3000023FAF7E7F902460B46DDE90A01FAF72DF802460B46CDE90A23FAF7DBF9CDE9C4
S3250800a3200C01DDE90A0102460B46FAF721F8CDE90E0100225B4BDDE90C01FAF7F5FA00222C
S3250800a340594BFAF715F802460B46DDE90C01FAF7EBFA0022554BFAF70BF802460B46DDE9F6
S3250800a3600C01FAF7E1FACDE90C01DDE90A2300204FF08041F9F7FAFF02460B46DDE90C01CB
S3250800a380F9F7F6FF02460B46DDE90E01FAF7CCFA0022474BF9F7ECFF4FEA0A5A00220AF15C
S3250800a3a07F5303F54013FAF795F90A908B4602460B4640464946FAF7FFFB20B90CE03D4BA2
S3250800a3c00A933D4B9B46013D0022374B0A985946FAF7AAFA0A908B4605F11103222B0ED809
S3250800a3e0364B85EAE572A2EBE57203EBC20153F832300A934B689B4601230C9303E00023CC
S3250800a4000C9300E0002517F4805F00F0A881229B002B08BF012315F1040FC0F295819D42F4
S3250800a420C0F2978190E123EAE373229347F40067002D01DA0C9B0BB9002300E00123BAF1D4
S3250800a440000F3FD100E00123002D55D14FF0000A38E000BFAFF300805F436F63A787D23F83
S3250800a460FCB7608B288AC63F7E043F2FDFB4B83FFF0338B81BF6A53FFF799F501344D33F48
S3250800a48071A379094F930A401655B5BBB16B0240EF39FAFE422EE63FFFFF0F000000F83FBA
S3250800a4a00000E03F00002C4000002440000018400000F03FD2E81978D6300700A04B0108CC
S3250800a4c04FF0000A099B1BB1404609F1004101E040464946229B009302460B4612A8FFF765
S3250800a4e07BFCDDF84890DDF84C80BAF1000F40F08F804A464346A8E05BB10A9A5B46404618
S3250800a5004946FAF7E7F8229B5B1BB3F5997F0CDC28E10A9A5B4640464946FAF705FA229BE3
S3250800a5205B1BB3F5997F40F34181099B0BB101F10041229B009302460B4612A8FFF74CFC6E
S3250800a540DDE91223CDE90C235DE00E9A53460A985946FAF7E9F902460B4640464946FAF7DC
S3250800a560E3F98046894606E00A9A5B460E985146FAF7DAF948E140464946FAF7F5FBCDE95B
S3250800a5800A01FAF779F802460B4640464946F9F7EDFECDE910014FF001084FF0000900223E
S3250800a5a0AF4BFAF71DFB18B94FF000084FF00009DDE90A2312EB080243EB09039046994641
S3250800a5c00022A74BDDE91001FAF7ECFA08B128F0010840464946FAF74FF80E9A5346FAF752
S3250800a5e0FFFA50B1DDE90C23013243F10003CDE90C234FF000084FF00009CDE914899DF898
S3250800a60024308DF85830DDE90C234FF0000A1CE017F4805F00F00C81B5F1FF3FC0F208810B
S3250800a62005F1010B48464146FAF726F88D4B03EBCB03D3E90023FAF7B5FA002800F0F88043
S3250800a640229B013B22935D46F2E00A2A73F10001C0F2E180013500220023CDE91423012292
S3250800a6600023D8E04E458CBFC9EB06010021D4F80C80CDE91223269B0793259B06930597A4
S3250800a6800491229B0393029418AB13E903008DE8030012AB0FCBFFF737FCBAF1000F40F04A
S3250800a6a0FF8017F0200F14BF45206520E3685A1CE2602269934206D2226812B161689047F2
S3250800a6c001E0A268D054002D02DD2A46EB1703E06A4222EA0503DB170521049109F1FF3165
S3250800a6e00391002102910A210191ED0F00952046FFF75CFABBF1000F0ED1D1E05A1CE26001
S3250800a7002269934209D222681AB161682846904703E0A268D55400E02025E368C8EB03024F
S3250800a7209642EBD8BCE04CA3D3E9002340464946FAF742FA00287FF442AE00230C934A4BE2
S3250800a7400A934A4B9B465EE6229B013B4FF0000A69E6229B013B5B1B4FF0010A63E6002DD4
S3250800a76074DA6CE0FAF700FBCDE90C01F9F784FF0A9A5B46FAF7D8F802460B46404649465B
S3250800a780F9F7F4FD80468946364B229A03EBC202229953F8313019460E93D2F804A00A4621
S3250800a7a053460A985946F9F795FF2DE0FAF7DCFACDE90C01F9F760FF0A9A5B46F9F78AFF89
S3250800a7c002460B4640464946F9F7D0FD80468946244B229A03EBC202229953F831300E9386
S3250800a7e0D2F804A0CBF30A52A2F2FF32002AB8BF5242CAF30A53A3F2FF33002BB8BF5B42A9
S3250800a8009A427FF7B1AEA0E642464B46F9F762FF80468946AFE605F16301C72934BF4FF0E3
S3250800a82004094FF0050917F0020B3FF41BAF1FE007F0020B4A4643464FF0000912E70C9B9B
S3250800a840002B7FF400AE4FF0000AF5E5002D3FF437AE5EE6AFF30080D2E81978D630070078
S3250800a8600000E03FA04B0108D2E81978D6300700D4F80C80CDE91223269B0793259B069368
S3250800a880059700230493229B0393029418AB13E903008DE8030012AB0FCBFFF735FB00E78D
S3250800a8a019B0BDE8F08F00BF2DE9F04699B0814610461946CDE90801229E9DF88C70FAF7CC
S3250800a8c071F938B90096219B032257494846FFF719F99EE04FF0FF326FF48013DDE90801AF
S3250800a8e0FAF76AF938B10096219B04224F494846FFF708F98DE04FF0FF324D4BDDE9080134
S3250800a900FAF778F980B106F0040000280096219B14BF042203224749474C002818BF21467B
S3250800a9204846FFF7EFF874E0002F6AD13AA3D3E90023DDE9084520462946FAF75BF940B9FE
S3250800a94037A3D3E9002320462946FAF735F900285BD00023049310AB03930296219B0193F6
S3250800a960209B0093DDE908234846FFF7F9FB50E0209B112B3AD81C46002509E0013302F83B
S3250800a980011F013C202B02D09D42F7D100E01D4617B910E000250624049510AB03930296B4
S3250800a9a0219B01930094DDE908234846FFF7D8FB2FE0002506240DF1280A0094DDE908234A
S3250800a9c05046FFF709FA079510AB06930596219B04930394CDF808900EAB93E803008DE85C
S3250800a9e003009AE80F00FFF78FFA12E018AA302302F8203D209B5C1EA3F111050123302184
S3250800aa00C2E716F4006FB3D1C4E716F4006FD0D0AEE719B0BDE8F0860000000065CDCD4105
S3250800aa200000000065CDCDC1844B0108884B0108FFFFEF7F784B01087C4B01082DE9F04F37
S3250800aa408FB015460029B8BF6FF00041002808BF0021002209920A920B900C920D919846F0
S3250800aa604FF0200BCDF818B04AE325280ED00C9B5A1C0C920D9A934206D2099A12B10A9961
S3250800aa80904701E00B9AD054013539E36A1C6B78002B00F039830024154612F8013BA3F13C
S3250800aaa02001102919D8DFE801F012181815181818181818180F180C1818090044F00104E1
S3250800aac0EAE744F00204E7E744F00404E4E744F00804E1E744F01004DEE7A3F13002D2B229
S3250800aae0092A0DD8002606EB860603EB4606303E15F8013FA3F13002D2B2092AF3D913E05C
S3250800ab002A2B10D108F10401D8F80060002EBCBF44F0020476426A1C6B78002B00F0F4822E
S3250800ab208846154600E000262B782E2B2AD144F40064691C6B78002B00F0E682A3F1300294
S3250800ab40D2B2092A0ED8002707EB870703EB4707303F11F8013FA3F13002D2B2092AF3D966
S3250800ab600D4613E02A2B0FD108F10401D8F8007027EAE777AA1CAB78002B00F0C582884686
S3250800ab80154603E0002701E00D4600272B78683B122B4BD8DFE803F01D4A394A0A4A4A4AB5
S3250800aba04A4A4A4A304A4A4A4A4A42006B78002B00F0AA826C2B03D044F40074013535E0F0
S3250800abc044F4C064AB1CAA78002A00F09D821D462CE06B78002B00F09782682B03D044F0C9
S3250800abe08004013522E044F0C004AB1CAA78002A00F08A821D4619E044F400746B1C6A7813
S3250800ac00002A00F081821D4610E044F480646B1C6A78002A00F078821D4607E044F4007427
S3250800ac206B1C6A78002A00F06F821D462878A0F12503532B00F25682DFE813F01802540254
S3250800ac40540254025402540254025402540254025402540254025402540254025402540286
S3250800ac60540254025402540254025402540254025402540254025402540254022A011401D2
S3250800ac802A0154025402540254025402540254025402540254025402540254025402540271
S3250800aca0540254005402540254025402540254025402540254025400490154002A011401A4
S3250800acc02A0154025400540254025402540229025400F90154025402830154025400540290
S3250800ace054025400642801D0692801D144F48044782800F01E82582800F017826F2800F020
S3250800ad001A82622800F0198224F010040A21013514F4006F18BF24F0010414F4804F5DD080
S3250800ad2014F4806F1BD008F1070020F0070000F10808D0F804E002687346002A7EF10000A3
S3250800ad4002DA52426EEB4E0304940396029701914FEADE71009109A8FEF728FFD0E114F4D0
S3250800ad60007F17D008F10409D8F80000002802DD0246C31703E0424222EA0003DB17049460
S3250800ad80039602970191C00F009009A8FEF70EFFC846B5E114F0400F04D098F9000008F17A
S3250800ada0040808E014F0800F14BFB8F90000D8F8000008F10408002802DD0246C31703E099
S3250800adc0424222EA0003DB170494039602970191C00F009009A8FEF7E9FE91E124F00C0006
S3250800ade014F4806F11D008F1070323F0070303F10808D3E9002304900396029701910021F1
S3250800ae00009109A8FEF7D2FE7AE114F4007F0ED008F10404D8F80020002304900396029783
S3250800ae200191009309A8FEF7C1FEA04668E114F0400F04D098F8002008F1040808E014F083
S3250800ae40800F14BFB8F80020D8F8002008F1040800230490039602970191009309A8FEF709
S3250800ae60A5FE4DE1462808BF44F0200408F1070828F0070303F10808D3E9002300210391A4
S3250800ae8002940196009709A8FFF70EFD013537E100F0DF03472B40F0528144F4805400F09D
S3250800aea0FD00452801D144F0200408F1070828F0070303F10808D3E9002301210391029497
S3250800aec00196009709A8FFF7EFFC013518E114F0020911D043E10C9B5A1C0C920D9A93422A
S3250800aee008D2099A1AB10A990698904702E00B9A02F803B0234600E001235C1C9E42EAD829
S3250800af0021E1099A12B10A99904701E00B9AD054B9F1000F12D00FE00C9B5A1C0C920D9AAB
S3250800af20934208D2099A1AB10A990698904702E00B9A02F803B00134A642EDD80135B84684
S3250800af40DEE008F104030793D8F80080B8F1000F07D1009433460622914909A8FEF7D2FD27
S3250800af6061E0002F14BF3A466FF0004298F80000002800F00481434613F8011F09B1013A89
S3250800af80FAD1C8EB030314F4006A02D0BB4228BF3B4614F0020410D0F9E00C9B5A1C0C92F8
S3250800afa00D9A934208D2099A1AB10A990698904702E00B9A02F803B04B4603F101099E4204
S3250800afc0EBD8DEE00C9B5A1C0C920D9A934206D2099A12B10A99904701E00B9AD054013F09
S3250800afe018F8010F28B9544608E09946234654469A46002CE6D0002FE4D154469CB110E061
S3250800b0000C9B5A1C0C920D9A934208D2099A1AB10A990698904702E00B9A02F803B009F15D
S3250800b02001094E45ECD80135DDF81C8068E044F4005444F0010408F10406D8F800203AB907
S3250800b04000940A230522574909A8FEF75BFD0AE0002304940A210391029710210191009309
S3250800b06009A8FEF7A3FD0135B04649E00C9B5A1C0C920D9A934208D2099A1AB10A992520C0
S3250800b080904702E025210B9AD154013538E014F0400F06D0D8F800300C9A1A7008F104082D
S3250800b0a01EE014F0800F06D0D8F800300C9A1A8008F1040814E014F4007F06D0D8F8003085
S3250800b0c00C9A1A6008F104080AE014F4806FD8F800300C9A1A601CBF00225A6008F1040880
S3250800b0e001350DE00C9B5A1C0C920D9A934206D2099A12B10A99904701E00B9AD054013550
S3250800b100287800287FF4B1AC099B002B44D10D9B002B41D00B9900293ED00C9A934298BF14
S3250800b12003F1FF3200238B5436E044F020041021EDE51021EBE50821E9E50221E7E5452815
S3250800b1407FF4B3AEAFE608F1040798F800000C9B5A1C0C920D9A9342FFF4D3AEEEE608F16C
S3250800b1600407D8F800000C9B5A1C0C920D9A9A4298BF01247FF6E0AEC0B20124C1E6434662
S3250800b180FFE698F8000000287FF430AF4BE7994600283FF446AF28E70C980FB0BDE8F08FBB
S3250800b1a0904B0108984B010810B500F03FF8041E02DB00F0D1F90446002C10DD104B1B78BB
S3250800b1c0E3B901220E4B1A700E48FAF787FE0E490E48FAF783FE0E48FAF780FE0EE00022FF
S3250800b1e0074B1A7030220B490B48FAF777FE06490A48FAF773FE0648FAF770FE204610BD23
S3250800b200641F0020304C0108444C01084C4C0108D8480108E04C0108884C0108A44C01088A
S3250800b220014B1878704700BF641F0020214B1B78002B3CD100B585B01F4B9B6A33B11E4B2E
S3250800b240DB6A4BB11C4B1B6B93B90BE01B4A1C491C48FAF743FEFEE7184A1B491948FAF71E
S3250800b2603DFEFEE7154A19491648FAF737FEFEE7114B5B6A03B19847312210491448FAF7C9
S3250800b2802DFE0D4B1A6A0292DA6901929A690092182211460F48FAF721FE0F48FAF71EFE3E
S3250800b2a00122044B1A70002005B05DF804FB0020704700BF651F00204C640108D84D01083A
S3250800b2c0EC4C0108084D0108284D0108444D0108604D0108744D01088439010808B50C4B4F
S3250800b2e01B782BB90B4A0C490C48FAF7F7FDFEE728B9084A0A490948FAF7F0FDFEE718222D
S3250800b300084907F0CFF90028064818BF002008BD651F0020E84D0108D04D0108084D010877
S3250800b320705401084C64010808B50F4B1B68834205D90E4A0E490F48FAF7D0FDFEE70E4A3B
S3250800b340126802F18062013A03EB8212904205D9064A0A490748FAF7C1FDFEE7C31A9B1114
S3250800b360074A52F8230008BD6C1F0020004E0108444E0108084D0108681F00205C4E0108E7
S3250800b380701F0020002943D02DE9F84F0F4600F11C040025DFF89890DFF880B0DFF894A0BB
S3250800b3a0A4F11C082046FFF799FF064660B98C2259465046FAF792FD21461648FAF78EFDC9
S3250800b3c01548FAF78BFD1CE0A269C3699A4216DB932212491248FAF781FDF369D8F8342030
S3250800b3e008F104010F48FAF779FD0F48FAF776FD00220E4B1A604FF0FF30BDE8F88F49F8F8
S3250800b400250001354034AF42CAD10020BDE8F88F00207047904E0108843901087852010820
S3250800b420884C0108BC4E0108D8480108681F0020701F0020604D01082DE9F04786B03B4BD0
S3250800b4401D68C5B13A4B1B681C1D03EB85150435092604272046F8F77DFF874238BF0746A9
S3250800b46004F11800F8F776FF864238BF06464034A542EFD101E0092604272E4D2846FAF712
S3250800b4802DFD2D48FAF72AFD2C4C2046FAF726FD2846FAF723FD2A4B029318220192009609
S3250800b4a0284B39462848FAF719FD2046FAF716FD2846FAF713FD2548FAF710FD2046FAF77A
S3250800b4c00DFD1A4B1B6823B30025DFF864A0DFF86490DFF88080DAF8004004EB85144846CC
S3250800b4e0FAF7FCFCA36B0493636B039304F11C030293182201920096231D39464046FAF70A
S3250800b500EDFC0E48FAF7EAFC0135084B1B68AB42E1D80848FAF7E2FC0D48FAF7DFFC0748C6
S3250800b520FAF7DCFC06B0BDE8F08700BF681F00206C1F0020304C01080C4F0108D84801083F
S3250800b5407C4F0108705401084C4F0108884F0108F04F0108C84F010808B50B4B1B7813B1E6
S3250800b5600A4B186808BD0A480A4B18600321074B1960FFF707FF10B90122034B1A70FFF75F
S3250800b5805BFF024B186808BD7C1F0020681F0020DC7101086C1F00202DE9F0410F4B1B781A
S3250800b5a02BB180460E4B1F680026A7B105E00D4A0D490E48FAF792FCFEE70D4B1C68002530
S3250800b5c02646211D4046F8F7BBFE20B101354034BD42F5D100263046BDE8F0817C1F0020D8
S3250800b5e0681F0020A8520108D04D0108084D01086C1F0020F8B528B9294A2A492A48FAF78D
S3250800b6006DFCFEE70C4616461F4605462AB9244A26492548FAF762FCFEE7CB18826B93426A
S3250800b6200ED94FF4D0721E492148FAF757FC2148FAF754FC2048FAF751FC4FF0FF30F8BD09
S3250800b640FFF772FE034688B940F2A71214491848FAF744FC2A1D05F11C011848FAF73EFC2E
S3250800b6601548FAF73BFC4FF0FF30F8BD686B9B6A3A46314620449847041E0FDA4FF4D7726B
S3250800b68007490B48FAF72AFC05F11C010C48FAF725FC0948FAF722FC2046F8BD2046F8BDD3
S3250800b6a0304E01083C500108084D010844500108884C010848500108D848010880500108E5
S3250800b6c0CC500108F8B528B9294A2A492A48FAF705FCFEE70C4616461F4605462AB9244ACB
S3250800b6e026492548FAF7FAFBFEE7CB18826B93420ED940F2C9121E492148FAF7EFFB2148E8
S3250800b700FAF7ECFB2048FAF7E9FB4FF0FF30F8BDFFF70AFE034688B94FF4E8721449184801
S3250800b720FAF7DCFB2A1D05F11C011848FAF7D6FB1548FAF7D3FB4FF0FF30F8BD686BDB6A60
S3250800b7403A46314620449847041E0FDA40F2D71207490B48FAF7C2FB05F11C010C48FAF7D2
S3250800b760BDFB0948FAF7BAFB2046F8BD2046F8BD1C4E01083C500108084D010844500108D3
S3250800b780884C010800510108D8480108385101088451010870B528B9254A26492648FAF788
S3250800b7a09DFBFEE70C46164605468B18826B93420ED94FF4F8721E492048FAF78FFB20485A
S3250800b7c0FAF78CFB1F48FAF789FB4FF0FF3070BDFFF7AAFD034688B940F2F712144917484E
S3250800b7e0FAF77CFB2A1D05F11C011748FAF776FB1448FAF773FB4FF0FF3070BD686B1B6B09
S3250800b800314620449847041E0FDA4FF4FF7208490A48FAF763FB05F11C010C48FAF75EFBFE
S3250800b8200848FAF75BFB204670BD204670BD00BF945201083C500108084D0108884C0108BF
S3250800b840BC510108D8480108F4510108405201082DE9F04F8FB005460C4609AEAA4F0FCFF3
S3250800b8600FC63B683360FFF7DBFC012803D0A748FAF734FB68E3012D10D8A548FAF72EFB6F
S3250800b88009AC0EAEA34D54F8041B2846FAF726FBB442F8D1A048FAF721FB55E366689F49AC
S3250800b8a03046F8F74DFD002842D1022D20D9A4682046FFF713FD0146994B186018B1002262
S3250800b8c0984B1A6017E02046FFF766FE954B186020B10022924B1A60014615E02146924827
S3250800b8e0FAF7FCFA00238E4A13608E4A136015E08B4B196829B1CB698A698C48FAF7EEFAA0
S3250800b90022E3884B196849B14B6B8A6B009201F11C0204318648FAF7E1FA15E38548FAF7F4
S3250800b920DDFA85498548FAF7D9FAFFF785FD0BE37B4B1B6833B97B4B1B681BB98048FAF752
S3250800b940CDFA01E37F493046FAF778FA002877D1032D04D87C497948FAF7C0FAF4E20022E8
S3250800b9601146A06806F04EFF0546834600221146E06806F047FF8046FAF7E8FB0146039092
S3250800b980002859D0664B1B682BB19B6A424628469847029008E0634B186828B14346039AB7
S3250800b9a02946FFF727FE0290029B002B40DB424629466648FAF792FA6548FAF78FFAB8F188
S3250800b9c0000F32D0039C2746DFF8ACA1DFF8AC91C7EB0B0121445F48FAF780FA04F11006C4
S3250800b9e02546EB1B434504D229784846FAF776FA02E05046FAF772FA0135B542F1D1E31B18
S3250800ba00984508D92178A1F120035F2B28BF2E215148FAF763FA0134A642F0D13E48FAF710
S3250800ba205DFA3446F61B4645D2D33B48FAF756FA0398FAF779FC60E24848FAF74FFA5CE2D7
S3250800ba4047493046F8F77CFC002840F09D80032D04D844493948FAF741FA75E200221146E0
S3250800ba60A06806F0CFFE8346A5F1030A5046FAF76DFB8146002800F08380BAF1000F0FD017
S3250800ba800834461E2F1F07444FF000084246414654F8040F06F0B6FE06F8010FBE42F5D12C
S3250800baa01F4B1B6833B1DB6A5246494658469847029008E01B4B186828B153464A465946BD
S3250800bac0FFF700FE0290029B002B19DB524659462548FAF703FA2548FAF700FABAF1000F72
S3250800bae00BD009F1FF34043D4D44214E14F8011F3046FAF7F3F9AC42F8D11E48FAF7EEF97B
S3250800bb004846FAF711FCF8E17428010800530108405301080C460108843901084853010850
S3250800bb20801F0020841F00205053010874530108AC530108F8530108245401087854010847
S3250800bb4084540108C8540108D0540108185501085C55010898550108F4460108A455010839
S3250800bb60B4550108BC5501080C560108445601085456010830590108A0550108BC3901083C
S3250800bb80AC48FAF7ABF9B8E1AB493046FAF756F968BB032D04D8A949A948FAF79FF9D3E17C
S3250800bba000221146A06806F02DFE054600221146E06806F027FE0446A24B1B682BB11B6B92
S3250800bbc0014628469847029007E09F4B186820B122462946FFF7DEFD0290029B002BC0F25B
S3250800bbe08F81224629469948FAF778F9ACE198493046F8F7A5FB002840F06E81022D04D848
S3250800bc0094498F48FAF76AF99EE1032D04D99249E068F8F795FB48B100221146A06806F070
S3250800bc20F1FD01468D48FAF759F98DE100221146A06806F0E7FD054600221146A06806F01E
S3250800bc40E1FD83462846FAF781FA044604905846FAF77CFA0590002C00F03481002800F0F4
S3250800bc60318135B1621E002302F8013F01339D42FAD1744B1B6813B1D3F81C8004E0724B55
S3250800bc801B680BB1D3F8388041467548FAF726F9F9F71EFA04466B4B1B682BB11B6B41460C
S3250800bca000209847029007E0674B186820B142460021FFF76FFD0290029B002B18DBF9F7B3
S3250800bcc007FA001B6749A1FB003189094FF47A7202FB11026448FAF701F941466348FAF732
S3250800bce0FDF8F9F7F5F90646B8F1000F0FD10CE102995F48FAF7F2F841465C48FAF7EEF873
S3250800bd00F9F7E6F90646B8F1000F00F0128147460020DFF83091DFF830A18646029805EB7C
S3250800bd200E04A04534BF3A462A46D9F8001021B1CB6A0499704698470AE0DAF800C0BCF1D8
S3250800bd40000F05D01346049A71466046FFF7BAFC00281DDBA6467F1BA045E0D80290F9F72C
S3250800bd60B7F9801B3F49A1FB003189094FF47A7202FB11023F48FAF7B1F841463E48FAF725
S3250800bd80ADF8F9F7A5F90790B8F1000F10D184E0014602903948FAF7A1F841463648FAF7F4
S3250800bda09DF8F9F795F90790B8F1000F00F08580C1460023039303980BEB000AD04534BFBB
S3250800bdc04B465B461A4606931E4B1B6823B19B6A05999847029008E01B4B186828B1069B0E
S3250800bde0059A0399FFF706FC0290069B002B4BD0049A561E059A551E1F46002416F8013F8E
S3250800be0015F8012F934205D00092224603991C48FAF764F80134BC42F0D1069A0599049818
S3250800be2006F01EFC80B31748FAF758F84FF0FF33029342E0A4550108585601086056010871
S3250800be4078540108801F0020841F0020AC560108E4560108EC5601083457010838570108B8
S3250800be6088570108D34D6210AC570108DC570108005801083058010860580108845801085A
S3250800be80B4580108C8580108029B002B15DBCDF80CA0CBEB0909D0458DD8F9F719F9079B47
S3250800bea0C01A2B49A1FB003189094FF47A7202FB11022848FAF712F807E002992648FAF73C
S3250800bec00DF802E02548FAF709F80498FAF72CFA0598FAF729FA10E02148F9F7FFFF09ACAE
S3250800bee00EAE204D54F8041B2846F9F7F7FFA642F8D11D48F9F7F2FF26E0029B002B23DA8A
S3250800bf0002991A48F9F7EAFF1EE0F9F7E1F8801B4FF47A72B0FBF2F102FB11021448F9F7C2
S3250800bf20DDFF41461348F9F7D9FFF9F7D1F80790B3E702991048F9F7D1FF41460D48F9F704
S3250800bf40CDFFF9F7C5F8B8E70FB0BDE8F08F00BFD34D62100459010834590108A455010889
S3250800bf60405301080C460108843901086459010830580108605801088458010808B5074AEB
S3250800bf80136843F010031360032000F015F80F2001F0C6FD01F02CFC002008BD00200240FC
S3250800bfa0034A1368034909780B441360704700BF0426002098000020074AD36823F4E063BE
S3250800bfc01B041B0C43F0BF6343F40033000200F4E0600343D360704700ED00E030B4164BD6
S3250800bfe0DB68C3F30223C3F10704042C28BF04241D1D062D8CBF033B0023012505FA04F4E1
S3250800c000013C0C409C4005FA03F3013B1A402243002808DB1201D2B200F1604000F56140F4
S3250800c02080F8002305E000F00F001201D2B2034B1A5430BC704700BF00ED00E014ED00E010
S3250800c040002808DB420900F01F00012303FA00F0014B43F82200704700E100E000280DDB2B
S3250800c060430900F01F00012202FA00F02033044A42F82300BFF34F8FBFF36F8F704700BF94
S3250800c08000E100E00138B0F1807F0AD2064B5860F021064A82F823100020986007221A604A
S3250800c0a070470120704700BF10E000E000ED00E00428044A13680CBF43F0040323F0040373
S3250800c0c01360704710E000E070B490F82040012C41D0012480F8204090F82140012C35D1F5
S3250800c0e0022480F821400024846305682C6824F001042C60C56B066C0124B4406C6004688F
S3250800c10063604368102B04D103689A600368D96003E0036899600368DA60C36A2BB102682B
S3250800c120136843F00E03136009E00268136823F0040313600268136843F00A031360026862
S3250800c140136843F001031360002005E0002380F82030022000E0022070BC7047154BDB6812
S3250800c16013F0100F06D0144AD36943F00203D361102300E000230F4AD26812F0040F06D0FF
S3250800c1800D49CA6942F00102CA6143F00403094AD26912F0010F09D00749CA6942F004023A
S3250800c1a0CA610449CA6922F00102CA61014AD360704700BF0020024008260020084B1B690B
S3250800c1c013F0800F09D0064B064A5A6002F188325A601869C0F3C01070470020704700BFD3
S3250800c1e00020024023016745034A136943F0800313610020704700BF0020024070B50446A5
S3250800c20001F080FC0646184D08E0B4F1FF3F05D01CB301F077FC801B844220D3EB6813F075
S3250800c220010FF2D1104BDB6813F0200F02D020220D4BDA600C4BDB6813F0100F09D10A4BBC
S3250800c240DB6913F0010F04D1074BDB6813F0040F07D0FFF783FF012070BD032070BD0320E9
S3250800c26070BD002070BD00BF002002402DE9F84F274C247E012C3FD01F4690460D4604468F
S3250800c2800122234B1A764CF25030FFF7B7FF034660BB012C33D0022C0CBF4FF0020B4FF0ED
S3250800c2a0040B2EE03301C3F12001A3F1200228FA03F307FA01F10B4327FA02F213439BB283
S3250800c2c0CAF81C90226942F0010222612B804CF25030FFF793FF236923F00103236103463E
S3250800c2e020B901360235F2B29345DBD80021084A11761846BDE8F88F0220BDE8F88F4FF0A9
S3250800c300010B0026DFF808A0B146024CCAE700BF08260020002002400022064BDA61064BFA
S3250800c3201A6942F002021A6158611A6942F040021A61704708260020002002402F4B1B7E16
S3250800c340012B58D02DE9F0410F46054601222B4B1A760368022B1BD14CF25030FFF74EFFE6
S3250800c36000283DD10022254BDA61254C236943F004032361236943F0400323614CF25030AD
S3250800c380FFF73CFF0246236923F0040323612CE04CF25030FFF732FF20BB4FF0FF333B6014
S3250800c3a0AC68EB6804EBC3239C421DD24CF25038134E2046FFF7B0FF4046FFF71FFF3369FE
S3250800c3c023F002033361024608B13C600DE004F50064E968AB6803EBC123A342E9D804E0FC
S3250800c3e0012202E0012200E001220021034B19761046BDE8F0810220704700BF08260020B4
S3250800c400002002402DE9F04F83B00E68002E00F0C98000252A46DFF8A8E1644CDFF8A4C166
S3250800c420DFF8A4810123934033EA060640F0B4804E68122E2FD00BD8022E29D003D86EB371
S3250800c440012E20D033E0032E1BD0112E1DD02EE0574FBE4222D008D8DFF870914E451DD076
S3250800c46009F580394E4522D118E0524FBE4215D007F58037BE4211D0DFF854914E4516D129
S3250800c4800CE0002513E0CD6811E0CD6804350EE0CD6808350BE0CD680C3508E08D682DB17A
S3250800c4a0012D0CBF03614361082500E00425FF2B05D88146D0F800A09600D34607E000F17A
S3250800c4c00409D0F804A0A2F10806B600D3464FF00F0A0AFA06FA2BEA0A0A05FA06F64AEAB1
S3250800c4e00606C9F800604E6816F0805F54D0324EB66946F00106304FBE61BE6906F00106A4
S3250800c5000196019E22F0030A0AF1804A0AF5803ADAF8086002F0030B4FEA8B0B4FF00F09DA
S3250800c52009FA0BF926EA0909704509D0604509D0224EB04208D040450CBF0326042604E0F7
S3250800c540002602E0012600E0022606FA0BF646EA0906CAF808604E6816F4803F266814BF4C
S3250800c5601E439E4326604E6816F4003F666814BF1E439E4366604E6816F4801FA66814BFFD
S3250800c5801E439E43A6604E6816F4001FE66814BF334326EA0303E36001320E6836FA02F3A8
S3250800c5a07FF440AF03B0BDE8F08F00BF00040140000021100000311000100240001001401B
S3250800c5c000080140000C0140001401400000111000002210002977D02DE9F04F83B00E46C3
S3250800c5e000224FF001084FF00F09DFF8E4B04FF0040A0190DFF8DCC008FA02F313EA0601B5
S3250800c6005BD022F0030303F1804303F580339D6802F00304A40009FA04F73D400095584518
S3250800c6200FD02A4DA8420FD005F58065A8420DD005F58065A8420CBF4FF0030E4FF0040EF2
S3250800c64006E04FF0000E03E0C64601E04FF0020E0EFA04F4009DA54218D19C6824EA0707ED
S3250800c6609F60DCF80040CB431C40CCF80040DCF804401C40CCF80440DCF808401C40CCF873
S3250800c6800840DCF80C402340CCF80C30FF2903D8019D0468930004E0051D4468A2F10803D1
S3250800c6a09B0009FA03F724EA07040AFA03F323432B60C36823EA0103C360013236FA02F319
S3250800c6c09AD103B0BDE8F08F704700BF000C014000080140000401408368194214BF01207F
S3250800c6e0002070470AB10161704709040161704708B5044B5B69034203D0024B586101F07C
S3250800c700F9FB08BD00040140002800F071822DE9F04182B00446036813F0010F6BD0A64B95
S3250800c7205B6803F00C03042B0AD0A34B5B6803F00C03082B0DD1A04B5B6813F4803F08D00D
S3250800c7409D4B1B6813F4003F55D0A368002B52D150E2A368B3F5803F05D1974A136843F48F
S3250800c7608033136026E063B903F1804303F504331A6822F480321A601A6822F480221A6005
S3250800c78018E0B3F5A02F0CD103F18043A3F53C331A6842F480221A601A6842F480321A60C9
S3250800c7a008E0854B1A6822F480321A601A6822F480221A60A3687BB101F0A4F906467E4D5F
S3250800c7c005E001F09FF9801B642800F215822B6813F4003FF5D00EE001F094F90646764D14
S3250800c7e005E001F08FF9801B642800F207822B6813F4003FF5D1236813F0020F50D06E4B14
S3250800c8005B6813F00C0F0AD06B4B5B6803F00C03082B16D1684B5B6813F4803F11D1664BEB
S3250800c8201B6813F0020F03D06369012B40F0E881614A1368A16923F0F80343EAC10313604D
S3250800c8402EE06369D3B101225C4B1A6001F05AF90646594D05E001F055F9801B022800F217
S3250800c860D1812B6813F0020FF5D0534A1368A16923F0F80343EAC103136011E000224F4BAB
S3250800c8801A6001F03FF906464B4D05E001F03AF9801B022800F2B8812B6813F0020FF5D19D
S3250800c8a0236813F0080F33D0E369FBB10122444B1A6001F027F906463F4D05E001F022F9C4
S3250800c8c0801B022800F2A2816B6A13F0020FF5D03C4B1B683C4AA2FB03235B0A019300BFB7
S3250800c8e0019B5A1E0192002BF9D111E00022344B1A6001F007F906462F4D05E001F002F9F8
S3250800c900801B022800F284816B6A13F0020FF5D1236813F0040F00F09180274BDB6913F043
S3250800c920805F0BD1244BDA6942F08052DA61DB6903F080530093009B012500E00025234B6C
S3250800c9401B6813F4807F13D1204A136843F48073136001F0D7F807461C4E05E001F0D2F8C3
S3250800c960C01B642800F25681336813F4807FF5D02369012B05D1104A136A43F00103136202
S3250800c9802FE063B903F1804303F504331A6A22F001021A621A6A22F004021A6221E0052B1A
S3250800c9a016D1054B1A6A42F004021A621A6A42F001021A6215E000BF00100240000042423B
S3250800c9c0800442429C000020D34D6210007000409F4B1A6A22F001021A621A6A22F00402A8
S3250800c9e01A62236993B101F08DF88046984E41F2883706E001F086F8C8EB0000B84200F2D5
S3250800ca000B81336A13F0020FF4D011E001F07AF880468F4E41F2883706E001F073F8C8EB29
S3250800ca200000B84200F2FA80336A13F0020FF4D125B1874AD36923F08053D361E36A002B97
S3250800ca4068D0834A526812F4803F0BD0804A526802F00C02082A05D17D4AD26A12F4803F15
S3250800ca6040F0DE80022B3ED1794B1B6813F0805F07D0774BDB6A03F0F003626B934240F01F
S3250800ca80D1800022734B1A6001F03CF80646704D05E001F037F8801B642800F2C5802B68B9
S3250800caa013F0006FF5D16A4BDA6A22F0F001626B0A43DA62DA6A22F47061226B0A43DA629D
S3250800cac00122644B1A6001F01DF80646604D05E001F018F8801B642800F2A8802B6813F040
S3250800cae0006FF5D016E05A4AD36A23F48033D3620022584B1A6001F005F80646544D05E01F
S3250800cb0001F000F8801B642800F292802B6813F0006FF5D1236A002B00F08C804C4A526824
S3250800cb2002F00C02082A53D0022B3ED100224A4B1A6000F0E7FF0646454D04E000F0E2FFBC
S3250800cb40801B022878D82B6813F0007FF6D1636AB3F5803F0DD103F1804303F58833D96A17
S3250800cb6062680A43DA62DA6A22F00F01E2680A43DA6237494B68606AA26A024323F474132F
S3250800cb8013434B600122344B1A6000F0BBFF05462F4C04E000F0B6FF401B02284ED823683B
S3250800cba013F0007FF6D000204FE000222A4B1A6000F0A8FF0546264C04E000F0A3FF401B9A
S3250800cbc002283DD8236813F0007FF6D100203CE0012B37D01E4B5B6803F48031626A914252
S3250800cbe032D103F47013A06A181A18BF01202CE001207047012028E0032026E0032024E019
S3250800cc00012022E0032020E003201EE003201CE003201AE0032018E0032016E0032014E018
S3250800cc20012012E0012010E003200EE003200CE003200AE0002008E0032006E0032004E07D
S3250800cc40032002E0012000E0012002B0BDE8F0810010024068004242600042422DE9704FE0
S3250800cc6088B0384B04AC186859689A6807C49A8922806C4653F8100F59689A68DB680FC473
S3250800cc80314B5B6803F00C02082A57D1C3F3834208A90A4412F8106C13F4803F4AD02A4A98
S3250800cca0D36A03F00F030B4413F8201CD36A13F4803F36D01346D26ADB6AC3F3032808F1D1
S3250800ccc00208A8FB06894FEAC9034FEAC80A43EA587B4FEA4B1545EADA654FEA4A14B4EBBD
S3250800cce00A0A65EB0B0B4FEA8B1545EA9A654FEA8A14B4EB0A0465EB0B0518EB040849EB7E
S3250800cd0005094FEA492343EAD8534FEA48209946C2F303120132A2FB01234946F8F70CF83A
S3250800cd2004E00A4B03FB06F3B3FBF1F00D2E06D1400804E0064800FB06F000E0034808B0C6
S3250800cd40BDE8708F882801080010024000127A0000093D00002800F0A0802DE9F04104467B
S3250800cd60584B1B6803F007038B420BD2554A136823F007030B431360136803F0070399428D
S3250800cd8040F08D80236813F0020F17D013F0040F04D04D4A536843F4E0635360236813F0CB
S3250800cda0080F04D0484A536843F4605353604648436823F0F002A368134343600D46236870
S3250800cdc013F0010F2FD06368012B05D13E4A126812F4003F0DD165E0022B05D13A4A1268FB
S3250800cde012F0007F05D160E0374A126812F0020F5ED035494A6822F0030213434B6000F01A
S3250800ce0081FE8046304E41F2883705E000F07AFEC8EB0000B8424ED8736803F00C03626888
S3250800ce20B3EB820FF2D1274B1B6803F007039D420AD2244A136823F007032B4313601368E3
S3250800ce4003F007039D4239D1236813F0040F06D01D494B6823F4E062E36813434B6023681E
S3250800ce6013F0080F07D0184A5368216923F4605343EAC1035360FFF7F1FE134B5B68C3F3E2
S3250800ce800313124AD35CD840114B1860114B186800F046FE0020BDE8F081012070470120B8
S3250800cea0BDE8F0810120BDE8F0810120BDE8F0810120BDE8F0810320BDE8F0810120BDE8AA
S3250800cec0F08100BF0020024000100240AC5A01089C00002094000020014B1868704700BF9F
S3250800cee09C000020044B5B68C3F30223034AD35C034A1068D840704700100240BC5A0108FA
S3250800cf009C000020044B5B68C3F3C223034AD35C034A1068D840704700100240BC5A010819
S3250800cf209C00002070B4036A23F001030362036A4668826922F073020C6842EA040523F0D1
S3250800cf4002028B6813430B4CA0420BD123F00803CA68134323F0040326F440764C698A6929
S3250800cf6022431643466085614A684263036270BC704700BF002C014030B4036A23F4807333
S3250800cf800362036A4468C26922F073020D682A4323F400738D6843EA05230C4DA8420ED17B
S3250800cfa023F40063CD6843EA052323F4806324F440544D6944EA05148D6944EA05144460DB
S3250800cfc0C2614A68C263036230BC7047002C014030B4036A23F480530362036A4468C269F0
S3250800cfe022F4E6420D6842EA052223F400538D6843EA0533074DA84204D124F480444D69B4
S3250800d00044EA85144460C2614A680264036230BC704700BF002C014090F83C30012B0CD02C
S3250800d020022380F83D3003685961012380F83D30002380F83C30184670470220704700BFF6
S3250800d0400368254A904238D0B0F1804F26D0A2F5943290422CD002F58062904219D002F5F2
S3250800d060806290422ED11EE023F44073CA681A4322F080024B691A4302608B68C3620B6806
S3250800d0808362154B984204BF0A691A6301234361704723F070034A681343E5E723F0700351
S3250800d0a04A681343E0E723F070034A681343DBE723F070034A681343D6E723F070034A68C0
S3250800d0c01343D1E723F080034A69134303608B68C3620B688362D9E7002C0140B8B110B567
S3250800d0e0044690F83D3013F0FF0F04D1002380F83C3000F09FFB022384F83D30211D206898
S3250800d100FFF79EFF012384F83D30002010BD0120704700BF30B4036A23F010030362036A94
S3250800d1204468826922F4E6420D6842EA052223F020038D6843EA05130C4DA8420ED123F09F
S3250800d1408003CD6843EA051323F0400324F440644D6944EA85048D6944EA85044460826111
S3250800d1604A688263036230BC704700BF002C014038B590F83C30012B66D00D4604460123D2
S3250800d18080F83C30022380F83D300C2A55D8DFE802F0075454541A5454542E5454544100F3
S3250800d1a00068FFF7BFFE2268936943F0080393612268936923F004039361226891692B69E2
S3250800d1c00B43936139E00068FFF7A4FF2268936943F4006393612268936923F4806393615D
S3250800d1e022689369296943EA0123936125E00068FFF7C2FE2268D36943F00803D3612268DF
S3250800d200D36923F00403D3612268D1692B690B43D36112E00068FFF7DBFE2268D36943F476
S3250800d2200063D3612268D36923F48063D3612268D369296943EA0123D361012384F83D306B
S3250800d240002084F83C0038BD022038BD10B4846824F47F4421430A4342EA0323836010BC9F
S3250800d260704700BF90F83C30012B00F0A08070B50446012380F83C30022380F83D3002680F
S3250800d280936823F47F4323F0770393600B68402B64D00AD8102B7BD002D8002B78D07FE006
S3250800d2a0202B75D0302B73D07AE0602B3BD002D8502B1ED074E0702B03D0B3F5005F0CD05A
S3250800d2c06EE0CB684A6889680068FFF7BFFF2268936843F07703936062E0CB684A688968C3
S3250800d2e00068FFF7B3FF2268936843F48043936056E003684D68CE681A6A186A20F00100FB
S3250800d3001862996921F0F00141EA061122F00A022A4399611A622268936823F0700343F000
S3250800d320570393603CE003684D68CE68186A20F01000186299691A6A21F4704141EA063156
S3250800d34022F0A00242EA051299611A622268936823F0700343F06703936021E003684D6896
S3250800d360CE681A6A186A20F001001862996921F0F00141EA061122F00A022A4399611A6291
S3250800d3802268936823F0700343F04703936007E021688A6822F0700243F0070313438B60A0
S3250800d3a0012384F83D30002084F83C0070BD0220704700BF10B401F01F01046A01238B4083
S3250800d3c024EA03030362036A8A4042EA0301016210BC704710B5044601220068FFF7EAFF00
S3250800d3e022680A4B9A4204D11A465B6C43F4004353642268936803F00703062B03D0136836
S3250800d40043F001031360002010BD00BF002C014010B5044600220068FFF7CCFF2268134BF9
S3250800d4209A420FD11A6A41F211131A420AD10F4B1A6A40F244431A4204D10C4A536C23F41C
S3250800d440004353642368196A41F21112114208D1196A40F24442114203D11A6822F001023B
S3250800d4601A60012384F83D30002010BD002C014090F83C30012B1BD070B4012680F83C6053
S3250800d480022380F83D3002685468936824F070050C682C4323F080054B682B435460026810
S3250800d4a0936080F83D60002380F83C30184601E00220704770BC70470268D36823F4907395
S3250800d4c0D3600268536923F001035361202380F83A30704738B5044601680B6923F4405281
S3250800d4e0C36813430B610068C268A168236919436369194322F4B05323F00C030B43C360DA
S3250800d50021684B6923F44072A36913434B6122681D4B9A421BD1FFF7F5FC256800EB800050
S3250800d52000EB800062689200B0FBF2F0174BA3FB00214909642202FB110212013232A3FB6B
S3250800d5400223C3F3471303EB0113AB6038BDFFF7C9FC256800EB800000EB8000626892000C
S3250800d560B0FBF2F2094BA3FB02104009642101FB102212013232A3FB0223C3F3471303EBD6
S3250800d5800013AB6038BD00BF003801401F85EB5168B310B5044690F8393013F0FF0F04D151
S3250800d5a0002380F8383000F07FF9242384F839302268D36823F40053D3602046FFF78AFF7F
S3250800d5c02268136923F4904313612268536923F02A0353612268D36843F40053D3600020FD
S3250800d5e0E063202384F8393084F83A3010BD0120704700BF38B590F83940E4B2202C31D196
S3250800d600002931D0002A31D090F83830012B2FD013460446012280F8382001628384C38445
S3250800d6200025C563212280F83920026B11489062226B1148D062226B10481063226B55630E
S3250800d64022680432206BFEF73FFD23686FF040021A6084F838502268536943F080035361E6
S3250800d660284638BD022038BD012038BD012038BD022038BD85D60008B9D60008C9D600083E
S3250800d680704700BF08B5436A0268126812F0200F0CD10022DA8419684A6922F080024A61B7
S3250800d6a01A68D36843F04003D36008BD1846FFF7E7FF08BD704700BF08B5406AFFF7FAFF66
S3250800d6c008BD00BF704700BF10B5446A2268516994F83930DBB2212B0BD111F0800F08D079
S3250800d6e00023E384D36823F0C003D360202384F8393023685A6994F83A30DBB2222B07D130
S3250800d70012F0400F04D00023E3852046FFF7D4FEE36B43F01003E3632046FFF7D3FF10BD48
S3250800d720002103E00A4B5B584350043109480A4B42189A42F6D3094A02E0002342F8043B91
S3250800d740074B9A42F9D300F00FF8F7F76BFD7047A472010800000020C4040020C8080020A6
S3250800d760542C0020FEE70000114B1A6842F001021A6059680F4A0A405A601A6822F08472E1
S3250800d78022F480321A601A6822F480221A605A6822F4FE025A601A6822F0A0521A604FF4B0
S3250800d7a07F029A600022DA62034A044B9A607047001002400000FFF00040000800ED00E0DF
S3250800d7c008B507490748F8F763FC48220821064800F0AAF90548F8F763FBF7F7C1FC08BD13
S3250800d7e000000120542C0020C45A0108C85A010882B00E4B9A6942F001029A619A6902F055
S3250800d80001020092009ADA6942F08052DA61DB6903F080530193019B054A536823F0E063AF
S3250800d82043F00073536002B0704700BF00100240000001400268084B9A420CD182B003F526
S3250800d8400233DA6942F00402DA61DB6903F004030193019B02B070470008004000B587B0C4
S3250800d8600023029303930493059302680C4B9A4213D103F502339A6942F008029A619B6931
S3250800d88003F008030193019BC023029302230393059302A90348FEF7B5FD07B05DF804FBD9
S3250800d8a000080040000C014010B590B000230C930D930E930F930368734A934229D1734B66
S3250800d8c0DA6942F40022DA61DA6902F400220192019A9A6942F010029A619B6903F010038F
S3250800d8e00293029B4FF480630C9302230D9303230F93674C0CA92046FEF784FD4FF40063AC
S3250800d9000C9300230D930E930CA92046FEF77AFDB7E0604A934230D15C4BDA6942F48012A6
S3250800d920DA61DA6902F480120392039A9A6942F010029A619A6902F010020492049A9A6921
S3250800d94042F020029A619B6903F020030593059B4FF480530C9302230D9303230F930CA921
S3250800d9604B48FEF74FFD04230C9300230D930E930CA94948FEF746FD83E0484A934229D159
S3250800d980424B9A6942F480429A619A6902F480420692069A9A6942F004029A619B6903F0D6
S3250800d9a004030793079B4FF400730C9302230D9303230F933A4C0CA92046FEF723FD4FF43B
S3250800d9c080630C9300230D930E930CA92046FEF719FD56E0334A934227D12C4BDA6942F4BD
S3250800d9e00032DA61DA6902F400320892089A9A6942F004029A619B6903F004030993099B91
S3250800da0004230C9302230D9303230F93244C0CA92046FEF7F7FC08230C9300230D930E9304
S3250800da200CA92046FEF7EEFC2BE01F4A934228D1164BDA6942F48022DA61DA6902F480220A
S3250800da400A920A9A9A6942F008029A619B6903F008030B930B9B4FF480630C9302230D936E
S3250800da6003230F93114C0CA92046FEF7CBFC4FF400630C9300230D930E930CA92046FEF7E3
S3250800da80C1FC10B010BD00BF004C00400010024000100140005000400014014000380140E2
S3250800daa0000801400044004000480040000C01400020704708B501F0C5F808BD08B5F9F702
S3250800dac0EDFF08BD08B5FFF707FA084BA3FB00308009FEF7D7FA0420FEF7EAFA00221146ED
S3250800dae04FF0FF30FEF77AFA08BD00BFD34D621008B5F8F7C5F8FEF753FAF7F7EFFAF8F7BA
S3250800db00D5F808BD08B5F7F7E3FA4FF47A7303FB00F0024BA3FB0030800908BDD34D6210C4
S3250800db2000207047FEE700BF70B504460D461646FEF724FA002383F31088324629462046AD
S3250800db40FFF7B8FF012383F31088FFF7BBFF00F05BFA01F027F870BD03464F280CD8074AB1
S3250800db604100081802EB80000B4452F82330B3F1FF3F08BF0020704700207047305B0108F2
S3250800db8070B5C8B2FFF7E8FF98B3816801290ED00123184600FA03F2914204D00133202B28
S3250800dba0F8D1062070BD0F2B25D81C4600E00024F6F746FB04EB4403104A32F92330B3F1BE
S3250800dbc0FF3F03D1F6F740FB002070BD0B4A63001919890056184FF6FF7555520025756075
S3250800dbe07580234402EB83039D60F6F72DFB284670BD062070BD062070BD00BFA000002076
S3250800dc00F8B50D4617461E46C8B2FFF7A5FF002851D0816801290ED00123184600FA03F276
S3250800dc20914204D00133202BF8D10620F8BD0F2B43D81C4600E00024F6F702FB04EB440331
S3250800dc401F4A32F923309D421AD104EB44021C4901EB82025268B24212D104EB4401184AD4
S3250800dc6002EB81025288BA420AD1154A02EB8102926806998A4203D1F6F7E6FA0020F8BDCB
S3250800dc80B3F1FF3F03D0F6F7DFFA0720F8BD0C4A63001919890002EB010E5552CEF80460DE
S3250800dca0AEF80270234402EB8303069A9A60F6F7CBFA0020F8BD0620F8BD0620F8BD00BFCE
S3250800dcc0A000002010B584B01446C8B2FFF744FF20B303468268009201220192002202926C
S3250800dce003220392B4B1012C02D10022019211E0022C04D100220192012202920AE0032CC9
S3250800dd0004D1002201920222029203E0042C04BF1122019269465868FEF774FB04B010BDC3
S3250800dd20F0B585B01446C8B2FFF716FF002800F0B2800546012C5CD1816801290FD0012317
S3250800dd40184600FA03F28A4204D00133202BF8D10620A8E00F2B00F2A0801C4600E0002420
S3250800dd60F6F76EFA064604EB4403504A32F92330B3F1FF3F03D1F6F767FA062093E0AB68F6
S3250800dd8000930323039304EB4403484A02EB83035B88012B08D013B1022B0AD00DE0022327
S3250800dda00293434B019308E001230293414B019303E000230293404B019369466868FEF7AF
S3250800ddc021FB3E4D05EB840393F90270002205213846FEF703F93846FEF732F9384A35F815
S3250800dde0241013680B4313603046F6F72DFA002059E0002C53D1816801290ED001231846FF
S3250800de0000FA03F2914204D00133202BF8D1062049E00F2B46D81C4600E00024F6F710FA12
S3250800de200646A9686868FEF7D5FB244B33F8243023490A6822EA03020A60A3F1200189B2AB
S3250800de40B1F5F07F0AD812F4787F1FD11B4B03EB840393F90200FEF701F917E0A3F5806306
S3250800de609BB2B3F5F84F0AD812F47C4F0ED1134B03EB840393F90200FEF7F0F806E00F4B48
S3250800de8003EB840393F90200FEF7E8F83046F6F7DBF9002007E0062005E0062003E06FF0EB
S3250800dea0050000E0062005B0F0BD00BFA0000020000011100000211000003110F05A010882
S3250800dec0881F002008B5C8B2FFF746FE20B101894068FEF701FC08BD002008BD10B514463E
S3250800dee0C8B2FFF739FE20B1E2B201894068FEF7F9FB10BD08B501280BD00123194601FAE1
S3250800df0003F2904206D00133202BF8D14FF0FF3300E0002303EB4302064901EB82025168EF
S3250800df2031B103EB4303034A02EB83039868884708BD00BFA000002008B5F7F7A1FE01207F
S3250800df40FEF7D6FBF7F7B2FE08BD00BF08B5F7F797FE0220FEF7CCFBF7F7A8FE08BD00BF95
S3250800df6008B5F7F78DFE0420FEF7C2FBF7F79EFE08BD00BF08B5F7F783FE0820FEF7B8FB7D
S3250800df80F7F794FE08BD00BF08B5F7F779FE1020FEF7AEFBF7F78AFE08BD00BF08B5F7F7DA
S3250800dfa06FFE2020FEF7A4FB4020FEF7A1FB8020FEF79EFB4FF48070FEF79AFB4FF4007083
S3250800dfc0FEF796FBF7F772FE08BD00BF08B5F7F757FE4FF48060FEF78BFB4FF40060FEF795
S3250800dfe087FB4FF48050FEF783FB4FF40050FEF77FFB4FF48040FEF77BFB4FF40040FEF723
S3250800e00077FBF7F753FE08BD00B587B01A4B9A6942F004029A619A6902F004020192019ACC
S3250800e0209A6942F008029A619A6902F008020292029A9A6942F010029A619A6902F0100220
S3250800e0400392039A9A6942F020029A619A6902F020020492049A9A6942F040029A619B696D
S3250800e06003F040030593059B002204490448FBF721FC07B05DF804FB00100240F45E0108A2
S3250800e080F05E010830B58FB07A4890F8983043F0030380F8983000230793089309930A93DB
S3250800e0a00B930C930D93019302930393049305930693C36503664366836603675830FFF7E3
S3250800e0c00DF860B16C48F7F709FF6A4BD3F89C106A48F7F703FF6A48F7F700FFB9E00EA9B5
S3250800e0e04FF4805341F82C3D6648FFF7BBF860B16148F7F7F3FE5F4BD3F89C106248F7F7B1
S3250800e100EDFE5F48F7F7EAFEA3E000230193029301A95C48FFF7ACF960B15748F7F7DEFE57
S3250800e120544BD3F89C105948F7F7D8FE5448F7F7D5FE8EE0602307930023089309930B9376
S3250800e1400D930C934B4B93F8983013F0010F12D0002207A94B48FFF70BF860B14648F7F7A9
S3250800e160BDFE444BD3F89C104948F7F7B7FE4448F7F7B4FE6DE03F4B93F8983013F0020F32
S3250800e18012D0042207A93F48FEF7F2FF60B13A48F7F7A4FE374BD3F89C103E48F7F79EFE20
S3250800e1a03748F7F79BFE54E0324B93F8983013F0040F12D0082207A93248FEF7D9FF60B11D
S3250800e1c02D48F7F78BFE2B4BD3F89C103248F7F785FE2B48F7F782FE3BE0264B93F89830AD
S3250800e1e013F0080F12D00C2207A92648FEF7C0FF60B12148F7F772FE1E4BD3F89C102748EE
S3250800e200F7F76CFE1E48F7F769FE22E0194C04F158052846FFF722FBA26D136843F00403DF
S3250800e22013602B461E4AD4F89C102046FBF70AFC68B11148F7F752FED4F89C101948F7F737
S3250800e2404DFE0F48F7F74AFE4FF0FF300FE000200DE00948F7F742FE064BD3F89C101248CD
S3250800e260F7F73CFE0648F7F739FE4FF0FF300FB030BD00BF60010020105F0108245F010897
S3250800e280D8480108B8010020385F0108505F0108685F0108845F0108A05F0108BC5F01082E
S3250800e2a000020020D85F0108EC5F01082DE9F84F1546046D8039032900F2DD80DFE801F085
S3250800e2c0020D187C116801F18041013989002046FFF780F80020BDE8F88F116801F1804152
S3250800e2e0013989002046FFF793F80020BDE8F88F166806F18046013EB600FEF7F3FD5F4A5C
S3250800e300002340000021F6F717FD07468B466B68A3FB000103FB0B114FF47A720023F6F781
S3250800e3200BFD574BA3FB00384FEAD83808F1010A524600230021F6F7FFFC81462368C3F831
S3250800e340288002288CBF81464FF00309226809F1FF33D362E360AB68A3FB070103FB0B117F
S3250800e36052460023F6F7E8FC4FF47A720023F6F7E3FC012803D9484528BF484600E00220DC
S3250800e3801EB92368013858630CE0042E03D123680138986306E0082E236800F1FF300CBFD6
S3250800e3a0D8631864236800255D6201212046FEF733FE2846BDE8F88F136803F18043013B73
S3250800e3c04FEA8308FEF78EFD420010460021D4F80090D9F8003003F44073B3F5807F03D1B0
S3250800e3e049084FEA300008E0D9F8003003F44073B3F5007F01D190080021204A0023F6F796
S3250800e4009BFC06460F46D9F82C20D9F82830581C02FB000032460B464FF47A7101FB00F01C
S3250800e4200021F6F789FC6860B8F1000F03D12368596B01310DE0B8F1040F03D12368996B5A
S3250800e440013106E0B8F1080F23680CBFD96B196C01312368986A4FF47A7300FB0330002476
S3250800e46032463B4601FB00F02146F6F765FCA8602046BDE8F88F0A20BDE8F88F40420F0073
S3250800e4800180008010B5044628B940F2652207490748F7F76FFD54F8483C1A6812F0200F48
S3250800e4a01ABF5868C0B24FF0FF3010BDD46101081848010838B50D46044628B940F2522250
S3250800e4c009490A48F7F756FD54F8483C6FF040021A6054F8483C5D6054F8482C136813F093
S3250800e4e0400FFBD0012038BDB06101081848010838B50C46054628B940F232221C491D48A0
S3250800e500F7F738FD102C1CD0112C2FD155F8083C93F90830002B0DDB5A0903F01F03012163
S3250800e52001FA03F32032144941F82230BFF34F8FBFF36F8F55F8482CD36823F02003D360FD
S3250800e54014E055F8083C93F90830002B08DB590903F01F03012202FA03F3074A42F82130EE
S3250800e56055F8482CD36843F02003D360002038BD246001081848010800E100E010B586B041
S3250800e580374B98422BD003F58063984233D003F5806398423BD003F58063984243D003F5DE
S3250800e5a0806398424BD0044640F20B122D492E48F7F7E0FC2D4B9C4229D008D8A3F50063FC
S3250800e5c09C420CD003F580639C4244D113E0284B9C4228D003F580639C423CD12FE0254B24
S3250800e5e09A6942F004029A619B6903F004030193019B002031E01F4B9A6942F008029A61D4
S3250800e6009B6903F008030293029B002025E0194B9A6942F010029A619B6903F0100303934D
S3250800e620039B002019E0134B9A6942F020029A619B6903F020030493049B00200DE00D4BB0
S3250800e6409A6942F040029A619B6903F040030593059B002001E04FF0FF3006B010BD00BF17
S3250800e66000080140F46101084860010800100140001401400010024010B584B0044628B918
S3250800e68040F2A52235493648F7F774FC54F8483C1A6812F0200F08D0DA6812F0200F04D077
S3250800e6a001212046FAF7CAFF56E01A6812F0080F06D0002200921A6800925A680092009AAD
S3250800e6c01A6812F0040F06D0002201921A6801925A680192019A1A6812F0020F06D0002278
S3250800e6e002921A6802925A680292029A1A6812F0010F06D0002203921A6803925A680392E1
S3250800e700039A1A6812F4807F1CBF6FF480721A6054F8483C1A6812F4007F1CBF6FF4007296
S3250800e7201A6054F8483C1A6812F0800F1CBF6FF080021A6054F8483C1A6812F0400F1CBFBA
S3250800e7406FF040021A6054F8483C1A6812F0200F1CBF6FF020021A6004B010BD0460010849
S3250800e76018480108F8B50F4614461D46064628B940F279220A490B48F7F7FCFB64B1022D9A
S3250800e7800CD1A2B23946A6F14800FEF733FF00280CBF20460020F8BD0020F8BD0020F8BDDD
S3250800e7a0E06101081848010870B506460D461446023003F051FF7378A3F16102D2B2192A5C
S3250800e7c007D803F17F02D2B2192A8CBF203B403BDBB203F5801301339B022B60012303FA5A
S3250800e7e000F0208070BD00BF2DE9F0438FB08846064628B94FF4F672B649B748F7F7BAFBC0
S3250800e800B8F1000F05D140F2ED12B249B348F7F7B1FB56F8083C5B68B14A934231D008D895
S3250800e820A2F50062934216D002F5806293421DD03CE0AC4A93422FD002F56842934235D119
S3250800e840A94B9A6942F480429A619B6903F480430593059B2AE0A44BDA6942F40032DA61EB
S3250800e860DB6903F400330693069B1FE09E4BDA6942F48022DA61DB6903F480230793079B8A
S3250800e88014E0994BDA6942F40022DA61DB6903F400230893089B09E0934BDA6942F480124E
S3250800e8a0DA61DB6903F480130993099B56F8089C0DF1060203A9D9F81000FFF775FF01AA67
S3250800e8c002A9D9F80C00FFF76FFF029B03F14043A3F584339C0A2401A4B2BDF80400F9F711
S3250800e8e0E5F8013C204484B2039B03F14043A3F584339D0A2D01ADB2BDF80600F9F7D6F845
S3250800e900013D284480B200252F462B46774931F82320A24203D0824208BF1D4600E01F46EC
S3250800e92001330E2BF3D1714B03EB870203EB850392F9022093F902309A4205D040F2A712E8
S3250800e9406B496C48F7F716FB684B03EB870292F9034003EB850595F90330A34205D04FF414
S3250800e960D47263496448F7F705FBD9F800301D79303D00230A930B930C930D930298FFF7CC
S3250800e980FDFD0398029B834201D0FFF7F7FDBDF804300A9302230B9303230D930AA902985B
S3250800e9a0FDF730FDBDF806300A9300230B930C930AA90398FDF726FDA5423ED14A4B9A694D
S3250800e9c042F001029A619B6903F001030493049B022D0BD0032D11D0012D28D1474A53683A
S3250800e9e043F0E06343F00403536026E0434A536843F0E06343F0080353601EE03B4B03EB7F
S3250800ea00870797F90230002B07DA3C4A536843F0E06343F0300353600FE0384A536823F07D
S3250800ea20300343F0E06343F01003536005E040F2DF122F493248F7F79DFA56F8083C5B6852
S3250800ea4046F8483CD8F8003046F8443C002346F8303C0C2246F8342C46F82C3C98F8043025
S3250800ea6003F00F03082B02D0092B04D008E0002346F8403C07E04FF4805346F8403C02E018
S3250800ea80002346F8403C98F80430C3F3011313B1012B04D008E0002346F83C3C07E04FF44E
S3250800eaa0005346F83C3C02E0002346F83C3C98F804309B09012B07D013B1022B22D026E030
S3250800eac0002346F8383C25E04FF4C06346F8383C20E000BF0C6201081848010864600108CA
S3250800eae0004C0040005000400010024078610108BC61010874600108BC600108000001404F
S3250800eb000C2F01084FF4806346F8383C02E0002346F8383CA6F14800FEF73AFD003018BF02
S3250800eb20012040420FB0BDE8F08300BF08B5F7F7A7F80348FFF7A0FDF7F7B8F808BD00BF44
S3250800eb40D41F002008B5F7F79BF80348FFF794FDF7F7ACF808BD00BF8420002008B5F7F7FF
S3250800eb608FF80348FFF788FDF7F7A0F808BD00BF3421002008B5F7F783F80348FFF77CFDDB
S3250800eb80F7F794F808BD00BFE421002008B5F7F777F80348FFF770FDF7F788F808BD00BF8A
S3250800eba0942200202DE9F04782B0204B93E8030002AB03E903001E4C0023A4F84430A4F834
S3250800ebc0F430A4F8A431A4F85432A4F80433194D483405F16407184EDFF86090DFF8608076
S3250800ebe044F8085C666504F1580302AA12E9030083E8030034F8042C42F4A06242F0030269
S3250800ec00002392B229682046FAF7E4FC824628B140F2715249464046F7F7ACF91435B0344C
S3250800ec20BD42DDD1504602B0BDE8F087A82801088C1F0020040200201060010834600108D5
S3250800ec400461010800B595B03822002106A803F021FD0023019302930393049305930122D0
S3250800ec6006924FF4803308930B9202220E920F934FF4E013109306A8FDF746FD20B140F299
S3250800ec8077110E48FEF74EFF0F23019302210291002303934FF480620492059301A8FEF720
S3250800eca059F820B140F285110448FEF73BFF0122034B1A6015B05DF804FB00BF1C62010897
S3250800ecc0700042422DE9F0438FB0FDF757F9A64B00241C739C715C729C72FFF7B3FF069497
S3250800ece0079408940994A14B9A6942F020029A619A6902F020020092009A9A6942F0040276
S3250800ed009A619A6902F004020192019A9A6942F010029A619A6902F010020292029A9A6945
S3250800ed2042F008029A619B6903F008030393039BDFF87C82224648F2D2014046FDF7D2FCC6
S3250800ed408B4F224650213846FDF7CCFCDFF86492224644F203314846FDF7C4FC0125069516
S3250800ed600794089506A94046FDF74CFB48F2D2030693079508940326099606A94046FDF70C
S3250800ed8041FB5023069307950894099606A93846FDF738FB2023069307940223089306A90C
S3250800eda03846FDF72FFB44F20333069307950894099606A94846FDF725FB6E486E4B0360AA
S3250800edc04FF4E13343608460C46004610C2343618461C461FEF7DCFB20B14FF4FE716748E3
S3250800ede0FEF7A0FE6648674B03604FF41653436000238360C36003610C2242618361C361FA
S3250800ee00FEF7C6FB20B140F23E215C48FEF78AFE5D485E4B03604FF41653436000238360A5
S3250800ee20C36003610C2242618361C361FEF7B0FB20B140F2DB115148FEF774FE5448554B99
S3250800ee4003604FF41653436000238360C3600361042242618361C361FEF79AFB20B140F207
S3250800ee601D214648FEF75EFE4B484C4B03604FF41653436000238360C36003610422426135
S3250800ee808361C361FEF784FB20B140F25F213B48FEF748FE00230493059306930793089387
S3250800eea009930A930B930C933D483E4A0260436083604FF6FF72C260036180238361FEF721
S3250800eec00DF920B140F2A7112C48FEF72BFE00230493059304A93248FEF7CAFA20B140F29C
S3250800eee0AD112648FEF71EFE602306930022079208920A9206A92A48FEF73AF920B140F26E
S3250800ef00B5111E48FEF70EFE042206A92448FEF72FF920B140F2B9111848FEF703FE2048CD
S3250800ef20FEF79CFC00F0F0FE00F0B6FD02F0D2F802F068FF01F0DEF800241B4B9C7200F051
S3250800ef4087FD00F067FD00F06FFD0121204601F027F9204601F0D8F9052001F005FAFCF7A6
S3250800ef6023F9014C114E27E0F82700200010024000100140A8260020005000401C620108CD
S3250800ef80682700200044004028270020004C0040E826002000380140682600200048004058
S3250800efa02826002000080040A82700200023002000080140000C0140A379002B40F0FB80D3
S3250800efc0B64B93F84130012B05D1002001F09CF9052001F0C9F9637C012B17D1AF4D642330
S3250800efe0EB85002002F01EF93220F7F7ABFF0123E37285F84130042002F014F93220F7F7B6
S3250800f000A1FF382002F07EFF00236374A37A012B07D1A24B9B7A012B40F00C8100F074FC15
S3250800f02010B1A37B012B2FD1002001F06DF9052001F09AF900F0EEFC032000F03DFF974B8C
S3250800f04093F8413043B9637A022B05D0A37B012B02D03A2002F056FF00F0F0FCA37B13B948
S3250800f060A3728F4A1370002323738C4A052182F8351082F83430A2F842302374884B1B78B6
S3250800f080002B00F01B8126E0A37A23BB834B9B7A012B40F0D38000F037FC01281BD1A37BC2
S3250800f0a0CBB9637A022B16D0F6F712F80EAB43F8040D4FF4FA611846F7F74AFF00F0A0FC13
S3250800f0c000F0BCFC0123A3722373E37A012B02D1022002F0A7F8714B9B7A6BBB6F4BDB7A96
S3250800f0e0012B4ED0002001F00FF9052001F03CF93378012B09D83225284602F003FF337838
S3250800f1000133DBB23370012BF6D900256572A57225732574634B1D70284600F0E3FB284659
S3250800f12001F06AFE284602F07FFD00F0A5FC00F07BFC00F06FFC20E0012B14D1574BDB7A31
S3250800f140012B1ED0A37B002B30D10025544B1D70357000F099FC544B1D70524B1B78002B3B
S3250800f16000F08C80E2E0022B07D14C4BDB7A012B07D00022494B9A7218E0484BDB7A012B01
S3250800f18014D1494B1B78002B5CD0484B1B7833B900F072FC454A13780133137006E0012BAB
S3250800f1a004D10022414B1A7000F06EFC4FF4FA70F7F7C8FE00E7012B7FF4FEAE3C4B1B782D
S3250800f1c0002B00F0A3803B4B1B68002B00F08680E37B012B08D1052001F096F8012001F0A0
S3250800f1e0C3F80123237320E0022B08D1042001F08BF8022001F0B8F80123237315E0A37960
S3250800f200032B08D1032001F07FF8032001F0ACF80123237309E0042B07D1022001F074F86D
S3250800f220042001F0A1F8012323734FF4FA70F7F789FEC1E6A37B012B72D1F5E6002B3FF4C9
S3250800f2404DAF90E7032000F001FB352002F05AFE0025194B1D702574284600F043FB00F044
S3250800f260D9FB02276772A5722573284601F04CF8052001F079F80C4B1F7086E700F096FBFD
S3250800f28001F092FD02F0A8FC012001F0B5FD012002F0CAFC0222034B1A706EE7A82700206D
S3250800f2a00323002005230020012300200223002004230020FC220020EE23002000F0D2FBB6
S3250800f2c0F5F706FF0EAB43F8040D41F288311846F7F73EFE0222184B1A70FCE601F064FD71
S3250800f2e002F07AFC012001F087FD012002F09CFC002001F009F8052001F036F800F09EFB78
S3250800f30000F07EFB02220D4B1A6061E72168013121600B48F6F7E2FD02220A4B1A7052E7A1
S3250800f320094B9B7A002B3FF4D9AE1CE7064BDB7A012B7FF43BAF85E703230020FC2200204F
S3250800f3403462010804230020A8270020104B1A6842F001021A6059680E4A0A405A601A689F
S3250800f36022F0847222F480321A601A6822F480221A605A6822F4FE025A601A6822F0A05269
S3250800f3801A604FF47F029A600022DA62704700BF001002400000FFF010B582B04FF0006379
S3250800f3a0019372B6104B00241C605C609C60FFF7CDFF4FF0FF32A30003F1604303F56143C8
S3250800f3c0C3F88020C3F880210134082CF3D162B6019B5B684FF00062126882F30888002282
S3250800f3e082F314889847FEE710E000E008B5054B5B79012B03D1F7F719FBFFF7CDFF002095
S3250800f40008BD00BFF827002008B50222074B5A710121074800F0F6F9064B59784A1C5A707B
S3250800f4200548F6F75BFD002008BD00BFF8270020F0FF0108A8270020C46201082DE9F04FDE
S3250800f44085B005460E4693461C460846FBF746FF7C4B186068B100227B4B1A607B48F6F7A0
S3250800f4603DFD784B1968CB698A697948F6F736FD25E03046FCF790F8734B186088B1002271
S3250800f480704B1A607148F6F729FD6F4B19684B6B8A6B009201F11C0204316E48F6F71EFDE2
S3250800f4a00DE031466C48F6F719FD0023654A1360654A13606948F6F711FDFBF7BDFF012D34
S3250800f4c060D1A0462046F6F741FE01460390002854D05C4B1B6823B19B6A22465846984767
S3250800f4e007E0594B186830B12346039A5946FCF781F800283EDB224659465948F6F7EEFC41
S3250800f5005848F6F7EBFC94B3039C2746DFF87CA1DFF87C91C7EB0B0121445348F6F7DEFCB9
S3250800f52004F110062546EB1B434504D229784846F6F7D4FC02E05046F6F7D0FC0135B54299
S3250800f540F1D1E31B984508D92178A1F120035F2B28BF2E214548F6F7C1FC0134B442F0D1EE
S3250800f5604348F6F7BBFC3446F61BB045D2D84048F6F7B4FC0398F6F7D7FE60E03D48F6F7F0
S3250800f580ADFC5CE0032D16D12E4B1B6823B11B6B21465846984706E02B4B186828B122460A
S3250800f5a05946FCF7F7F8002849DB224659463248F6F794FC43E0022D41D12046F6F7C6FDF8
S3250800f5c00646002838D044B10E9B421E181913F8011B02F8011F8342F9D11A4B1B682BB1DE
S3250800f5e0DB6A224631465846984709E0164B186828B1234632465946FCF764F800E00020EA
S3250800f600002815DB224659461C48F6F767FC1C48F6F764FC4CB1354634441A4F15F8011BD6
S3250800f6203846F6F75BFCAC42F8D11748F6F756FC3046F6F779FE02E00E48F6F74FFC05B0A6
S3250800f640BDE8F08F082300200C230020E0620108E46201081C6301086C63010894630108E4
S3250800f660185501085C55010898550108F446010884390108A4550108AC5601080C560108D5
S3250800f680445601085456010830590108A0550108BC39010810B582B00022009201230C4954
S3250800f6a01846FFF7CBFE4FF4FA70F7F74BFC094800F0A6F8044601460748F6F70FFC012C59
S3250800f6c002D1032000F0C2F8002002B010BD00BFC0630108F0FF0108C863010800207047EF
S3250800f6e0034610465AB110B403F10063013B8C1813F8012F01F8012BA142F9D110BC7047C7
S3250800f70070B586B005460E46002402940394049405940194FCF752FD104B2022DA60DA696E
S3250800f72022F00102DA610422DA601022DA600122DA60029405F100650495059601A902A8C9
S3250800f740FCF7FCFD28B1FCF74FFD8C210448FEF7E9F9FCF749FD304606B070BD00200240D3
S3250800f760DC6301082DE9F84F0F46924600F10065FCF724FD1E4B2022DA60DA6922F0010202
S3250800f780DA610422DA601022DA600122DA60BAF1000F27D03C4657444FF00208154EDFF8A6
S3250800f7a05C90A34614F8012B002329464046FCF75DFD55F8042B9BF800309A420AD00D4B7C
S3250800f7c059784A1C5A700C48F6F788FB4FF0FF30BDE8F88F71784B1C73704846F6F77EFB95
S3250800f7e0BC42DED1FCF700FD5046BDE8F88F00BF00200240A8270020046401082864010886
S3250800f8000078704738B504460D46FCF7D7FC2A46002321460220FCF729FDFCF7E5FC38BD5D
S3250800f82030B587B004460D46FCF7C8FC059504940023029306A9FF2341F8143D02A8FCF768
S3250800f8407DFDFCF7D1FC07B030BD00BF2DE9F04383B00023019318B381461C46DFF8488037
S3250800f86002279626012239464046FCF73BFFF5F72FFC02AD45F8040D31462846F7F768FBF6
S3250800f880002239464046FCF72DFFF5F721FC019031462846F7F75CFB0134E4B2A145E1D1ED
S3250800f8a003B0BDE8F08300BF000C014008B50D23034A002103480068F5F7B2FD002008BDD5
S3250800f8c0D4640108302A002008B50F23034A002103480068F5F7A4FD002008BDE46401088C
S3250800f8e0302A002008B5012805D1002201210548FCF7F8FE08BD20B9012211460148FCF7F6
S3250800f900F1FE08BD000C014008B520210348FCF7E3FE003018BF012008BD00BF00100140BE
S3250800f92010B51B4A137801335BB21370194A92F9002052B1322B08D10021164B19700F23BC
S3250800f940154A16480068F5F76BFDFFF7DDFF144B93F90030834217D0124B1B7801335BB256
S3250800f960632B02DC0F4A137010BD00220D4B1A700B4B187058B10C4C012323750220FFF74D
S3250800f98065FF0223237510BD0022064B1A7010BD1023002068020020E4640108302A0020F9
S3250800f9a01923002018230020F827002000B583B0062300930A2300220C490D48F7F758FC64
S3250800f9c00C4B186068B10120FFF78CFF0A4B59784A1C5A700948F6F781FA064B1868F7F7C1
S3250800f9e061FC002003B05DF804FB00BF21F90008F464010814230020A82700200C65010873
S3250800fa0008B501224FF480410148FCF76BFE08BD000C014008B500224FF480410148FCF71E
S3250800fa2061FE08BD000C014008B5002240210248FCF758FE08BD00BF0010014008B50122BF
S3250800fa4040210248FCF74EFE08BD00BF0010014008B500224FF400410148FCF743FE08BD34
S3250800fa600008014008B501224FF400410148FCF739FE08BD0008014008B5022000F01CFA65
S3250800fa80012000F02FFA08BD08B5022000F02AFA012000F011FA08BD30B587B000240294AF
S3250800faa00394049405940E4B9A6942F008029A619B6903F008030193019B0A4D01222021F0
S3250800fac02846FCF70FFE202302930123039304940323059302A92846FCF794FC07B030BD82
S3250800fae000100240000C01400A4B1B78042B10D80133084A1370084B1B78084AD0540133C1
S3250800fb00DBB2042B02D8044A137070470022024B1A7070473A2300203223002020230020B4
S3250800fb200B4B1B788BB1013B094A1370094B1B78094AD05C0133DBB2042B02D8054A13707E
S3250800fb4070470022034B1A7070470020704700BF3A2300202C23002020230020012808D148
S3250800fb6008B501210448FCF7B7FDB0FA80F0400908BD0020704700BF000801402DE9F84F41
S3250800fb80324E334D334FDFF8D0800024A2464FF0010B5FFA84F909F10100C0B2FFF7DEFF41
S3250800fba016F8013B13B1012B26D043E02B78834205D0287087F800A006F801BC3CE00028F1
S3250800fbc03AD0B8F800304FF6FF72934234D001339BB2A8F80030C82B05D109F12100C0B2F7
S3250800fbe0FFF782FF28E0B3F5C87F25D109F11100C0B2FFF779FF1FE02B78834216D13B78A7
S3250800fc000133DBB23B70042B16D938B1A9F17F00C0B2FFF769FFA8F800A004E009F141001B
S3250800fc20C0B2FFF761FF06F801AC05E0287006F801AC01E006F801AC01340135013708F1F3
S3250800fc400208022CA5D1BDE8F88F00BF1C23002038230020302300203423002070B5FFF71E
S3250800fc605FFF00283ED003461F4C204D204E03F00F02012A31D103F0F003102B02D0402BC4
S3250800fc800FD02AE0A37A012B27D1EB79012B24D10122E2722968114429603046F6F71EF947
S3250800fca01BE0E37A012B18D0A27A0132D2B2A272022A06D12968013129600E48F6F70EF94A
S3250800fcc005E02968013129600B48F6F707F9332002F018F90120FFF7B9FDFFF721FF034623
S3250800fce00028C4D170BD00BFA8270020F827002038650108546501087065010808B5FFF726
S3250800fd003DFFFFF7ABFF08BD00B583B0062300930A2300220A490B48F7F7AAFA0A4B18603C
S3250800fd2050B10A4B59784A1C5A700948F6F7D6F8054B1868F7F7B6FA002003B05DF804FBBD
S3250800fd40FDFC00088C65010828230020A8270020A0650108013840B2044B1954044B1A548E
S3250800fd600023044A1354044A13807047D8230020A82300203C230020CA23002010B4013876
S3250800fd8040B2064C215406490A54064A13540023054A1354054A135410BC7047B42300202F
S3250800fda0CC23002078230020602300208423002070B5002402260325013464B23246294636
S3250800fdc02046FFF7C7FF042CF6D170BD00B583B006230093012300220B490C48F7F748FA0D
S3250800fde00B4B186060B10B4B59784A1C5A700A48F6F774F8FFF7DCFF054B1868F7F752FA39
S3250800fe00002003B05DF804FBED000108CC650108E4230020A8270020E065010808B5013823
S3250800fe20042844D8DFE800F003101D2A370029B1012202211E48FCF755FC08BD0022022150
S3250800fe401B48FCF74FFC08BD29B1012210211848FCF748FC08BD002210211548FCF742FCC3
S3250800fe6008BD29B1012210211248FCF73BFC08BD002210210F48FCF735FC08BD29B10122A8
S3250800fe8080210B48FCF72EFC08BD002280210848FCF728FC08BD29B1012240210448FCF7F2
S3250800fea021FC08BD002240210148FCF71BFC08BD000801400010014010B50346421E52B2AB
S3250800fec00021054CA154054CA154054A134403F8011CFFF7A3FF10BDC0230020B42300204A
S3250800fee05423002010B50346421E52B20021064CA154064CA154064A1344642203F8012CE7
S3250800ff000121FFF78BFF10BDC0230020B4230020542300202DE9F84F634A13880133138067
S3250800ff20624D634EDFF8B481624F0024DFF8B0A1DFF8B0B1DFF8B09114F90A10002942D098
S3250800ff40594BB3F900008BFB0023C217C2EB6312642303FB12031BB2002B34D1564AA35C69
S3250800ff6001335BB2A354554AA2569A421EDC0022514BE2543B7801335BB23B70504AA256A9
S3250800ff8011448B421FDB00233B704E4AA35C01335BB2A3544C4AA256934214DB0021494B93
S3250800ffa0E154632A0FDC04F80A100CE0474AA2569A4202DC0023337005E097F900308B4209
S3250800ffc0BCBF64233370424BE356002B49D0414BE3561BB3344BB3F900303F4A82FB03214C
S3250800ffe0DA17C2EB610202EB82029B1A1BB2C3BB96F90030002B05DD013B3370002388F833
S3250801000000302EE098F8003001335BB288F80030092B26DD00222F4BE25422E0224BB3F9BE
S3250801002000302D4A82FB0321DA17C2EB610202EB82029B1A1BB2A3B996F90030632B05DCEB
S3250801004001333370002388F800300AE098F8003001335BB288F80030002B02DD01221D4BB7
S32508010060E2542B7801335BB2632BC8BF00232B7095F9002096F900309A42ACBF0023012389
S3250801008004F80930601C19F9041040B2FFF7C6FE01340135013608F101080137042C7FF44F
S325080100a04BAFBDE8F88F00BFCA2300206C23002054230020602300203C230020D8230020BC
S325080100c0CC2300208423002078230020A8230020C023002090230020676666669C23002047
S325080100e0B42300201F85EB514823002008B5FFF711FF08BD10B5224C2046F5F799F820636E
S32508010100C0B1204B59784A1C5A701F48F5F7E6FE00231E4A2169206BF9F742FC2169206BD9
S32508010120F9F72CFC1A4C04F11800F5F781F8206348B91CE0134B59784A1C5A701548F5F798
S32508010140CDFE012010BD0F4B59784A1C5A701248F5F7C4FE0E4CA16A206BF9F70FFC002366
S325080101600A4AA16A206BF9F71BFC002010BD054B59784A1C5A700948F5F7B0FE012010BD68
S325080101806C020020A82700200C66010840420F00A00200203466010860660108886601089C
S325080101a0F0B589B00C4618BB0023049305930693079303F1804303F504339A6942F0080283
S325080101c09A619B6903F008030193019B4FF40076049601270597022307932E4D04A9284677
S325080101e0FCF710F93A4631462846FCF77BFA3FE0012820D100250495059506950795264BEE
S325080102009A6942F008029A619B6903F008030293029B4FF400770497012305930223079391
S325080102201C4E04A93046FCF7EDF82A4639463046FCF758FA1CE002281AD10023049305933D
S325080102400693079303F1804303F504339A6942F008029A619B6903F008030393039B4FF4C3
S32508010260007304930D4B059304A90A48FCF7CAF8012C06D101224FF480710648FCF732FAF9
S3250801028006E02CB900224FF480710248FCF72AFA09B0F0BD000C0140001002400000211097
S325080102a010B54FF47A72054C02FB01F302FB00F22169206BF9F774FB10BD00BF6C0200207C
S325080102c010B54FF47A72054C02FB01F302FB00F2A16A206BF9F764FB10BD00BFA0020020B7
S325080102e008B5034B996A186BF9F748FB08BD00BFA002002008B5034B996A186BF9F7C2FBA7
S3250801030008BD00BFA002002008B505282BD8DFE800F0030910171E2500214FF47A70FFF72A
S32508010320BFFF08BD40F225314FF47A70FFF7B8FF08BD4FF44D714FF47A70FFF7B1FF08BD6B
S3250801034040F243314FF47A70FFF7AAFF08BD4FF461714FF47A70FFF7A3FF08BD4FF47A718A
S325080103600846FFF79DFF08BD08B5052800F20B81DFE810F00600150046007600A600D60047
S325080103804FF47A710846FFF79BFFFFF7A9FF7E4B4FF461629A8440F698025A8608BD4CF204
S325080103a050317A48FFF78CFFFFF79AFF764B93F83430012B04D14FF41662734B9A841AE099
S325080103c0022B04D140F628226F4B9A8413E0032B04D14FF42F626C4B9A840CE0042B04D125
S325080103e040F6B832684B9A8405E0052B03D140F6E442654B9A8440F69802634B5A8608BDC7
S3250801040062496348FFF75CFFFFF76AFF5E4B93F83430012B04D14FF416625B4B9A841AE0B5
S32508010420022B04D140F62822574B9A8413E0032B04D14FF42F62544B9A840CE0042B04D1F4
S3250801044040F6B832504B9A8405E0052B03D140F6E4424D4B9A8440F698024B4B5A8608BDAE
S325080104604B494C48FFF72CFFFFF73AFF464B93F83430012B04D14FF41662434B9A841AE013
S32508010480022B04D140F628223F4B9A8413E0032B04D14FF42F623C4B9A840CE0042B04D1C4
S325080104a040F6B832384B9A8405E0052B03D140F6E442354B9A8440F69802334B5A8608BD96
S325080104c035493648FFF7FCFEFFF70AFF2E4B93F83430012B04D14FF416622B4B9A841AE070
S325080104e0022B04D140F62822274B9A8413E0032B04D14FF42F62244B9A840CE0042B04D194
S3250801050040F6B832204B9A8405E0052B03D140F6E4421D4B9A8440F698021B4B5A8608BD7D
S3250801052000214FF47A70FFF7CBFEFFF7E3FE1C4B5B7A1BB940F64852134B9A84124B93F884
S325080105403430012B04D140F6B8320F4B9A8408BD022B04D140F61C420B4B9A8408BD032BCD
S3250801056004D14FF44862084B9A8408BD042B04D140F6E442044B9A8408BD052B03D140F6A8
S325080105804852014B9A8408BDA8270020A0860100400D0300801A060090D0030020A1070052
S325080105a0F827002000B583B006230093322300220A490B48F6F75CFE0A4B186050B10A4BC2
S325080105c059784A1C5A700948F5F788FC054B1868F6F768FE002003B05DF804FBF105010801
S325080105e0B4660108E8230020A8270020C8660108364B5B79012B68D110B582B0344B1868C8
S32508010600F6F7BAFB30B9334B59784A1C5A703248F5F764FC314B1868F6F7AEFB30B92D4B08
S3250801062059784A1C5A702E48F5F758FC2D4B1868F6F7A2FB30B9274B59784A1C5A702A48A4
S32508010640F5F74CFC294B1868F6F796FB30B9214B59784A1C5A702648F5F740FC254B186809
S32508010660F6F7B0FE30B91B4B59784A1C5A702248F5F734FCF6F7DAF9204C01212046FFF750
S32508010680CFF8F4F725FD02AB43F8080D64211846F6F75EFC01212046FFF7B4F80D4B5978FD
S325080106a04A1C5A701648F5F719FCF4F711FD02AB43F8040D4FF47A711846F6F749FCFEF7F7
S325080106c06BFEF6F7BFF902B010BD7047F82700201C280020A8270020F46601082C2A00205C
S325080106e020670108342A00204C670108502C00207867010810280020A4670108F0FF010839
S32508010700C462010800B583B006230093012300220A490B48F6F7ACFD0A4B186050B10A4B52
S3250801072059784A1C5A700948F5F7D8FB054B1868F6F7B8FD002003B05DF804FB510701089F
S32508010740C867010810280020A8270020DC67010810B59C4B9B79002B40F0BC819A4B1B88DF
S3250801076001339BB24EF66022934202D8964A138002E00022944B1A80944B9A8A9B8C9A427E
S3250801078011D9924B9B7A0BB38E4B9B7A012B1DD18C4B9B7B002B40F027820122894B1A7333
S325080107a0FFF760F912E0874B5B7A022B0ED0874B9B7A5BB1834B9B7A012B07D1814B9B7B7B
S325080107c023B900227F4B1A73FFF742F97E4B1A887F4BA3FB0213DB0803EB8303A2EB430372
S325080107e09BB22BBB774B9B6823F07F4323F0FF03784A934204D1754A936B0133936312E0C3
S32508010800002272498A636F498A73B3F5803F0AD16E4AD36B0133D36344F25062934207D90B
S3250801082001228A7304E00023684AD363654A9373654B1B88684AA2FB03121209322101FBC4
S3250801084012339BB2002B40F09F80604B9B7A7BB95C4B9B7A63B9614A138801339BB2138057
S325080108608B2B02D8FFF7FEF805E0FFF7F1F802E000225A4B1A80534B9B7A93B9584A1388AA
S3250801088001339BB213808B2B02D8FFF7EBF801E0FFF7DEF84B4A002353821375514A1370EC
S325080108a002E000224E4B1A80484B9B8E022B20D1464B1B8A40F66502934200F27C814A4BEC
S325080108c0196801391960C1F54D714FF47A70FFF7E7FC3E4B1A8A40F6CA039A4209D9424BE0
S325080108e0196801311960C1F54D714FF47A70FFF7D7FC364B9B8E032B22D1344B1B8A40F62E
S325080109009112934200F25D81374B196801391960C1F5507103314FF47A70FFF7C1FC2B4BC9
S325080109201A8A40F6F6139A420AD92F4B196801311960C1F5507103314FF47A70FFF7B0FCE6
S32508010940224B9B8E042B1FD1204B1A8A40F6BD239A4209D8244B196801391960C1F56171C6
S325080109604FF47A70FFF79CFC184B1A8A40F622339A4209D91C4B196801311960C1F5617142
S325080109804FF47A70FFF78CFC0F4B1B88174AA2FB031252094FF4FA7101FB12339BB263BBD8
S325080109a00A4B93F82230012B02D1052000F03AFC044B1B7C012B1DD10D4A13780133137013
S325080109c01BE000BFF8270020F0230020A8270020CDCCCCCC000101001F85EB510024002096
S325080109e0EC23002085240020F8230020D34D6210FE23002000228C4B1A708C4B1B888C4A0F
S32508010a00A2FB031292094FF47A7101FB12339BB2002B40F00881874AD36C0133D364FEF76A
S32508010a2073FF01280DD1834BB3F84230022B08D83D2001F067FA7F4AB2F842300133A2F8D4
S32508010a4042307D4B5B7A012B07D17A4B5B7B012B03D1784AD3890133D381774B1B7B012BAF
S32508010a6017D1744B9A8A40F673639A420ED9734A138801339BB213800F2B0AD900246D4B68
S32508010a809C72FEF7E5FF6C4B1C7302E000226B4B1A80684BDB8D633B9BB2012B16D8654BF6
S32508010aa093F84830012B11D1654A138801339BB21380162B40F2B78001235F4A5374002159
S32508010ac05F4A11805B4A82F8413010BD00225C4B1A8010BD012B40F0A680544B1B88013348
S32508010ae09BB24EF66022934206D8504A1380524B1B7B012B6BD106E000224C4B1A804E4B87
S32508010b001B7B012B2CD14B4B9A8A40F673639A420ED94A4A138801339BB213800F2B71D9B7
S32508010b200024444B9C72FEF793FF434B1C734EE00022424B1A803D4B1B883D4AA2FB031266
S32508010b4092094FF47A7101FB12339BB2002B6AD165E00024374B9C72FEF77AFF364B1C7352
S32508010b6038490A88531C9BB20B803C2B03D80122314BDA7310BDA2F13C0189B23B2903D8C7
S32508010b8002222D4BDA7310BDA2F1780189B23B2903D80322284BDA7310BDB43A92B23B2AC1
S32508010ba003D80422244BDA7310BDF02B3BD90022244B1A8010BD40F6CA0293427FF6E4AE97
S32508010bc08DE640F6F61293427FF6DEAEADE6174B1B88174AA2FB031292094FF47A7101FB0F
S32508010be012339BB2FBB9BBE7134B5B7A022B3FF4EDADE3E5114A138801339BB213800F2BC5
S32508010c00AED9A6E7094B1B88094AA2FB031292094FF47A7101FB12339BB223B9EAE700228F
S32508010c20064B1A809CE710BDFE230020F0230020D34D6210A8270020F8270020F4230020FF
S32508010c40FC230020F223002008B5034B1868F4F7F7FD002008BD00BF0824002038B50022A8
S32508010c6011462A48F4F7EEFC294B186048B9294B59784A1C5A702848F5F730F94FF0FF3072
S32508010c8038BD244B59784A1C5A702448F5F726F92348F4F7CDFA234B186068B31D4C617809
S32508010ca04B1C63702048F5F719F9204A4FF41653136053684FF4806161F399235360194DF4
S32508010cc003212868F4F7E4FB40F201112868F4F7CFFA17492868F4F701FC1323154A002171
S32508010ce02868F4F79DFB61784B1C637002461248F5F7F4F8002038BD064B59784A1C5A70DE
S32508010d000E48F5F7EBF8012038BD00BF0868010808240020A82700201868010848680108D4
S32508010d20186101080424002080680108D4020020490C0108B4680108C8680108F8680108CE
S32508010d4000B583B0C8230193142300934FF4806300220F490F48F5F7E5FF0F4B186058B1B1
S32508010d600E4B59784A1C5A700D48F5F7B7F80A4B1868F6F78BF906E0084B59784A1C5A709A
S32508010d800848F5F7ABF8002003B05DF804FB00BFF50E01082C6901081C280020A827002082
S32508010da0406901086869010870B586B0002402940394049405940E4B9A6942F004029A612C
S32508010dc09B6903F004030193019B4FF4007602960123039302230593064D02A92846FBF7B0
S32508010de011FB224631462846FBF77CFC06B070BD001002400008014008B5012806D10122C3
S32508010e004FF400710748FBF76DFC08BD40B900224FF4007100F1804000F58430FBF762FC27
S32508010e2008BD00BF0008014010B5294B1B78022B05D8284AD0540133254A137010BD002255
S32508010e40234B1A70234A1078234B98745178D97443189278DBB29A4238D1204B1B78092BFD
S32508010e602ED841EA00211E4A22F813100133DBB21A4A13700A2B23D11A4B1B78092B0FD888
S32508010e80194A1288164830F813100A4492B20133DBB20A2BF7D1144B1A800A22114B1A7042
S32508010ea0114C2088F3F7B0FB0022104BF3F73CFDF3F7D2FE323881B221800D48F5F70EF8AA
S32508010ec0054B997CDA7C42EA01221A8210BD00BF0224002014280020A827002023240020D9
S32508010ee00C2400202224002020240020000024409069010870B582B002AC002304F8013D01
S32508010f000B4D0C4E0123224600212868F4F750FA012808D14FF0FF313068F4F7CDFB9DF84D
S32508010f200700FFF781FF0A20F6F70CF8EAE700BF042400200824002008B5034B1868F4F770
S32508010f407FFC002008BD00BF2824002030B482B000238DF807308DF806308DF807309DF8F6
S32508010f6007308B422ED20C464FF6FF7200254AF201019DF80730DBB2C35C5A408DF8065006
S32508010f809DF80630DBB2072B10D812F0010F14BF81EA520252089DF806300133DBB28DF8C1
S32508010fa006309DF80630DBB2072BEED99DF807300133DBB28DF807309DF80730DBB2A34214
S32508010fc0D7D301E04FF6FF72104602B030BC7047F8B5002211463048F4F734FB2F4B18606C
S32508010fe048B92F4B59784A1C5A702E48F4F776FF4FF0FF30F8BD2A4B59784A1C5A702A4885
S32508011000F4F76CFF2948F4F713F9294B1860002839D0234D69784B1C6B702648F4F75EFF9D
S32508011020254A4FF41653136053684FF4806161F3992353601E4E03213068F4F729FA40F209
S3250801104001113068F4F714F91C493068F4F746FA1B4F0024A7F80242A7F804422146194899
S32508011060F4F734FCC7F808021323174A21463068F4F7D6F969784B1C6B7002461348F4F77C
S325080110802DFF2046F8BD064B59784A1C5A701048F4F724FF0120F8BDA869010828240020E6
S325080110a0A827002018680108486801082C610108302A0020B8690108DC020020390F010867
S325080110c020280020EC690108FC690108106A0108406A010800B583B0C82301930A23009370
S325080110e04FF48063002210491048F5F71BFE104B186068B10F4B59784A1C5A700E48F4F75B
S32508011100EDFEFFF765FF0A4B1868F5F7BFFF06E0084B59784A1C5A700848F4F7DFFE00208A
S3250801112003B05DF804FB00BFE5190108746A01082C2A0020A8270020886A010868690108B2
S32508011140F0B589B005460F4616461C461E220021684601F09FFA55238DF80030AA238DF82C
S3250801116001302B1D8DF8023001238DF804308DF805708DF8066065B122460DF106016B1E62
S32508011180DBB20133234412F8010B01F8010F9A42F9D1691DC9B20DF10200FFF7D7FE08ABD4
S325080111a02B44020A03F8192C03F8180C1748F4F73FF80446F5F73AFC09352B466A460021D9
S325080111c02046F4F72DF9124B59684A1C5A601148F4F784FE002D12DD00231C460E4F0F4E2A
S325080111e008AA134413F8201C0F2994BF30463846F4F774FE0134E4B22346A542F0DC08487D
S32508011200F4F76CFEF5F71EFC09B0F0BD2C610108A8270020B06A0108E46A0108DC6A0108B0
S32508011220E062010810B586B0002301930293039304930593052800F2A680DFE800F0031930
S325080112402D66437D1422002101A8F4F763FD2E238DF8043000238DF805304C4BDB8D8DF876
S32508011260063001AB022231210320FFF769FF8AE01422002101A8F4F74DFD2E238DF80430DD
S3250801128000238DF805308DF8063001AB022231210320FFF755FF76E01422002101A8F4F7D7
S325080112a039FD2F238DF8043000238DF80530384BDB7A8DF8063001AB022231210320FFF733
S325080112c03FFF60E0334C012202212046FBF70AFA9620F5F737FE002202212046FBF702FAF0
S325080112e01422002101A8F4F715FD2F238DF8043000238DF8053001238DF8063001AB02224B
S3250801130031210320FFF71CFF3DE01422002101A8F4F700FD19238DF804301C4B93F82C1010
S325080113208DF805101C48F4F7D9FD01AB012233210220FFF705FF26E01422002101A8F4F7AF
S32508011340E9FC14238DF80430104CA18A134B1B88CA1A12128DF80520D8B2091A8DF8061027
S3250801136000228DF807208DF80820228AD31A1B128DF80930121A8DF80A2001AB0122332161
S325080113800720FFF7DDFE06B010BD00BFA8270020F8270020000C0140E86A010820240020CA
S325080113a030B587B00C46002301930293039304930593CB78322B00F08881332B00F09281A5
S325080113c0312B40F0E5814B790F2B00F0B5800CD8022B47D002D8012B19D0D9E10D2B00F0F0
S325080113e095800E2B00F0B580D2E1AA2B00F0578106D8292B00F0C0802D2B00F0C580C7E184
S32508011400EC2B00F05081ED2B00F05481C0E18B797BB9B14CA372FEF7FDFAFEF705FBE37ADF
S32508011420002B40F0B581AD4B1B78002B00F0AA81AEE1012B40F0AC810122A74B9A72F3F718
S3250801144047FE06AB43F8180D4FF47A711846F5F77FFDFEF7D5FA0022A04B1A70342000F094
S3250801146051FD95E100231A4601210420FEF786FCA37933BB9A4A82F84830974C6372FEF7CC
S32508011480E7FAE37A2BB9322000F03CFD3A2000F039FD0020FEF738FF0520FEF765FF904B7B
S325080114a05B7B012B06D18E4BDB890A2B02D800228B4B5A730320FEF7FFFC342000F022FDBD
S325080114c066E1012B40F06481854C84F84830824D2B736B720023AB73E363A363FEF7AEFA3C
S325080114e0FEF78EFA0320FEF7FDFC637B01336373EB7A012B03D10220FFF794FE48E1002B04
S3250801150040F04681362000F0FDFC41E1744B93F84130002B40F03C811A4601210420FEF7F6
S325080115202DFCA0796E4C84F83400FEF7EDFE94F83500FEF719FF2BE1694B93F84130002B5B
S3250801154040F026818879664B83F83500FEF70CFF1EE100231A4601210420FEF70FFCA27960
S325080115605F4B83F836205C4BDB7A002B40F01081362000F0C7FC0BE18A79594BA3F844205E
S32508011580372000F0BFFC03E18B79042B00F20081DFE803F0530316306C004F4C638A013332
S325080115a06382237D01332375382000F0ABFC00231A4601210420FEF7E1FB00232374E7E0C1
S325080115c0454B5A8A01325A821A7D01321A75444B93F84130002B40F0DB80392000F092FC08
S325080115e000231A4601210420FEF7C8FB01223A4B1A74CDE0384C638A01336382237D01331A
S32508011600237500231A4601210420FEF7B7FB0122334B83F841203D2000F074FC3220F5F73B
S325080116208DFC0020FFF7FEFD3220F5F787FC3B2000F068FC00232374AAE0274B5A8A0132C4
S325080116405A821A7D01321A75254B93F84130002B40F09E801A4601210420FEF78FFB3A20E2
S3250801166000F050FC00221C4B1A7491E01A4B5A8A01325A821A7D01321A75194B93F8413086
S32508011680002B40F085801A4601210420FEF776FB3C2000F037FC00220F4B1A7478E00122CB
S325080116a00D4B5A7174E001220B4B9A710020FEF719F96DE08A790A4B83F84620CA79A3F895
S325080116c04420402000F01EFC62E04B792E2B5FD13D2000F017FC5BE0F8270020712400200F
S325080116e0A82700204B790D3B0C2B51D8DFE803F007162550505050455050503441000D236A
S325080117008DF80430234B93F834308DF8053001AB012233210220FFF713FD39E00E238DF8D0
S3250801172004301C4B93F836308DF8053001AB012233210220FFF704FD2AE00F238DF8043023
S32508011740144B93F835308DF8053001AB012233210220FFF7F5FC1BE018238DF80430202313
S325080117608DF8053001AB012233210220FFF7E8FC0EE03E2000F0C6FB0AE08A79054B83F8CC
S32508011780222005E0322000F0BDFB0222024B1A7007B030BDA8270020712400202DE9F84F79
S325080117a0824689464FF00008804C814D814E2746E7E0B4F802329BB2E25CB4F802329BB207
S325080117c001332B4005D5013B6FEAC3536FEAD35301339BB2A4F802323378072B59D8DFE831
S325080117e003F0040A121D2D3E4E53552A40F0D38001233370C5E0AA2A02D102233370C0E021
S3250801180000233370C7E06C4B1A706C490B78581C08706B49CA5403233370B2E04AB9674A06
S325080118201378591C11700021654AD15404233370A7E000233370614A1370ACE0012A09D14D
S325080118405E4A1378591C117001215D4AD1540523337096E000233370584A13709BE057481C
S3250801186001784B1CDBB2037055484254524A127801329342C0F285800623337081E0514B98
S325080118801A70072333707CE04F4B1A700023337081E0002333707EE0474B19780131C9B247
S325080118a04748FFF753FB494B1880474B1B7843EA0B2B83452FD1B9F1020F5BD140495046C4
S325080118c0FFF76EFD4248F4F709FB3B4B1B78591D00229046B4F802329BB25B1A13442B4034
S325080118e005D5013B6FEAC3536FEAD3530133F95C3848F4F7F3FA08F101085FFA88F8424691
S325080119002D4B1B78591D8845E4DB3348F4F7E6FA4FF001082EE03148F4F7E0FA264B1B78CD
S32508011920053300218B46B4F8022292B2D31A0B442B4005D5013B6FEAC3536FEAD35301337B
S32508011940F95C2448F4F7CAFA0BF1010B5FFA8BFB5946194B1B7805339B45E4DB1E48F4F763
S32508011960BDFA194B1B78174A1278184909881C48F4F7B4FA0023134A1370134A13700F4A94
S325080119801370B4F8022292B2B4F804329BB29A427FF40FAF06E00B4B93F800B0BBF1000F33
S325080119a0EFD079E74046BDE8F88F00BF20280020FF010080722400202C2400202624002010
S325080119c030240020702400202724002024240020046B0108BC39010884390108186B010835
S325080119e02C6B010870B582B000238DF807301E4C1E4E1F4D01230DF1070200212068F3F702
S32508011a00D7FC01282BD14FF0FF313068F3F754FE4FF0FF31D5F80802F3F78CFFB5F80432DE
S32508011a200133C3F308039BB2B5F8022292B2934208D0B5F8042292B29DF80710A954A5F836
S32508011a40043204E09DF807100A48F4F747FAD5F80802F4F767F802212068FFF79FFE0A20AA
S32508011a60F5F770FAC6E700BF302A00202824002020280020586B010808B5034B1868F3F706
S32508011a80DFFE002008BD00BF7824002038B5002211462A48F3F7D6FD294B186048B9294B04
S32508011aa059784A1C5A702848F4F718FA4FF0FF3038BD244B59784A1C5A702448F4F70EFA77
S32508011ac02348F3F7B5FB234B186068B31D4C61784B1C63702048F4F701FA204A4FF4165311
S32508011ae0136053684FF4007161F399235360194D03212868F3F7CCFC40F201112868F3F7A8
S32508011b00B7FB17492868F3F7E9FC1323154A00212868F3F785FC61784B1C637002461248DF
S32508011b20F4F7DCF9002038BD064B59784A1C5A700E48F4F7D3F9012038BD00BF806B010899
S32508011b4078240020A827002018680108486801083C61010874240020906B0108E402002021
S32508011b60791A0108C46B0108D86B0108086C010800B583B0C8230193142300934FF4806362
S32508011b8000220F490F48F5F7CDF80F4B186058B10E4B59784A1C5A700D48F4F79FF90A4B52
S32508011ba01868F5F773FA06E0084B59784A1C5A700848F4F793F9002003B05DF804FB00BF56
S32508011bc0A91C01083C6C0108342A0020A8270020506C01086869010870B586B00024029456
S32508011be00394049405940E4B9A6942F008029A619B6903F008030193019B4FF48066029688
S32508011c000123039302230593064D02A92846FAF7F9FB224631462846FAF764FD06B070BD6B
S32508011c2000100240000C014008B5012806D101224FF480610548FAF755FD08BD28B900229A
S32508011c404FF480610148FAF74DFD08BD000C0140124B1B78022B05D8114AD05401330F4AB5
S32508011c601370704700220D4B1A700D4908780D4A90754B78D375C2188978D2B291420CD1CB
S32508011c8043EA002340F6D862934202D8054A9382704740F6D862034B9A8270477C2400205A
S32508011ca0382A0020A827002070B582B002AC002304F8013D0B4D0C4E012322460021286853
S32508011cc0F3F776FB012808D14FF0FF313068F3F7F3FC9DF80700FFF7BBFF0A20F5F732F92B
S32508011ce0EAE700BF742400207824002008B5034B1868F3F7A5FD002008BD00BF8024002052
S32508011d00F8B5002211463048F3F79CFC2F4B186048B92F4B59784A1C5A702E48F4F7DEF8EF
S32508011d204FF0FF30F8BD2A4B59784A1C5A702A48F4F7D4F82948F3F77BFA294B18600028EE
S32508011d4039D0234D69784B1C6B702648F4F7C6F8254A4FF41653136053684FF4806161F300
S32508011d60992353601E4E03213068F3F791FB40F201113068F3F77CFA1C493068F3F7AEFB7B
S32508011d801B4F0024A7F80242A7F8044221461948F3F79CFDC7F808021323174A2146306834
S32508011da0F3F73EFB69784B1C6B7002461348F4F795F82046F8BD064B59784A1C5A701048EE
S32508011dc0F4F78CF80120F8BD786C010880240020A82700201868010848680108546101080F
S32508011de0402A0020886C0108EC020020ED1C0108442A0020BC6C0108CC6C0108E06C0108D8
S32508011e00106D010800B583B0C82301930A2300934FF48063002210491048F4F783FF104B45
S32508011e20186068B10F4B59784A1C5A700E48F4F755F8FFF765FF0A4B1868F5F727F906E0F8
S32508011e40084B59784A1C5A700848F4F747F8002003B05DF804FB00BFA1250108446D010836
S32508011e60502C0020A8270020586D010868690108F0B589B004460F4616461D461E22002183
S32508011e80684600F007FC55238DF80030AA238DF80130231D8DF8023001238DF804308DF889
S32508011ea005708DF8066064B12A460DF10601631EDBB201332B4412F8010B01F8010F9A427D
S32508011ec0F9D1611DC9B20DF10200FFF73FF808AB2344020A03F8192C03F8180C0848F3F744
S32508011ee0A7F90546F4F7A2FD04F109036A4600212846F3F795FAF4F7A5FD09B0F0BD00BFF3
S32508011f005461010800B587B000230193029303930493059332380F2800F22B81DFE810F0F1
S32508011f20100042005100600028006F0089009B00AC00BE00D0000C011B012901E200FA006B
S32508011f408D4B93F84130002B40F013811422002101A8F3F7DFFE17238DF8043000238DF84D
S32508011f60053001AB022231211046FFF781FF00E1814B93F84130002B40F0FB801422002159
S32508011f8001A8F3F7C7FE17238DF804307A4B93F836308DF8053001AB022231211046FFF709
S32508011fa067FFE6E01422002101A8F3F7B3FE1C238DF8043001AB022231210120FFF758FFC3
S32508011fc0D7E01422002101A8F3F7A4FE3E238DF8043001AB022231210120FFF749FFC8E06C
S32508011fe01422002101A8F3F795FE3D238DF8043001AB022231210120FFF73AFFB9E05E4B88
S3250801200093F84130002B40F0B4801422002101A8F3F780FE15238DF80430574BB3F844300C
S325080120208DF8053001AB022231211046FFF720FF9FE01422002101A8F3F76CFE2D238DF8A2
S32508012040043001238DF8053001AB022231211046FFF70EFF8DE01422002101A8F3F75AFE35
S325080120602D238DF8043002208DF8050001AB02463121FFF7FDFE7CE01422002101A8F3F71F
S3250801208049FE2D238DF8043000238DF8053001AB022231211046FFF7EBFE6AE0142200210C
S325080120a001A8F3F737FE2D238DF8043003238DF8053001AB022231211046FFF7D9FE58E0E3
S325080120c01422002101A8F3F725FE2D238DF8043004238DF805306B44022231211046FFF789
S325080120e0C7FE46E01422002101A8F3F713FEED238DF80430204B93F846208DF80520B3F871
S3250801210044308DF8063001AB022231210320FFF7AFFE2EE01422002101A8F3F7FBFDF52391
S325080121208DF8043001238DF8053001AB022231211046FFF79DFE1CE01422002101A8F3F70A
S32508012140E9FD2E238DF8043001AB022232210120FFF78EFE0DE01422002101A8F3F7DAFD0C
S3250801216019238DF8043001AB022232210120FFF77FFE07B05DF804FBA827002038B5CB787A
S32508012180312B40F0D9804B792F2B00F0AF8004D8192B70D02E2B06D038BDBB2B73D0F22B44
S325080121a000F0938038BD654C8B79E3850020FFF739F8B4F92E3023BB614B5B7A022B05D147
S325080121c05F4A0023D3725372A372E3725D4B1B7873BB5B4C0025E5720220FFF723F8574B4F
S325080121e083F84150638A002B00F09A80237D13F0FD0F02D00120FDF729FB0222514B1A709E
S3250801220002E000224F4B1A704C4BB3F92E30642B0ED14B4B5B7C012B0AD1484B93F848306E
S32508012220012B05D1484B1B78002B00F081801EE00022454B1A70414BB3F92E30642B16D105
S325080122403E4B93F8483093B9404B1B78002B73D13B4B5B8A002B67D0394B1B7D022B02D022
S325080122600120FDF7F3FA0222384B1A7038BD0022364B1A7038BD8A79304B83F82C2003209D
S32508012280FEF7D0FF38BD01222D4BDA712B4BDB7A93420ED0294BDB6C2D2B0AD9284B1B7D11
S325080122a0934206D92A4A1378013313700120FDF7CDFA234BDB7A012B3ED1214B5B7A022B5D
S325080122c03AD03820FFF71EFE38BD1C4B93F83430002B31D11A4B5B7A012B2DD1174B5B7B67
S325080122e0012B29D90220FEF70FF838BD8B7923B9134AD372114A82F841308B79012B1BD1AA
S325080123000F4AD3720D4C84F841300220FEF78AFFA1780131C9B2A1700E48F3F7DFFD38BD42
S325080123200222084B1A706FE70222084B1A7038BD0222054B1A709AE738BD00BFA82700201F
S32508012340F827002084240020882400208724002085240020806D01082DE9F84F824689461D
S325080123604FF00008804C814D814E2746E9E0B4F802329BB2E25CB4F802329BB201332B4031
S3250801238005D5013B6FEAC3536FEAD35301339BB2A4F802323378072B59D8DFE803F0040A03
S325080123a0121D2D3E4E53552A40F0D58001233370C7E0AA2A02D102233370C2E0002333708A
S325080123c0C9E06C4B1A706C490B78581C08706B49CA5403233370B4E04AB9674A1378591CFD
S325080123e011700021654AD15404233370A9E000233370614A1370AEE0012A09D15E4A13784B
S32508012400591C117001215D4AD1540523337098E000233370584A13709DE0574801784B1C9F
S32508012420DBB2037055484254524A127801329342C0F287800623337083E0514B1A700723F4
S3250801244033707EE04F4B1A700023337083E00023337080E0474B19780131C9B24748FEF7A5
S3250801246075FD494B1880464B1A78464B1B7843EA022383422FD1B9F1040F5BD13F4950464A
S32508012480FFF77CFE4148F3F729FD3A4B1B78591D00229046B4F802329BB25B1A13442B403A
S325080124a005D5013B6FEAC3536FEAD3530133F95C3748F3F713FD08F101085FFA88F84246A4
S325080124c02C4B1B78591D8845E4DB3248F3F706FD4FF001082EE03048F3F700FD254B1B78C2
S325080124e0053300218B46B4F8022292B2D31A0B442B4005D5013B6FEAC3536FEAD3530133B0
S32508012500F95C2348F3F7EAFC0BF1010B5FFA8BFB5946184B1B7805339B45E4DB1D48F3F77A
S32508012520DDFC184B1B78164A1278174909881B48F3F7D4FC0023124A1370124A13700E4A8C
S325080125401370B4F8022292B2B4F804329BB29A427FF40DAF04E00A4B1B78002BF1D079E783
S325080125604046BDE8F88F00BF442A0020FF01008086240020CE240020892400208C24002054
S32508012580D0240020CF240020CC240020046B0108BC39010884390108186B01082C6B01088D
S325080125a070B582B000238DF807301E4C1E4E1F4D01230DF1070200212068F2F7F9FE0128B7
S325080125c02BD14FF0FF313068F3F776F84FF0FF31D5F80802F3F7AEF9B5F804320133C3F3ED
S325080125e008039BB2B5F8022292B2934208D0B5F8042292B29DF80710A954A5F8043204E03B
S325080126009DF807100A48F3F769FCD5F80802F3F789FA04212068FFF79FFE0A20F4F792FC37
S32508012620C6E700BF402A002080240020442A0020A46D010808B50548F3F750FC0448F3F7B3
S325080126404DFC0448F3F74AFC002008BDE46D0108F46D0108D84801080A22002100F0D2B80D
S3250801266010B501390244904207D010F8013B11F8014FA342F7D0181B10BD002010BD10B562
S32508012680431E0A44914204D011F8014B03F8014FF8E710BD03460244934202D003F8011B3C
S325080126a0FAE7704730B582B1451E013915F8013F11F8014FA34206D1EC431444E04201D0E2
S325080126c0002BF3D11C46181B30BD104630BD034610B542B111F8014B013A03F8014B002C33
S325080126e0F7D11A4400E010BD934202D003F8014BFAE710BD2DE9F0478046894692461E463E
S325080127000F463D46089815F8014B00F091F82044427802F0080202F0FF030AB12F46F0E74B
S325080127202D2C03D1BD1C7C78012303E02B2C04BF7C78BD1C16B1102E0AD15EE0302C5AD1FD
S325080127402A7802F0DF02582A50D16C7810260235002B14BF4FF000426FF00042B2FBF6FE40
S3250801276006FB1E2100221046A4F13007092F01D83C460AE0A4F14107192F01D8373C04E0F4
S32508012780A4F16107192F13D8573CA64210DD571C0BD0864507D301D1A14203DB00FB0640CB
S325080127a0012202E070464FF0FF3215F8014BDBE7511C0ED1002B4FF0220314BF4FF0004097
S325080127c06FF00040C8F80030BAF1000F07D1BDE8F08703B14042BAF1000F11D00AB1013DE3
S325080127e000E04D46CAF80050BDE8F0873024002EAED10826ACE70A26AAE7302CA0D0A7E74C
S32508012800BDE8F087084B37B51C68084D236A002B08BF2B46009313460A4601462046FFF7A6
S3250801282069FF03B030BD00BF5403002058030020D0F8EC00704782B001B901A93AB143B1F0
S3250801284013780B601278101C18BF012003E0104601E06FF0010002B0704749B1FF2A85BF7B
S325080128608A2303600A704FF0FF3098BF012070470846704724540108D0540108BC55010855
S3250801288060560108EC560108000004050607080900000000000D00000102030405060708C7
S325080128a0090A0B0C0D0E0F1000C20100080020006D61696E0000000074696420213D2052E4
S325080128c0545F4E554C4C000072745F6170706C69636174696F6E5F696E69740072745F6466
S325080128e065766963655F6F70656E000072745F6465766963655F636C6F73650072745F64D9
S3250801290065766963655F72656164000072745F6465766963655F7772697465006465762003
S32508012920213D2052545F4E554C4C000072745F6F626A6563745F6765745F74797065282600
S325080129406465762D3E706172656E7429203D3D2052545F4F626A6563745F436C6173735F41
S32508012960446576696365000072745F6F626A6563745F69735F73797374656D6F626A6563FA
S325080129807428266465762D3E706172656E74290072745F6F626A6563745F69735F73797354
S325080129a074656D6F626A65637428266465762D3E706172656E7429203D3D2052545F46415A
S325080129c04C534500546F20696E697469616C697A65206465766963653A2573206661696CD1
S325080129e065642E20546865206572726F7220636F64652069732025640A0000006465762D70
S32508012a003E7265665F636F756E7420213D20300072745F6465766963655F636F6E74726F2D
S32508012a206C00000072745F6465766963655F7365745F72785F696E646963617465000000D2
S32508012a4072745F7468726561645F69646C655F65786375746500000046756E6374696F6E7A
S32508012a605B25735D207368616C6C206E6F74206265207573656420696E204953520A00008B
S32508012a807469646C6525640072745F73656D5F696E69740072745F6D757465785F72656CD5
S32508012aa0656173650000000072745F73656D5F74616B650072745F73656D5F6372656174E3
S32508012ac06500000073656D20213D2052545F4E554C4C000076616C7565203C2030783130BD
S32508012ae0303030550000000072745F6F626A6563745F6765745F74797065282673656D2DA6
S32508012b003E706172656E742E706172656E7429203D3D2052545F4F626A6563745F436C6178
S32508012b2073735F53656D6170686F72650000000072745F6F626A6563745F69735F737973E8
S32508012b4074656D6F626A656374282673656D2D3E706172656E742E706172656E7429000040
S32508012b6072745F6F626A6563745F69735F73797374656D6F626A656374282673656D2D3ED6
S32508012b80706172656E742E706172656E7429203D3D2052545F46414C5345000046756E6305
S32508012ba074696F6E5B25735D207368616C6C206E6F742062652075736564206265666F7271
S32508012bc065207363686564756C65722073746172740A00006D7574657820213D2052545F74
S32508012be04E554C4C0000000072745F6F626A6563745F6765745F7479706528266D75746506
S32508012c00782D3E706172656E742E706172656E7429203D3D2052545F4F626A6563745F439F
S32508012c206C6173735F4D75746578000072745F6F626A6563745F69735F73797374656D6FF6
S32508012c40626A65637428266D757465782D3E706172656E742E706172656E74290000000006
S32508012c6072745F6F626A6563745F69735F73797374656D6F626A65637428266D7574657852
S32508012c802D3E706172656E742E706172656E7429203D3D2052545F46414C53450000000025
S32508012ca06576656E7420213D2052545F4E554C4C0000000072745F6F626A6563745F67651E
S32508012cc0745F7479706528266576656E742D3E706172656E742E706172656E7429203D3D70
S32508012ce02052545F4F626A6563745F436C6173735F4576656E74000072745F6F626A65634B
S32508012d00745F69735F73797374656D6F626A65637428266576656E742D3E706172656E7415
S32508012d202E706172656E74290000000072745F6F626A6563745F69735F73797374656D6F39
S32508012d40626A65637428266576656E742D3E706172656E742E706172656E7429203D3D205C
S32508012d6052545F46414C5345000000006D6220213D2052545F4E554C4C00000072745F6F73
S32508012d80626A6563745F6765745F7479706528266D622D3E706172656E742E706172656E06
S32508012da07429203D3D2052545F4F626A6563745F436C6173735F4D61696C426F78000000F1
S32508012dc072745F6F626A6563745F69735F73797374656D6F626A65637428266D622D3E707A
S32508012de06172656E742E706172656E742900000072745F6F626A6563745F69735F73797314
S32508012e0074656D6F626A65637428266D622D3E706172656E742E706172656E7429203D3D59
S32508012e202052545F46414C53450000006D7120213D2052545F4E554C4C00000072745F6F83
S32508012e40626A6563745F6765745F7479706528266D712D3E706172656E742E706172656E36
S32508012e607429203D3D2052545F4F626A6563745F436C6173735F4D657373616765517565EC
S32508012e807565000072745F6F626A6563745F69735F73797374656D6F626A65637428266D1C
S32508012ea0712D3E706172656E742E706172656E742900000072745F6F626A6563745F6973C5
S32508012ec05F73797374656D6F626A65637428266D712D3E706172656E742E706172656E748F
S32508012ee029203D3D2052545F46414C534500000062756666657220213D2052545F4E554C64
S32508012f004C00000073697A6520213D203000000072745F73656D5F72656C65617365000003
S32508012f2072745F6D757465785F6372656174650072745F6D757465785F74616B65000000BB
S32508012f400A205C207C202F0A000000002D205254202D2020202020546872656164204F70D0
S32508012f6065726174696E672053797374656D0A00202F207C205C202020202025642E256462
S32508012f802E2564206275696C642025730A0000004170722031362032303235002032303034
S32508012fa036202D203230323020436F707972696768742062792072742D74687265616420FC
S32508012fc07465616D0A0000002825732920617373657274696F6E206661696C6564206174D6
S32508012fe02066756E6374696F6E3A25732C206C696E65206E756D6265723A2564200A0000E0
S325080130006C697374206D656D6F727920757361676520696E666F726D6174696F6E00000031
S325080130206C6973745F6D656D00000000706C75675F686F6C65730000746F74616C206D65DF
S325080130406D6F72793A2025640A00000075736564206D656D6F7279203A2025640A00000036
S325080130606D6178696D756D20616C6C6F6361746564206D656D6F72793A2025640A000000D4
S325080130802872745F75696E74385F74202A296D656D203E3D20686561705F70747200000029
S325080130a02872745F75696E74385F74202A296D656D203C202872745F75696E74385F742043
S325080130c02A29686561705F656E6400006D656D2D3E75736564203D3D203000006865617077
S325080130e0000000006D656D20696E69742C206572726F7220626567696E2061646472657380
S325080131007320307825782C20616E6420656E64206164647265737320307825780A0000007D
S325080131202872745F75626173655F74296D656D202B2053495A454F465F5354525543545FEA
S325080131404D454D202B2073697A65203C3D202872745F75626173655F7429686561705F65C7
S325080131606E6400002872745F75626173655F7429282872745F75696E74385F74202A296DB5
S32508013180656D202B2053495A454F465F5354525543545F4D454D2920252052545F414C4928
S325080131a0474E5F53495A45203D3D20300000000028282872745F75626173655F74296D654C
S325080131c06D292026202852545F414C49474E5F53495A45202D20312929203D3D20300000D8
S325080131e028282872745F75626173655F7429726D656D292026202852545F414C49474E5FC0
S3250801320053495A45202D20312929203D3D2030002872745F75696E74385F74202A29726D00
S32508013220656D203E3D202872745F75696E74385F74202A29686561705F7074722026262068
S325080132402872745F75696E74385F74202A29726D656D203C202872745F75696E74385F744F
S32508013260202A29686561705F656E6400746F206672656520612062616420646174612062EF
S325080132806C6F636B3A0A00006D656D3A203078253038782C207573656420666C61673A20DB
S325080132a025642C206D6167696320636F64653A203078253034780A006D656D2D3E7573656A
S325080132c0640000006D656D2D3E6D61676963203D3D20484541505F4D414749430000000038
S325080132e072745F6D616C6C6F6300000072745F667265650072745F73797374656D5F686505
S3250801330061705F696E69740072745F6F626A6563745F696E6974000072745F6F626A6563A3
S32508013320745F64657461636800000000696E666F726D6174696F6E20213D2052545F4E5556
S325080133404C4C00006F626A20213D206F626A6563740000006F626A65637420213D205254BB
S325080133605F4E554C4C00000021286F626A6563742D3E7479706520262052545F4F626A65CC
S3250801338063745F436C6173735F537461746963290000000072745F6F626A6563745F616C1A
S325080133a06C6F63617465000072745F6F626A6563745F6765745F74797065000072745F6F56
S325080133c0626A6563745F69735F73797374656D6F626A65637400000072745F6F626A6563D8
S325080133e0745F66696E64000072745F6F626A6563745F64656C657465000000005F72745F18
S325080134007363686564756C65725F737461636B5F636865636B000000746872656164202153
S325080134203D2052545F4E554C4C0000007468726561643A257320737461636B206F76657284
S32508013440666C6F770A0000007761726E696E673A20257320737461636B20697320636C6F23
S32508013460736520746F20656E64206F6620737461636B20616464726573732E0A00000000A2
S3250801348072745F7363686564756C655F696E736572745F74687265616400000072745F7308
S325080134a063686564756C655F72656D6F76655F74687265616400000072745F746872656106
S325080134c0645F6465746163680000000072745F7468726561645F636F6E74726F6C00000094
S325080134e072745F7468726561645F726573756D650000000072745F7468726561645F64652B
S325080135006C6574650000000072745F7468726561645F74696D656F757400000072745F7416
S3250801352068726561645F736C656570007072696F72697479203C2052545F54485245414445
S325080135405F5052494F524954595F4D4158000000287468726561642D3E7374617420262009
S3250801356052545F5448524541445F535441545F4D41534B29203D3D2052545F5448524541FD
S32508013580445F53555350454E4400000072745F6F626A6563745F6765745F7479706528288B
S325080135a072745F6F626A6563745F742974687265616429203D3D2052545F4F626A6563748D
S325080135c05F436C6173735F546872656164000000737461636B5F737461727420213D20523D
S325080135e0545F4E554C4C000072745F6F626A6563745F69735F73797374656D6F626A6563D0
S3250801360074282872745F6F626A6563745F742974687265616429000072745F6F626A656336
S32508013620745F69735F73797374656D6F626A656374282872745F6F626A6563745F742974D5
S32508013640687265616429203D3D2052545F46414C53450000746872656164203D3D207274EC
S325080136605F7468726561645F73656C66282900007469636B20213D2052545F4E554C4C0081
S32508013680287468726561642D3E7374617420262052545F5448524541445F535441545F4DEA
S325080136a041534B29203D3D2052545F5448524541445F494E4954000072745F746872656190
S325080136c0645F64656C61795F756E74696C0000005F72745F7468726561645F696E6974004F
S325080136e072745F7468726561645F696E6974000072745F7468726561645F7374617274752C
S325080137007000000072745F7468726561645F73757370656E6400000072745F74696D6572A6
S325080137205F7374617274000074696D657220213D2052545F4E554C4C0000000072745F6F3A
S32508013740626A6563745F6765745F74797065282674696D65722D3E706172656E7429203DA8
S325080137603D2052545F4F626A6563745F436C6173735F54696D65720072745F6F626A656384
S32508013780745F69735F73797374656D6F626A656374282674696D65722D3E706172656E748C
S325080137a02900000072745F6F626A6563745F69735F73797374656D6F626A6563742826749D
S325080137c0696D65722D3E706172656E7429203D3D2052545F46414C534500000074696D6536
S325080137e0722D3E696E69745F7469636B203C2052545F5449434B5F4D4158202F203200008D
S3250801380074696D657200000072745F74696D65725F636F6E74726F6C0000000072745F74F9
S32508013820696D65725F73746F7000000072745F74696D65725F696E697400000072745F7475
S32508013840696D65725F646574616368007073723A203078253038780A000000007230303A72
S32508013860203078253038780A000000007230313A203078253038780A000000007230323A70
S32508013880203078253038780A000000007230333A203078253038780A000000007230343A4C
S325080138a0203078253038780A000000007230353A203078253038780A000000007230363A28
S325080138c0203078253038780A000000007230373A203078253038780A000000007230383A04
S325080138e0203078253038780A000000007230393A203078253038780A000000007231303AE9
S32508013900203078253038780A000000007231313A203078253038780A000000007231323ACD
S32508013920203078253038780A00000000206C723A203078253038780A000000002070633A65
S32508013940203078253038780A0000000068617264206661756C74206F6E2074687265616411
S325080139603A2025730D0A0D0A0000000068617264206661756C74206F6E2068616E646C65B4
S32508013980720D0A0D0A0000006661696C656420766563746F722066657463680A000000002C
S325080139a0627573206661756C743A0A005343425F434653525F424653523A3078253032587C
S325080139c020000000494255534552522000000000505245434953455252200000494D505275
S325080139e0454349534552522000000000554E53544B4552522000000053544B4552522000F2
S32508013a005343422D3E424641523A253038580A006D656D206D616E616765206661756C740C
S32508013a203A0A00005343425F434653525F4D4653523A307825303258200000004941434346
S32508013a4056494F4C200000004441434356494F4C200000004D554E53544B455252200000AD
S32508013a604D53544B45525220000000005343422D3E4D4D41523A253038580A0075736167A6
S32508013a8065206661756C743A0A0000005343425F434653525F554653523A3078253032586D
S32508013aa020000000554E444546494E5354522000494E56535441544520000000494E5650EA
S32508013ac0432000004E4F435020000000554E414C49474E454420000044495642595A4552FE
S32508013ae04F2000006465627567206576656E740A0000000073687574646F776E2E2E2E0AE5
S32508013b00000000006C69737420616C6C2073796D626F6C20696E2073797374656D0000000F
S32508013b206C697374000000006C6973742064657669636520696E2073797374656D000000B2
S32508013b405F5F636D645F6C6973745F6465766963650000006C69737420646576696365200E
S32508013b60696E2073797374656D0000006C6973745F646576696365006C6973742074696DE9
S32508013b80657220696E2073797374656D000000005F5F636D645F6C6973745F74696D6572F6
S32508013ba0000000006C6973742074696D657220696E2073797374656D000000006C69737481
S32508013bc05F74696D657200006C697374206D656D6F727920706F6F6C20696E20737973741D
S32508013be0656D00005F5F636D645F6C6973745F6D656D706F6F6C00006C697374206D656D64
S32508013c006F727920706F6F6C20696E2073797374656D00006C6973745F6D656D706F6F6C91
S32508013c20000000006C697374206D65737361676520717565756520696E2073797374656DB3
S32508013c40000000005F5F636D645F6C6973745F6D73677175657565006C697374206D65735C
S32508013c607361676520717565756520696E2073797374656D000000006C6973745F6D736732
S32508013c8071756575650000006C697374206D61696C20626F7820696E2073797374656D004C
S32508013ca05F5F636D645F6C6973745F6D61696C626F7800006C697374206D61696C20626F2D
S32508013cc07820696E2073797374656D006C6973745F6D61696C626F78000000006C697374DE
S32508013ce0206D7574657820696E2073797374656D000000005F5F636D645F6C6973745F6DCD
S32508013d0075746578000000006C697374206D7574657820696E2073797374656D0000000003
S32508013d206C6973745F6D7574657800006C697374206576656E7420696E2073797374656D6C
S32508013d40000000005F5F636D645F6C6973745F6576656E74000000006C69737420657665AA
S32508013d606E7420696E2073797374656D000000006C6973745F6576656E7400006C6973749D
S32508013d802073656D6170686F726520696E2073797374656D000000005F5F636D645F6C694E
S32508013da073745F73656D00006C6973742073656D6170686F726520696E2073797374656D0D
S32508013dc0000000006C6973745F73656D000000006C69737420746872656164005F5F636D92
S32508013de0645F6C6973745F7468726561640000006C69737420746872656164006C6973744E
S32508013e005F7468726561640073686F772052542D5468726561642076657273696F6E206901
S32508013e206E666F726D6174696F6E00005F5F636D645F76657273696F6E00000073686F771E
S32508013e402052542D5468726561642076657273696F6E20696E666F726D6174696F6E00001C
S32508013e6076657273696F6E00636C65617220746865207465726D696E616C20736372656517
S32508013e806E0000005F5F636D645F636C65617200636C65617220746865207465726D696E36
S32508013ea0616C2073637265656E000000636C6561720000007361792068656C6C6F20776FF8
S32508013ec0726C640068656C6C6F00000048656C6C6F2052542D546872656164210A00000013
S32508013ee01B5B324A1B5B4800257300002F0000007468726561640000252D2A2E73207072A5
S32508013f0069202073746174757320202020202073702020202020737461636B2073697A6511
S32508013f20206D61782075736564206C656674207469636B20206572726F720A00202D2D2D8A
S32508013f4020202D2D2D2D2D2D2D202D2D2D2D2D2D2D2D2D2D202D2D2D2D2D2D2D2D2D2D20F3
S32508013f60202D2D2D2D2D2D20202D2D2D2D2D2D2D2D2D2D202D2D2D0A00000000252D2A2EA7
S32508013f802A732025336420002072656164792020000000002073757370656E6400000000E2
S32508013fa020696E69742020200000000020636C6F73652020000000002072756E6E696E6727
S32508013fc00000000020307825303878203078253038782020202025303264252520202030F3
S32508013fe0782530387820253033640A002D2D46756E6374696F6E204C6973743A0A0000007F
S325080140005F5F0000252D313673202D2D2025730A00000000252D2A2E732020706572696FEF
S3250801402064696320202074696D656F757420202020202020666C61670A000000202D2D2DAF
S325080140402D2D2D2D2D2D2D202D2D2D2D2D2D2D2D2D2D202D2D2D2D2D2D2D2D2D2D2D0A001B
S32508014060252D2A2E2A732030782530387820307825303878200000006163746976617465DF
S32508014080640A000064656163746976617465640A0000000063757272656E74207469636B4D
S325080140a03A3078253038780A00000000556E6B6E6F776E006465766963650000252D2A2EF6
S325080140c0732020202020202020207479706520202020202020202072656620636F756E74D6
S325080140e00A000000202D2D2D2D2D2D2D2D2D2D2D2D2D2D2D2D2D2D2D2D202D2D2D2D2D2DD5
S325080141002D2D2D2D0A000000252D2A2E2A7320252D32307320252D38640A00006D656D707D
S325080141206F6F6C00252D2A2E7320626C6F636B20746F74616C206672656520737573706588
S325080141406E64207468726561640A0000202D2D2D2D20202D2D2D2D20202D2D2D2D202D2DA6
S325080141602D2D2D2D2D2D2D2D2D2D2D2D0A000000252D2A2E2A7320253034642020253034ED
S32508014180642020253034642025643A00252D2A2E2A732025303464202025303464202025B6
S325080141a03034642025640A006D7367717565756500000000252D2A2E7320656E747279207A
S325080141c073757370656E64207468726561640A00202D2D2D2D20202D2D2D2D2D2D2D2D2D83
S325080141e02D2D2D2D2D0A0000252D2A2E2A732025303464202025643A00000000252D2A2EC4
S325080142002A732025303464202025640A000000006D61696C626F7800252D2A2E7320656E16
S325080142207472792073697A652073757370656E64207468726561640A00000000202D2D2DCA
S325080142402D20202D2D2D2D202D2D2D2D2D2D2D2D2D2D2D2D2D2D0A00252D2A2E2A73202502
S325080142603034642020253034642025643A000000252D2A2E2A73202530346420202530343A
S32508014280642025640A0000006D75746578000000252D2A2E732020206F776E657220206875
S325080142a06F6C642073757370656E64207468726561640A00202D2D2D2D2D2D2D2D202D2DEA
S325080142c02D2D202D2D2D2D2D2D2D2D2D2D2D2D2D2D0A0000252D2A2E2A7320252D382E2A8C
S325080142e07320253034642025640A00006576656E74000000252D2A2E73202020202020730A
S3250801430065742020202073757370656E64207468726561640A00000020202D2D2D2D2D2D43
S325080143202D2D2D2D202D2D2D2D2D2D2D2D2D2D2D2D2D2D0A00000000252D2A2E2A73202093
S3250801434030782530387820253033643A00000000252D2A2E2A7320203078253038782030D7
S325080143600A00000073656D6170686F7265000000252D2A2E73207620202073757370656EAF
S3250801438064207468726561640A000000202D2D2D202D2D2D2D2D2D2D2D2D2D2D2D2D2D0AC1
S325080143a000000000252D2A2E2A7320253033642025643A00252D2A2E2A7320253033642045
S325080143c025640A004368617261637465722044657669636500000000426C6F636B2044658A
S325080143e076696365000000004E6574776F726B20496E746572666163650000004D54442067
S32508014400446576696365000043414E20446576696365000052544300536F756E6420446540
S32508014420766963650000000047726170686963204465766963650000493243204275730090
S3250801444055534220536C617665204465766963650000000055534220486F737420427573E6
S325080144600000000053504920427573005350492044657669636500005344494F2042757322
S3250801448000000000504D2050736575646F20446576696365000000005069706500000000E2
S325080144a0506F7274616C2044657669636500000054696D657220446576696365000000009A
S325080144c04D697363656C6C616E656F7573204465766963650000000053656E736F7220442B
S325080144e06576696365000000546F7563682044657669636500000000506879204465766955
S3250801450063650000C4430108D8430108E8430108FC430108084401081444010818440108F9
S3250801452028440108384401084044010854440108644401086C440108784401088444010844
S3250801454098440108A0440108B0440108C0440108D8440108E8440108F8440108AC400108DC
S3250801456053686F7720746865206D656D6F727920757361676520696E207468652073797365
S3250801458074656D2E000000005F5F636D645F6672656500004C6973742074687265616473FE
S325080145a020696E207468652073797374656D2E005F5F636D645F70730000000052542D5446
S325080145c06872656164207368656C6C2068656C702E0000005F5F636D645F68656C7000009F
S325080145e052542D546872656164207368656C6C20636F6D6D616E64733A0A00005F5F636D05
S32508014600645F0000252D313673202D2025730A00636D6400546F6F206D616E7920617267F8
S32508014620732021205765206F6E6C79205573653A0A0000002573200025733A20636F6D6D12
S32508014640616E64206E6F7420666F756E642E0A005F6D73685F657865635F636D64000000F5
S3250801466066696E73685F72785F696E64000000007368656C6C20213D2052545F4E554C4C3A
S32508014680000000006D7368200000000066696E73682000003E0000001B5B324B0D0000002D
S325080146a025732573000000006E6F206D656D6F727920666F72207368656C6C0A000000007C
S325080146c0747368656C6C0000736872780000000066696E73683A2063616E206E6F742066DF
S325080146e0696E64206465766963653A2025730A00080000002563000008257320200800006C
S325080147000820080066696E73685F7365745F6465766963650000000066696E73685F736579
S32508014720745F70726F6D70745F6D6F646500000066696E73685F676574636861720000009C
S32508014740636F6D706C6574696F6E20213D2052545F4E554C4C00000072745F6C6973745FD2
S325080147606973656D707479282628636F6D706C6574696F6E2D3E73757370656E6465645FDA
S325080147806C6973742929000072745F636F6D706C6574696F6E5F696E6974000072745F63C2
S325080147a06F6D706C6574696F6E5F77616974000072745F636F6D706C6574696F6E5F646F4E
S325080147c06E6500005F73657269616C5F706F6C6C5F74780072745F73657269616C5F7772AA
S325080147e06974650072745F73657269616C5F636F6E74726F6C0000005F73657269616C5F05
S32508014800696E745F7478000072745F73657269616C5F636C6F73650073657269616C2021F8
S325080148203D2052545F4E554C4C000000747820213D2052545F4E554C4C00000072785F6653
S3250801484069666F20213D2052545F4E554C4C000074785F6669666F20213D2052545F4E55F8
S325080148604C4C00001B5B33336D5B572F554152545D2000005761726E696E673A205468655D
S325080148807265206973206E6F20656E6F7567682062756666657220666F7220736176696E51
S325080148a06720646174612C20706C6561736520696E637265617365207468652052545F53BF
S325080148c0455249414C5F52425F425546535A206F7074696F6E2E00001B5B306D0A0000007C
S325080148e05F73657269616C5F696E745F7278000072745F73657269616C5F6F70656E000001
S3250801490072745F68775F73657269616C5F726567697374657200000072745F68775F736566
S325080149207269616C5F6973720000000072745F73657269616C5F696E697400005F73657292
S3250801494069616C5F706F6C6C5F72780072745F73657269616C5F72656164000072745F703E
S32508014960696E5F7772697465000000005F70696E5F7265616400000072745F70696E5F72C9
S325080149806561640072745F70696E5F67657400005F70696E5F777269746500006765742023
S325080149a070696E206E756D6265722066726F6D2068617264776172652070696E000000004F
S325080149c070696E476574000072656164207374617475732066726F6D206861726477617224
S325080149e0652070696E00000070696E526561640077726974652076616C756520746F206826
S32508014a00617264776172652070696E0070696E5772697465000000007365742068617264DD
S32508014a20776172652070696E206D6F646500000070696E4D6F6465005F70696E5F636F6E7B
S32508014a4074726F6C0000000070696E20213D2052545F4E554C4C00005F68775F70696E2E4F
S32508014a606F707320213D2052545F4E554C4C00006E616D655B305D203D3D20275027000016
S32508014a8072745F70696E5F6D6F64650070776D5F7365742070776D3120312031303020357C
S32508014aa0300000005F5F636D645F70776D5F73657400000070776D5F64697361626C6520C0
S32508014ac070776D31203100005F5F636D645F70776D5F64697361626C6500000070776D5F66
S32508014ae0656E61626C652070776D3120310000005F5F636D645F70776D5F656E61626C65DF
S32508014b00000000007365742070776D2E0000000070776D5F73657400656E61626C652070A2
S32508014b20776D206279206368616E6E656C2E000070776D5F656E61626C65000055736167B6
S32508014b40653A2070776D5F656E61626C652070776D3120310A00000055736167653A2070AE
S32508014b60776D5F7365742070776D312031203130302035300A000000666E6900666E692BBC
S32508014b80000000006E616E00666E692D00000000296C6C756E280000296C696E28000000BF
S32508014ba0000000000000F03F000000000000244000000000000059400000000000408F40AB
S32508014bc0000000000088C34000000000006AF8400000000080842E4100000000D0126341A0
S32508014be00000000084D797410000000065CDCD41000000205FA00242000000E876483742B1
S32508014c00000000A2941A6D42000040E59C30A2420000901EC4BCD64200003426F56B0C4362
S32508014c200080E03779C3414300A0D885573476431B5B33323B32326D5B492F46414C5D20C3
S32508014c4000000000312E302E3000000052542D54687265616420466C617368204162737475
S32508014c6072616374696F6E204C6179657220285625732920696E697469616C697A652073D4
S32508014c807563636573732E001B5B33313B32326D5B452F46414C5D202825733A2564292080
S32508014ca00000000052542D54687265616420466C617368204162737472616374696F6E20F2
S32508014cc04C6179657220285625732920696E697469616C697A65206661696C65642E000064
S32508014ce066616C5F696E6974000000006465766963655F7461626C655B695D2D3E6F7073AA
S32508014d002E72656164000000282573292068617320617373657274206661696C65642061BD
S32508014d20742025732E0A00006465766963655F7461626C655B695D2D3E6F70732E777269CB
S32508014d40746500006465766963655F7461626C655B695D2D3E6F70732E6572617365000078
S32508014d605B442F46414C5D202825733A2564292000000000466C61736820646576696365BC
S32508014d80207C20252A2E2A73207C20616464723A2030782530386C78207C206C656E3A200F
S32508014da0307825303878207C20626C6B5F73697A653A20307825303878207C696E69746968
S32508014dc0616C697A65642066696E6973682E0000696E69745F6F6B0066616C5F666C617357
S32508014de0685F696E6974000066616C5F666C6173685F6465766963655F66696E64000000BA
S32508014e00666C6173685F6465766963655F66696E645F62795F7061727400000066616C5FC4
S32508014e20706172746974696F6E5F77726974650066616C5F706172746974696F6E5F72655D
S32508014e406164000070617274203E3D20706172746974696F6E5F7461626C65007061727414
S32508014e60203C3D2026706172746974696F6E5F7461626C655B706172746974696F6E5F74FB
S32508014e8061626C655F6C656E202D20315D0000005761726E696E673A20446F204E4F5420C2
S32508014ea0666F756E642074686520666C61736820646576696365282573292E00496E6974FD
S32508014ec069616C697A65206661696C65642120506172746974696F6E28257329206F666681
S32508014ee0736574206164647265737328256C6429206F7574206F6620666C61736820626F7F
S32508014f00756E64283C2564292E0000003D3D3D3D3D3D3D3D3D3D3D3D3D3D3D3D3D3D3D3D33
S32508014f202046414C20706172746974696F6E207461626C65203D3D3D3D3D3D3D3D3D3D3D8E
S32508014f403D3D3D3D3D3D3D3D3D0000007C20252D2A2E2A73207C20252D2A2E2A73207C207B
S32508014f6020206F66667365742020207C202020206C656E67746820207C000000666C61731B
S32508014f80685F6465760000002D2D2D2D2D2D2D2D2D2D2D2D2D2D2D2D2D2D2D2D2D2D2D2DC4
S32508014fa02D2D2D2D2D2D2D2D2D2D2D2D2D2D2D2D2D2D2D2D2D2D2D2D2D2D2D2D2D2D2D2D42
S32508014fc02D2D2D2D2D0000007C20252D2A2E2A73207C20252D2A2E2A73207C203078253042
S32508014fe0386C78207C20307825303878207C00003D3D3D3D3D3D3D3D3D3D3D3D3D3D3D3DB1
S325080150003D3D3D3D3D3D3D3D3D3D3D3D3D3D3D3D3D3D3D3D3D3D3D3D3D3D3D3D3D3D3D3DE1
S325080150203D3D3D3D3D3D3D3D3D3D3D3D3D0000006C656E007461626C65000000706172744A
S325080150400000000062756600506172746974696F6E2072656164206572726F722120506152
S3250801506072746974696F6E2061646472657373206F7574206F6620626F756E642E0000003F
S32508015080506172746974696F6E2072656164206572726F722120446F6E277420666F756E6C
S325080150a06420666C6173682064657669636528257329206F662074686520706172746974CC
S325080150c0696F6E282573292E00000000506172746974696F6E2072656164206572726F72A4
S325080150e02120466C61736820646576696365282573292072656164206572726F72210000D2
S32508015100506172746974696F6E207772697465206572726F722120506172746974696F6E36
S325080151202061646472657373206F7574206F6620626F756E642E0000506172746974696F3B
S325080151406E207772697465206572726F72212020446F6E277420666F756E6420666C61731E
S32508015160682064657669636528257329206F662074686520706172746974696F6E2825732F
S32508015180292E0000506172746974696F6E207772697465206572726F722120466C6173682B
S325080151a02064657669636528257329207772697465206572726F722100000000506172741A
S325080151c06974696F6E206572617365206572726F722120506172746974696F6E20616464DF
S325080151e072657373206F7574206F6620626F756E642E0000506172746974696F6E2065725F
S32508015200617365206572726F722120446F6E277420666F756E6420666C6173682064657636
S3250801522069636528257329206F662074686520706172746974696F6E282573292E000000DE
S32508015240506172746974696F6E206572617365206572726F722120466C617368206465767D
S3250801526069636528257329206572617365206572726F722100000000636865636B5F616E3E
S32508015280645F7570646174655F706172745F63616368650066616C5F706172746974696F52
S325080152a06E5F65726173650066616C5F706172746974696F6E5F66696E64000046414C20A3
S325080152c028466C617368204162737472616374696F6E204C6179657229206F70657261741E
S325080152e0652E00005F5F636D645F66616C0000007061727420213D2052545F4E554C4C00F3
S325080153000A5B5761726E696E675D2046414C206973206E6F7420696E697469616C697A6534
S3250801532064206F72206661696C656420746F20696E697469616C697A65210A0A00000000EA
S3250801534055736167653A0A0070726F6265000000446576696365202573204E4F5420666FDF
S32508015360756E642E2050726F6265206661696C65642E0A0050726F626564206120666C61A4
S32508015380736820646576696365207C202573207C20616464723A20256C64207C206C656E9E
S325080153a03A202564207C2E0A0000000050726F626564206120666C617368207061727469DC
S325080153c074696F6E207C202573207C20666C6173685F6465763A202573207C206F666673EC
S325080153e065743A20256C64207C206C656E3A202564207C2E0A0000004E6F20666C617368D9
S3250801540020646576696365206F7220706172746974696F6E207761732070726F6265642EBD
S325080154200A00000066616C2070726F6265205B6465765F6E616D657C706172745F6E616D60
S32508015440655D2020202D2070726F626520666C61736820646576696365206F722070617294
S32508015460746974696F6E20627920676976656E206E616D650000000055736167653A20251D
S32508015480732E0A004E6F20666C61736820646576696365206F7220706172746974696F6EDC
S325080154a0207761732070726F6265642E20506C656173652072756E202766616C2070726FCE
S325080154c06265272E0A000000726561640000000066616C2072656164206164647220736955
S325080154e07A652020202020202020202020202020202D2072656164202773697A652720624A
S3250801550079746573207374617274696E672061742027616464722700526561642064617458
S325080155206120737563636573732E2053746172742066726F6D203078253038582C207369DD
S325080155407A6520697320256C642E2054686520646174612069733A0A000000004F66667355
S325080155606574202868292030302030312030322030332030342030352030362030372030FE
S32508015580382030392030412030422030432030442030452030460A005B253038585D2000FF
S325080155a0202020004C6F77206D656D6F7279210A00000000777269746500000066616C20E8
S325080155c077726974652061646472206461746131202E2E2E20646174614E2020202D207715
S325080155e07269746520736F6D6520627974657320276461746127207374617274696E672019
S325080156006174202761646472270000005772697465206461746120737563636573732E2071
S3250801562053746172742066726F6D203078253038582C2073697A6520697320256C642E0A7C
S3250801564000000000577269746520646174613A200000000025642000657261736500000063
S3250801566066616C20657261736520616464722073697A652020202020202020202020202082
S32508015680202D206572617365202773697A6527206279746573207374617274696E67206101
S325080156a07420276164647227000000004572617365206461746120737563636573732E204D
S325080156c053746172742066726F6D203078253038582C2073697A6520697320256C642E0ADC
S325080156e00000000062656E636800000066616C2062656E6368203C626C6B5F73697A653E5B
S32508015700202020202020202020202020202D2062656E63686D61726B207465737420776902
S3250801572074682070657220626C6F636B2073697A650000007965730044414E4745523A20B5
S3250801574049742077696C6C2065726173652066756C6C2063686970206F722070617274699D
S3250801576074696F6E2120506C656173652072756E202766616C2062656E6368202564207974
S325080157806573272E0A00000045726173696E6720256C6420627974657320646174612C2098
S325080157a077616974696E672E2E2E0A0045726173652062656E63686D61726B2073756363CA
S325080157c06573732C20746F74616C2074696D653A2025642E25303364532E0A005772697402
S325080157e0696E6720256C6420627974657320646174612C2077616974696E672E2E2E0A0073
S3250801580045726173652062656E63686D61726B2068617320616E206572726F722E20457224
S32508015820726F7220636F64653A2025642E0A000057726974652062656E63686D61726B203A
S32508015840737563636573732C20746F74616C2074696D653A2025642E25303364532E0A0079
S3250801586052656164696E6720256C6420627974657320646174612C2077616974696E672EDC
S325080158802E2E0A0057726974652062656E63686D61726B2068617320616E206572726F7228
S325080158a02E204572726F7220636F64653A2025642E0A000025642025642025303278202515
S325080158c03032782E0A0000004461746120636865636B204552524F522120506C65617365CA
S325080158e020636865636B20796F7520666C617368206279206F7468657220636F6D6D616EF8
S32508015900642E0A00526561642062656E63686D61726B20737563636573732C20746F746178
S325080159206C2074696D653A2025642E25303364532E0A0000526561642062656E63686D612B
S32508015940726B2068617320616E206572726F722E204572726F7220636F64653A2025642EA2
S325080159600A00000054686973206F7065726174652068617320616E206572726F722E20453E
S3250801598072726F7220636F64653A2025642E0A004572726F723A2074686520706172746978
S325080159a074696F6E206E616D652028257329206973206E6F7420666F756E642E000000007D
S325080159c04572726F723A2074686520666C61736820646576696365206E616D6520282573B4
S325080159e029206973206E6F7420666F756E642E005468652046414C20626C6F636B20646570
S32508015a007669636520282573292063726561746564207375636365737366756C6C7900008A
S32508015a204572726F723A206E6F206D656D6F727920666F72206372656174652046414C204F
S32508015a40626C6F636B20646576696365000000005468652046414C2063686172206465766B
S32508015a6069636520282573292063726561746564207375636365737366756C6C79000000A0
S32508015a804572726F723A206E6F206D656D6F727920666F72206372656174652046414C20EF
S32508015aa0636861722064657669636500000000000000000001020304060708090000000081
S32508015ac0010203044853450075617274350000005265626F6F742053797374656D000000CC
S32508015ae05F5F636D645F7265626F6F7400000000010006000200070004000800080009008E
S32508015b0010000A0020001700400017008000170000011700000217000004280000082800AA
S32508015b2000102800002028000040280000802800000000000008014001000000010000007B
S32508015b40000801400200000002000000000801400400000003000000000801400800000048
S32508015b600400000000080140100000000500000000080140200000000600000000080140FC
S32508015b8040000000070000000008014080000000080000000008014000010000090000008B
S32508015ba000080140000200000A00000000080140000400000B0000000008014000080000D8
S32508015bc00C00000000080140001000000D00000000080140002000000E0000000008014084
S32508015be0004000000F000000000801400080000010000000000C014001000000110000000F
S32508015c00000C01400200000012000000000C01400400000013000000000C0140080000005B
S32508015c2014000000000C01401000000015000000000C01402000000016000000000C0140FF
S32508015c404000000017000000000C01408000000018000000000C0140000100001900000092
S32508015c60000C0140000200001A000000000C0140000400001B000000000C014000080000EB
S32508015c801C000000000C0140001000001D000000000C0140002000001E000000000C014087
S32508015ca0004000001F000000000C0140008000002000000000100140010000002100000016
S32508015cc000100140020000002200000000100140040000002300000000100140080000006F
S32508015ce0240000000010014010000000250000000010014020000000260000000010014003
S32508015d00400000002700000000100140800000002800000000100140000100002900000099
S32508015d2000100140000200002A00000000100140000400002B0000000010014000080000FE
S32508015d402C00000000100140001000002D00000000100140002000002E000000001001408A
S32508015d60004000002F0000000010014000800000300000000014014001000000310000001D
S32508015d80001401400200000032000000001401400400000033000000001401400800000082
S32508015da0340000000014014010000000350000000014014020000000360000000014014006
S32508015dc04000000037000000001401408000000038000000001401400001000039000000A1
S32508015de000140140000200003A00000000140140000400003B000000001401400008000012
S32508015e003C00000000140140001000003D00000000140140002000003E000000001401408D
S32508015e20004000003F00000000140140008000004000000000180140010000004100000024
S32508015e40001801400200000042000000001801400400000043000000001801400800000095
S32508015e60440000000018014010000000450000000018014020000000460000000018014009
S32508015e804000000047000000001801408000000048000000001801400001000049000000A8
S32508015ea000180140000200004A00000000180140000400004B000000001801400008000025
S32508015ec04C00000000180140001000004D00000000180140002000004E0000000018014091
S32508015ee0004000004F000000001801400080000070696E00C5DC0008DDDE0008C5DE0008CD
S32508015f0001DC000881DB000821DD0008000000001B5B33316D5B452F6472762E70776D5DE2
S32508015f202000000025732070776D20696E6974206661696C65640000257320636C6F636B09
S32508015f4020696E6974206661696C6564000000002573206D617374657220636F6E666967FF
S32508015f60206661696C6564002573206368616E6E656C3120636F6E666967206661696C6514
S32508015f80640000002573206368616E6E656C3220636F6E666967206661696C6564000000B0
S32508015fa02573206368616E6E656C3320636F6E666967206661696C656400000025732063D8
S32508015fc068616E6E656C3420636F6E666967206661696C656400000025732072656769731B
S32508015fe0746572206661696C65640000257320696E6974206661696C6564000070776D3449
S3250801600000000000756172745F69737200000000E9E70008F1E40008B5E4000885E4000841
S3250801602065E7000873746D33325F636F6E74726F6C00000072745F68775F75736172745FD3
S32508016040696E69740000000049535F4750494F5F414C4C5F494E5354414E434528677069FF
S325080160606F78290063666720213D2052545F4E554C4C0000756172745F72656D6170735BF5
S3250801608074785F696E6465785D2E6E6F726D616C5F75617274203D3D20756172745F7265B3
S325080160a06D6170735B72785F696E6465785D2E6E6F726D616C5F7561727400007561727479
S325080160c05F72656D6170735B74785F696E6465785D2E72656D61705F75617274203D3D2097
S325080160e0756172745F72656D6170735B72785F696E6465785D2E72656D61705F7561727477
S3250801610000000000726573756C74203D3D2052545F454F4B00000000756172743100000046
S32508016120504139005041313000000000756172743200000050413200504133007561727463
S32508016140330000005042313000000000504231310000000075617274340000005043313032
S32508016160000000005043313100000000504331320000000050443200090001FF0A0001FF4C
S325080161801600FF011700FF01020002FF030002FF3500FF023600FF021A0003FF1B0003FF16
S325080161a03800FF033900FF032A0004032B00040373746D33325F70757463000073746D339D
S325080161c0325F6770696F5F636F6E6669677572650000000073746D33325F67657463000094
S325080161e073746D33325F646D615F7472616E736D6974000073746D33325F6770696F5F63EC
S325080162006C6B5F656E61626C6500000073746D33325F636F6E666967757265002E2E2F630A
S325080162207562656D782F5372632F6D61696E2E63000000004C4F473A25642E204E6F77202B
S32508016240697320696E206F6C64206D6F64652E0D0A00000054455354330000005F5F636DF2
S32508016260645F6961705F757067726164655F74657374000046616C52656164446174615F44
S3250801628054657374000000005F5F636D645F46616C526561645465737400000046616C5765
S325080162a072697465446174615F546573740000005F5F636D645F46616C577269746554657A
S325080162c0737400005052494E54463A25642E206961705F757067726164655F746573742024
S325080162e00D0A00005265676973746572206120666C61736820646576696365200A7C202509
S3250801630073207C20616464723A20256C64207C206C656E3A202564207C2E0A00526567691C
S3250801632073746572206120666C61736820706172746974696F6E200A7C202573207C206667
S325080163406C6173685F6465763A202573207C206F66667365743A20256C64207C206C656E69
S325080163603A202564207C2E0A00000000446576696365202573204E4F5420666F756E642ED4
S32508016380205265676973746572206661696C65642E0A00004E6F20666C6173682064657682
S325080163a0696365206F7220706172746974696F6E207761732072656769737465722E0A007A
S325080163c0646174610000000052656164456D707479203D2025640D0A000000002E2E2F6180
S325080163e070706C69636174696F6E732F6D6163464C4153482F5363722F6D6163466C6173DD
S32508016400682E63005052494E54463A25642E2046616C2057726974652044617461204661F1
S32508016420696C6564210D0A005052494E54463A25642E2046616C205772697465204461741C
S32508016440612054727565210D0A00000073746D33325F6F6E6368697000000000000000003B
S3250801646000000000000000080000020000040000DDF60008E1F6000865F7000801F70008E1
S3250801648001000000533532305F425F4E414D45005F5F636D645F426C7565746F6F74685F7B
S325080164a04E616D655F533532305F4200533532305F4E414D450000005F5F636D645F426CF9
S325080164c07565746F6F74685F4E616D655F5335323000000041542B4E414D45533532300DA4
S325080164e00A00000041542B4E414D45533532305F420D0A00626C7565746F6F746854696D00
S3250801650065725F63616C6C6261636B005052494E54463A25642E20426C7565746F6F74686F
S3250801652020696E697469616C697A652073756363656564210D0A00004C4F473A25642E20D3
S325080165404B65794C6F6E673473436E74203D2025640D0A004C4F473A25642E204B6579501E
S325080165606F776572436E74203D20300D0A0000004C4F473A25642E204B6579506F7765723D
S32508016580436E74203D2025640D0A00006B657954696D65725F63616C6C6261636B000000D4
S325080165a05052494E54463A25642E204B657954696D657220696E697469616C697A652073D9
S325080165c0756363656564210D0A0000006C656454696D65725F63616C6C6261636B00000049
S325080165e05052494E54463A25642E204C454454696D657220696E697469616C697A652073ED
S32508016600756363656564210D0A0000005052494E54463A25642E2070776D31206465766999
S3250801662063652069732063726561746564202121200D0A005052494E54463A25642E2070A2
S32508016640776D31206465766963652063726561746564206661696C6564202121200D0A0070
S325080166605052494E54463A25642E2070776D32206465766963652069732063726561746581
S3250801668064202121200D0A005052494E54463A25642E2070776D3220646576696365206371
S325080166a0726561746564206661696C6564202121200D0A0069617054696D65725F63616C6E
S325080166c06C6261636B0000005052494E54463A25642E2049617054696D657220696E6974DB
S325080166e069616C697A652073756363656564210D0A0000005052494E54463A25642E207580
S3250801670073617274315F746872656164207761732064656C6574656421210D0A00000000ED
S325080167205052494E54463A25642E207573617274325F746872656164207761732064656C6E
S325080167406574656421210D0A000000005052494E54463A25642E207573617274335F7468AE
S3250801676072656164207761732064656C6574656421210D0A000000005052494E54463A2581
S32508016780642E207573617274345F746872656164207761732064656C6574656421210D0A43
S325080167a0000000005052494E54463A25642E2073797354696D6572207761732073746F7035
S325080167c021210D0A0000000073797354696D65725F63616C6C6261636B0000005052494E2C
S325080167e054463A25642E2073797354696D657220696E697469616C697A65207375636365FA
S325080168006564210D0A00000064796E616D69635F73656D31000000005052494E54463A257C
S32508016820642E206372656174652064796E616D69632073656D6170686F7265206661696C7E
S3250801684065642E0A000000005052494E54463A25642E2063726561746520646F6E652E20BC
S3250801686064796E616D69632073656D6170686F72652076616C7565203D20302E0A0000001E
S325080168805052494E54463A25642E2055736172743120446576696365206E6F64652063729A
S325080168a06561746564207375636365656421200D0A000000757361727431206973206F7017
S325080168c0656E6564210D0A005052494E54463A25642E205468652075736172743120746557
S325080168e073742073656E642073697A65203A2025640D0A0A000000005052494E54463A25A7
S32508016900642E2055736172743120446576696365206E6F6465206372656174656420466181
S32508016920696C656421200D0A0000000075617274315F7468726561645F656E7472790000FD
S325080169405052494E54463A25642E20756172743120546872656164206973206372656174B4
S32508016960656421210D0A00005052494E54463A25642E20546872656164206973206E6F743D
S32508016980206372656174656421210D0A00000000E6A087E5AE9AE6B094E58E8BE580BC3ADA
S325080169a02564200A0000000064796E616D69635F73656D32000000005052494E54463A2528
S325080169c0642E2055736172743220446576696365206E6F646520637265617465642073757F
S325080169e0636365656421200D0A00000075617274325F6275665F6C6F636B000075736172EF
S32508016a007432206973206F70656E6564210D0A005052494E54463A25642E20546865207558
S32508016a20736172743220746573742073656E642073697A65203A2025640D0A0A00000000B2
S32508016a405052494E54463A25642E2055736172743220446576696365206E6F6465206372D7
S32508016a606561746564204661696C656421200D0A0000000075617274325F74687265616482
S32508016a805F656E74727900005052494E54463A25642E2075617274322054687265616420EC
S32508016aa06973206372656174656421210D0A00004C4F473A25642E20555341525432207353
S32508016ac0656E6420746F20416E64726F6964203A3A2035352061612000000000302578207F
S32508016ae000000000257820005468652048616E642056657273696F6E2069732025780D0A38
S32508016b000000000056616C6964202020436F6D6D616E643A20000000496E56616C69642036
S32508016b20436F6D6D616E643A20000000435243204572726F723A2043616C633D3078253024
S32508016b403458202C20526563763D307825303258253032580A00000055415254322051759D
S32508016b606575652046756C6C212044617461204C6F73743A203078253032580A00000000AC
S32508016b8064796E616D69635F73656D33000000005052494E54463A25642E20557361727437
S32508016ba03320446576696365206E6F64652063726561746564207375636365656421200D1B
S32508016bc00A000000757361727433206973206F70656E6564210D0A005052494E54463A2539
S32508016be0642E205468652075736172743320746573742073656E642073697A65203A20250D
S32508016c00640D0A0A000000005052494E54463A25642E20557361727433204465766963654A
S32508016c20206E6F64652063726561746564204661696C656421200D0A00000000756172740E
S32508016c40335F7468726561645F656E74727900005052494E54463A25642E207561727433B7
S32508016c6020546872656164206973206372656174656421210D0A000064796E616D69635FFC
S32508016c8073656D34000000005052494E54463A25642E2055736172743420446576696365D5
S32508016ca0206E6F64652063726561746564207375636365656421200D0A00000075617274F7
S32508016cc0345F6275665F6C6F636B0000757361727434206973206F70656E6564210D0A009B
S32508016ce05052494E54463A25642E205468652075736172743420746573742073656E642033
S32508016d0073697A65203A2025640D0A0A000000005052494E54463A25642E20557361727492
S32508016d203420446576696365206E6F64652063726561746564204661696C656421200D0A25
S32508016d400000000075617274345F7468726561645F656E74727900005052494E54463A259A
S32508016d60642E20756172743420546872656164206973206372656174656421210D0A00009D
S32508016d804C4F473A25642E2048414E44204D4F544F52204953204241434B494E47210D0A22
S32508016da00000000055415254342051756575652046756C6C212044617461204C6F73743AC5
S32508016dc0203078253032580A00000000546573742044656D6F0000005F5F636D645F5465A4
S32508016de0737400001B5B306D5B442F546573745D2000000048656C6C6F2052542D5468728A
S32508016e00656164210000000000000000000000000000000000000000000000000000000018
S32508016e20000000000000000000000000000000000000000000000000000000000000000043
S32508016e40000000000000000000000000000000000000000000000000000000000000000023
S32508016e6000000000000000004300504F534958002E0000202020202020202020282828283F
S32508016e80282020202020202020202020202020202020208810101010101010101010101033
S32508016ea010101004040404040404040404101010101010104141414141410101010101016F
S32508016ec001010101010101010101010101011010101010104242424242420202020202029D
S32508016ee0020202020202020202020202020210101010200000000000000000000000000007
S32508016f00000000000000000000000000000000000000000000000000000000000000000062
S32508016f20000000000000000000000000000000000000000000000000000000000000000042
S32508016f40000000000000000000000000000000000000000000000000000000000000000022
S32508016f6000000000000000000000000000000000000000002030010800300108AD5F00085C
S32508016f80203B0108043B0108F17C0008403B0108283B0108417E00086C3B0108543B0108C2
S32508016fa0417E0008903B0108783B0108557D0008BC3B0108A43B0108557D0008E43B0108A7
S32508016fc0C83B0108157F0008143C0108F83B0108157F0008443C0108243C01082D80000822
S32508016fe0783C0108583C01082D800008A03C0108883C010845810008CC3C0108B43C0108E9
S3250801700045810008F43C0108DC3C010865820008203D0108083D010865820008443D01081D
S325080170202C3D010849830008703D0108583D010849830008983D01087C3D0108498400085E
S32508017040C43D0108A83D010849840008DC3D0108D03D0108917B0008FC3D0108F03D010890
S32508017060917B00082C3E0108083E0108197B0008603E01083C3E0108197B0008843E0108FE
S32508017080683E0108D57A0008AC3E0108903E0108D57A0008C43E0108B43E0108C57A00086D
S325080170a08845010860450108D9850008B045010894450108CD850008D4450108BC45010871
S325080170c061850008C04901089C4901086D980008E8490108C8490108419800080C4A010812
S325080170e0F049010811980008304A0108184A0108E1970008A44A01088C4A0108F9990008B0
S32508017100C84A0108B44A0108A99A0008F04A0108DC4A0108C1990008104B0108044B010863
S32508017120A1990008304B0108184B01087D990008E4520108BC52010851B80008E05A010846
S32508017140D05A0108BDDA00085C62010854620108EDF30008886201087462010895F600087B
S32508017160B06201089C62010809F400089064010884640108C9F80008B8640108AC640108E4
S32508017180ADF80008D86D0108CC6D0108352601085151000855510008B1DA000859510008A2
S325080171a085E00008C17A0008E19A0008B9890008CDFD0008A505010805070108410D010852
S325080171c05D0C0108711B01088D1A01085D51000809420008F8B500BFF8B500BF3031504512
S325080171e0626F6F74310000000000000000000000000000000000000073746D33325F6F6EA6
S32508017200636869700000000000000000000000000000000000400000000000003031504585
S3250801722061707000000000000000000000000000000000000000000073746D33325F6F6E09
S32508017240636869700000000000000000000000000040000000BC0100000000003031504588
S3250801726064617461000000000000000000000000000000000000000073746D33325F6F6E70
S325080172806368697000000000000000000000000000FC0100000400000000000044DBFE7F9E
S325080172a001000000010000000400002004000020A800000002000000140000201400002063
S325080172c03400000003000000240000202400002038000000040000003400002034000020FC
S325080172e034000000050000004400002044000020440000000600000054000020540000204C
S32508017300500000000800000064000020640000204800000009000000740000207400002085
S32508017320540000000A00000084000020840000204000000001000000100000000100000046
S325080173400024F400FFFF00000000000000000000FFFF00000000000000000000FFFF00000C
S325080173600000000000000000FFFF00000000000000000000FFFF0000000000000000000002
S32508017380FFFF00000000000000000000FFFF00000000000000000000FFFF000000000000E4
S325080173a000000000FFFF00000000000000000000FFFF00000000000000000000FFFF0000C4
S325080173c00000000000000000FFFF00000000000000000000FFFF00000000000000000000A2
S325080173e0FFFF00000000000000000000FFFF00000000000000000000FFFF00000000000084
S3250801740000000000000000000000000000000000000000000000000000000000000000005D
S3250801742000000000000000000000000000000000000000000000000000000000000000003D
S325080174400000000000000000000000000000000000000000000000000000000000080040D5
S325080174600000000000000000000000000000000000000000000000000000000000000000FD
S325080174800000000000000000000000000000000000000000000000000000000000000000DD
S325080174a0FC5F0108ADE2000818610108003801402500000020610108246101082C610108F4
S325080174c0004400402600000034610108386101083C610108004800402700000044610108B0
S325080174e04C61010854610108004C0040340000005C61010864610108C85A010800500040FA
S32508017500350000006C610108746101080100000070776D34000000000000000000000000EA
S32508017520020000001700000000000000000000000000000000000000000000000000000023
S325080175400000000000000000000000000000000000000000000000000000000070776D3494
S3250801756000000000000000000000000001000000160000000000000000C2010008002000FA
S3250801758000C201000800200000C201000800200000C201000800200000000000086E01089C
S325080175a0286E0108486E01080000000000000000000000000000000000000000000000005E
S325080175c000000000000000000000000000000000000000000000000000000000000000009C
S325080175e0000000000000000000000000000000000000000000000000F40200204300000023
S32508017600000000000000000000000000000000000000000000000000000000004300000018
S325080176200000000000000000000000000000000000000000000000000000000043000000F8
S325080176400000000000000000000000000000000000000000000000000000000043000000D8
S325080176600000000000000000000000000000000000000000000000000000000043000000B8
S32508017680000000000000000000000000000000000000000000000000000000004300000098
S325080176a0000000000000000000000000000000000000000000000000000000004300000078
S325080176c0000000000000000000000000000000000000000000000000000000005B2801080F
S325080176e03728010800000000726E0108706E0108716E0108716E0108716E0108716E0108A3
S32508017700716E0108716E0108716E0108716E0108716E0108FFFFFFFFFFFFFFFFFFFFFFFFDE
S32508017720FFFF000001004153434949000000000000000000000000000000000000000000D2
S325080177400000000000004153434949000000000000000000000000000000000000000000B1
S325080177600000000000000000FFFFFFFFFFFFFFFFFFFFFFFFFFFFFFFFFFFFFFFFFFFFFFFF12
S32508017780FFFFFFFFFFFFFFFFFFFFFFFFFFFFFFFFFFFFFFFFFFFFFFFFFFFFFFFFFFFFFFFFFA
S325080177a0FFFFFFFFFFFFFFFFFFFFFFFFFFFFFFFFFFFFFFFFFFFFFFFFFFFFFFFFFFFFFFFFDA
S325080177c0FFFFFFFFFFFFFFFFFFFFFFFFFFFFFFFFFFFFFFFFFFFFFFFFFFFFFFFFFFFFFFFFBA
S325080177e0FFFFFFFFFFFFFFFFFFFFFFFFFFFFFFFFFFFFFFFFFFFFFFFFFFFFFFFFFFFFFFFF9A
S32508017800FFFFFFFFFFFFFFFFFFFFFFFFFFFFFFFFFFFFFFFFFFFFFFFFFFFFFFFFFFFFFFFF79
S32508017820FFFFFFFFFFFFFFFFFFFFFFFFFFFFFFFFFFFFFFFFFFFFFFFFFFFFFFFFFFFFFFFF59
S32508017840FFFFFFFFFFFFFFFFFFFFFFFFFFFFFFFFFFFFFFFFFFFFFFFFFFFFFFFFFFFFFFFF39
S32508017860FFFFFFFFFFFFFFFFFFFFFFFFFFFFFFFFFFFFFFFFFFFFFFFFFFFFFFFFFFFFFFFF19
S32508017880FFFFFFFFFFFFFFFFFFFFFFFFFFFFFFFFFFFFFFFFFFFFFFFFFFFFFFFFFFFFFFFFF9
S325080178a0FFFFFFFFFFFFFFFFFFFFFFFFFFFFFFFFFFFFFFFFFFFFFFFFFFFFFFFFFFFFFFFFD9
S325080178c0FFFFFFFFFFFFFFFFFFFFFFFFFFFFFFFFFFFFFFFFFFFFFFFFFFFFFFFFFFFFFFFFB9
S325080178e0FFFFFFFFFFFFFFFFFFFFFFFFFFFFFFFFFFFFFFFFFFFFFFFFFFFFFFFFFFFFFFFF99
S32508017900FFFFFFFFFFFFFFFFFFFFFFFFFFFFFFFFFFFFFFFFFFFFFFFFFFFFFFFFFFFFFFFF78
S32508017920FFFFFFFFFFFFFFFFFFFFFFFFFFFFFFFFFFFFFFFFFFFFFFFFFFFFFFFFFFFFFFFF58
S32508017940FFFFFFFFFFFFFFFFFFFFFFFFFFFFFFFFFFFFFFFFFFFFFFFFFFFFFFFFFFFFFFFF38
S32508017960FFFFFFFFFFFFFFFFFFFFFFFFFFFFFFFFFFFFFFFFFFFFFFFFFFFFFFFFFFFFFFFF18
S32508017980FFFFFFFFFFFFFFFFFFFFFFFFFFFFFFFFFFFFFFFFFFFFFFFFFFFFFFFFFFFFFFFFF8
S325080179a0FFFFFFFFFFFFFFFFFFFFFFFFFFFFFFFFFFFFFFFFFFFFFFFFFFFFFFFFFFFFFFFFD8
S325080179c0FFFFFFFFFFFFFFFFFFFFFFFFFFFFFFFFFFFFFFFFFFFFFFFFFFFFFFFFFFFFFFFFB8
S325080179e0FFFFFFFFFFFFFFFFFFFFFFFFFFFFFFFFFFFFFFFFFFFFFFFFFFFFFFFFFFFFFFFF98
S32508017a00FFFFFFFFFFFFFFFFFFFFFFFFFFFFFFFFFFFFFFFFFFFFFFFFFFFFFFFFFFFFFFFF77
S32508017a20FFFFFFFFFFFFFFFFFFFFFFFFFFFFFFFFFFFFFFFFFFFFFFFFFFFFFFFFFFFFFFFF57
S32508017a40FFFFFFFFFFFFFFFFFFFFFFFFFFFFFFFFFFFFFFFFFFFFFFFFFFFFFFFFFFFFFFFF37
S32508017a60FFFFFFFFFFFFFFFFFFFFFFFFFFFFFFFFFFFFFFFFFFFFFFFFFFFFFFFFFFFFFFFF17
S32508017a80FFFFFFFFFFFFFFFFFFFFFFFFFFFFFFFFFFFFFFFFFFFFFFFFFFFFFFFFFFFFFFFFF7
S32508017aa0FFFFFFFFFFFFFFFFFFFFFFFFFFFFFFFFFFFFFFFFFFFFFFFFFFFFFFFFFFFFFFFFD7
S32508017ac0FFFFFFFFFFFFFFFFFFFFFFFFFFFFFFFFFFFFFFFFFFFFFFFFFFFFFFFFFFFFFFFFB7
S32508017ae0FFFFFFFFFFFFFFFFFFFFFFFFFFFFFFFFFFFFFFFFFFFFFFFFFFFFFFFFFFFFFFFF97
S32508017b00FFFFFFFFFFFFFFFFFFFFFFFFFFFFFFFFFFFFFFFFFFFFFFFFFFFFFFFFFFFFFFFF76
S32508017b20FFFFFFFFFFFFFFFFFFFFFFFFFFFFFFFFFFFFFFFFFFFFFFFFFFFFFFFFFFFFFFFF56
S32508017b40FFFFFFFFFFFFFFFFFFFFFFFFFFFFFFFFFFFFFFFFFFFFFFFFFFFFFFFFFFFFFFFF36
S32508017b60FFFFFFFFFFFFFFFFFFFFFFFFFFFFFFFFFFFFFFFFFFFFFFFFFFFFFFFFFFFFFFFF16
S32508017b80FFFFFFFFFFFFFFFFFFFFFFFFFFFFFFFFFFFFFFFFFFFFFFFFFFFFFFFFFFFFFFFFF6
S32508017ba0FFFFFFFFFFFFFFFFFFFFFFFFFFFFFFFFFFFFFFFFFFFFFFFFFFFFFFFFFFFFFFFFD6
S32508017bc0FFFFFFFFFFFFFFFFFFFFFFFFFFFFFFFFFFFFFFFFFFFFFFFFFFFFFFFFFFFFFFFFB6
S32508017be0FFFFFFFFFFFFFFFFFFFFFFFFFFFFFFFFFFFFFFFFFFFFFFFFFFFFFFFFFFFFFFFF96
S32508017c00FFFFFFFFFFFFFFFFFFFFFFFFFFFFFFFFFFFFFFFFFFFFFFFFFFFFFFFFFFFFFFFF75
S32508017c20FFFFFFFFFFFFFFFFFFFFFFFFFFFFFFFFFFFFFFFFFFFFFFFFFFFFFFFFFFFFFFFF55
S32508017c40FFFFFFFFFFFFFFFFFFFFFFFFFFFFFFFFFFFFFFFFFFFFFFFFFFFFFFFFFFFFFFFF35
S32508017c60FFFFFFFFFFFFFFFFFFFFFFFFFFFFFFFFFFFFFFFFFFFFFFFFFFFFFFFFFFFFFFFF15
S32508017c80FFFFFFFFFFFFFFFFFFFFFFFFFFFFFFFFFFFFFFFFFFFFFFFFFFFFFFFFFFFFFFFFF5
S32508017ca0FFFFFFFFFFFFFFFFFFFFFFFFFFFFFFFFFFFFFFFFFFFFFFFFFFFFFFFFFFFFFFFFD5
S32508017cc0FFFFFFFFFFFFFFFFFFFFFFFFFFFFFFFFFFFFFFFFFFFFFFFFFFFFFFFFFFFFFFFFB5
S32508017ce0FFFFFFFFFFFFFFFFFFFFFFFFFFFFFFFFFFFFFFFFFFFFFFFFFFFFFFFFFFFFFFFF95
S32508017d00FFFFFFFFFFFFFFFFFFFFFFFFFFFFFFFFFFFFFFFFFFFFFFFFFFFFFFFFFFFFFFFF74
S32508017d20FFFFFFFFFFFFFFFFFFFFFFFFFFFFFFFFFFFFFFFFFFFFFFFFFFFFFFFFFFFFFFFF54
S32508017d40FFFFFFFFFFFFFFFFFFFFFFFFFFFFFFFFFFFFFFFFFFFFFFFFFFFFFFFFFFFFFFFF34
S32508017d60FFFFFFFFFFFFFFFFFFFFFFFFFFFFFFFFFFFFFFFFFFFFFFFFFFFFFFFFFFFFFFFF14
S32508017d80FFFFFFFFFFFFFFFFFFFFFFFFFFFFFFFFFFFFFFFFFFFFFFFFFFFFFFFFFFFFFFFFF4
S32508017da0FFFFFFFFFFFFFFFFFFFFFFFFFFFFFFFFFFFFFFFFFFFFFFFFFFFFFFFFFFFFFFFFD4
S32508017dc0FFFFFFFFFFFFFFFFFFFFFFFFFFFFFFFFFFFFFFFFFFFFFFFFFFFFFFFFFFFFFFFFB4
S32508017de0FFFFFFFFFFFFFFFFFFFFFFFFFFFFFFFFFFFFFFFFFFFFFFFFFFFFFFFFFFFFFFFF94
S32508017e00FFFFFFFFFFFFFFFFFFFFFFFFFFFFFFFFFFFFFFFFFFFFFFFFFFFFFFFFFFFFFFFF73
S32508017e20FFFFFFFFFFFFFFFFFFFFFFFFFFFFFFFFFFFFFFFFFFFFFFFFFFFFFFFFFFFFFFFF53
S32508017e40FFFFFFFFFFFFFFFFFFFFFFFFFFFFFFFFFFFFFFFFFFFFFFFFFFFFFFFFFFFFFFFF33
S32508017e60FFFFFFFFFFFFFFFFFFFFFFFFFFFFFFFFFFFFFFFFFFFFFFFFFFFFFFFFFFFFFFFF13
S32508017e80FFFFFFFFFFFFFFFFFFFFFFFFFFFFFFFFFFFFFFFFFFFFFFFFFFFFFFFFFFFFFFFFF3
S32508017ea0FFFFFFFFFFFFFFFFFFFFFFFFFFFFFFFFFFFFFFFFFFFFFFFFFFFFFFFFFFFFFFFFD3
S32508017ec0FFFFFFFFFFFFFFFFFFFFFFFFFFFFFFFFFFFFFFFFFFFFFFFFFFFFFFFFFFFFFFFFB3
S32508017ee0FFFFFFFFFFFFFFFFFFFFFFFFFFFFFFFFFFFFFFFFFFFFFFFFFFFFFFFFFFFFFFFF93
S32508017f00FFFFFFFFFFFFFFFFFFFFFFFFFFFFFFFFFFFFFFFFFFFFFFFFFFFFFFFFFFFFFFFF72
S32508017f20FFFFFFFFFFFFFFFFFFFFFFFFFFFFFFFFFFFFFFFFFFFFFFFFFFFFFFFFFFFFFFFF52
S32508017f40FFFFFFFFFFFFFFFFFFFFFFFFFFFFFFFFFFFFFFFFFFFFFFFFFFFFFFFFFFFFFFFF32
S32508017f60FFFFFFFFFFFFFFFFFFFFFFFFFFFFFFFFFFFFFFFFFFFFFFFFFFFFFFFFFFFFFFFF12
S32508017f80FFFFFFFFFFFFFFFFFFFFFFFFFFFFFFFFFFFFFFFFFFFFFFFFFFFFFFFFFFFFFFFFF2
S32508017fa0FFFFFFFFFFFFFFFFFFFFFFFFFFFFFFFFFFFFFFFFFFFFFFFFFFFFFFFFFFFFFFFFD2
S32508017fc0FFFFFFFFFFFFFFFFFFFFFFFFFFFFFFFFFFFFFFFFFFFFFFFFFFFFFFFFFFFFFFFFB2
S32508017fe0FFFFFFFFFFFFFFFFFFFFFFFFFFFFFFFFFFFFFFFFFFFFFFFFFFFFFFFFFFFFFFFF92
S32508018000FFFFFFFFFFFFFFFFFFFFFFFFFFFFFFFFFFFFFFFFFFFFFFFFFFFFFFFFFFFFFFFF71
S32508018020FFFFFFFFFFFFFFFFFFFFFFFFFFFFFFFFFFFFFFFFFFFFFFFFFFFFFFFFFFFFFFFF51
S32508018040FFFFFFFFFFFFFFFFFFFFFFFFFFFFFFFFFFFFFFFFFFFFFFFFFFFFFFFFFFFFFFFF31
S32508018060FFFFFFFFFFFFFFFFFFFFFFFFFFFFFFFFFFFFFFFFFFFFFFFFFFFFFFFFFFFFFFFF11
S32508018080FFFFFFFFFFFFFFFFFFFFFFFFFFFFFFFFFFFFFFFFFFFFFFFFFFFFFFFFFFFFFFFFF1
S325080180a0FFFFFFFFFFFFFFFFFFFFFFFFFFFFFFFFFFFFFFFFFFFFFFFFFFFFFFFFFFFFFFFFD1
S325080180c0FFFFFFFFFFFFFFFFFFFFFFFFFFFFFFFFFFFFFFFFFFFFFFFFFFFFFFFFFFFFFFFFB1
S325080180e0FFFFFFFFFFFFFFFFFFFFFFFFFFFFFFFFFFFFFFFFFFFFFFFFFFFFFFFFFFFFFFFF91
S32508018100FFFFFFFFFFFFFFFFFFFFFFFFFFFFFFFFFFFFFFFFFFFFFFFFFFFFFFFFFFFFFFFF70
S32508018120FFFFFFFFFFFFFFFFFFFFFFFFFFFFFFFFFFFFFFFFFFFFFFFFFFFFFFFFFFFFFFFF50
S32508018140FFFFFFFFFFFFFFFFFFFFFFFFFFFFFFFFFFFFFFFFFFFFFFFFFFFFFFFFFFFFFFFF30
S32508018160FFFFFFFFFFFFFFFFFFFFFFFFFFFFFFFFFFFFFFFFFFFFFFFFFFFFFFFFFFFFFFFF10
S32508018180FFFFFFFFFFFFFFFFFFFFFFFFFFFFFFFFFFFFFFFFFFFFFFFFFFFFFFFFFFFFFFFFF0
S325080181a0FFFFFFFFFFFFFFFFFFFFFFFFFFFFFFFFFFFFFFFFFFFFFFFFFFFFFFFFFFFFFFFFD0
S325080181c0FFFFFFFFFFFFFFFFFFFFFFFFFFFFFFFFFFFFFFFFFFFFFFFFFFFFFFFFFFFFFFFFB0
S325080181e0FFFFFFFFFFFFFFFFFFFFFFFFFFFFFFFFFFFFFFFFFFFFFFFFFFFFFFFFFFFFFFFF90
S32508018200FFFFFFFFFFFFFFFFFFFFFFFFFFFFFFFFFFFFFFFFFFFFFFFFFFFFFFFFFFFFFFFF6F
S32508018220FFFFFFFFFFFFFFFFFFFFFFFFFFFFFFFFFFFFFFFFFFFFFFFFFFFFFFFFFFFFFFFF4F
S32508018240FFFFFFFFFFFFFFFFFFFFFFFFFFFFFFFFFFFFFFFFFFFFFFFFFFFFFFFFFFFFFFFF2F
S32508018260FFFFFFFFFFFFFFFFFFFFFFFFFFFFFFFFFFFFFFFFFFFFFFFFFFFFFFFFFFFFFFFF0F
S32508018280FFFFFFFFFFFFFFFFFFFFFFFFFFFFFFFFFFFFFFFFFFFFFFFFFFFFFFFFFFFFFFFFEF
S325080182a0FFFFFFFFFFFFFFFFFFFFFFFFFFFFFFFFFFFFFFFFFFFFFFFFFFFFFFFFFFFFFFFFCF
S325080182c0FFFFFFFFFFFFFFFFFFFFFFFFFFFFFFFFFFFFFFFFFFFFFFFFFFFFFFFFFFFFFFFFAF
S325080182e0FFFFFFFFFFFFFFFFFFFFFFFFFFFFFFFFFFFFFFFFFFFFFFFFFFFFFFFFFFFFFFFF8F
S32508018300FFFFFFFFFFFFFFFFFFFFFFFFFFFFFFFFFFFFFFFFFFFFFFFFFFFFFFFFFFFFFFFF6E
S32508018320FFFFFFFFFFFFFFFFFFFFFFFFFFFFFFFFFFFFFFFFFFFFFFFFFFFFFFFFFFFFFFFF4E
S32508018340FFFFFFFFFFFFFFFFFFFFFFFFFFFFFFFFFFFFFFFFFFFFFFFFFFFFFFFFFFFFFFFF2E
S32508018360FFFFFFFFFFFFFFFFFFFFFFFFFFFFFFFFFFFFFFFFFFFFFFFFFFFFFFFFFFFFFFFF0E
S32508018380FFFFFFFFFFFFFFFFFFFFFFFFFFFFFFFFFFFFFFFFFFFFFFFFFFFFFFFFFFFFFFFFEE
S325080183a0FFFFFFFFFFFFFFFFFFFFFFFFFFFFFFFFFFFFFFFFFFFFFFFFFFFFFFFFFFFFFFFFCE
S325080183c0FFFFFFFFFFFFFFFFFFFFFFFFFFFFFFFFFFFFFFFFFFFFFFFFFFFFFFFFFFFFFFFFAE
S325080183e0FFFFFFFFFFFFFFFFFFFFFFFFFFFFFFFFFFFFFFFFFFFFFFFFFFFFFFFFFFFFFFFF8E
S32508018400FFFFFFFFFFFFFFFFFFFFFFFFFFFFFFFFFFFFFFFFFFFFFFFFFFFFFFFFFFFFFFFF6D
S32508018420FFFFFFFFFFFFFFFFFFFFFFFFFFFFFFFFFFFFFFFFFFFFFFFFFFFFFFFFFFFFFFFF4D
S32508018440FFFFFFFFFFFFFFFFFFFFFFFFFFFFFFFFFFFFFFFFFFFFFFFFFFFFFFFFFFFFFFFF2D
S32508018460FFFFFFFFFFFFFFFFFFFFFFFFFFFFFFFFFFFFFFFFFFFFFFFFFFFFFFFFFFFFFFFF0D
S32508018480FFFFFFFFFFFFFFFFFFFFFFFFFFFFFFFFFFFFFFFFFFFFFFFFFFFFFFFFFFFFFFFFED
S325080184a0FFFFFFFFFFFFFFFFFFFFFFFFFFFFFFFFFFFFFFFFFFFFFFFFFFFFFFFFFFFFFFFFCD
S325080184c0FFFFFFFFFFFFFFFFFFFFFFFFFFFFFFFFFFFFFFFFFFFFFFFFFFFFFFFFFFFFFFFFAD
S325080184e0FFFFFFFFFFFFFFFFFFFFFFFFFFFFFFFFFFFFFFFFFFFFFFFFFFFFFFFFFFFFFFFF8D
S32508018500FFFFFFFFFFFFFFFFFFFFFFFFFFFFFFFFFFFFFFFFFFFFFFFFFFFFFFFFFFFFFFFF6C
S32508018520FFFFFFFFFFFFFFFFFFFFFFFFFFFFFFFFFFFFFFFFFFFFFFFFFFFFFFFFFFFFFFFF4C
S32508018540FFFFFFFFFFFFFFFFFFFFFFFFFFFFFFFFFFFFFFFFFFFFFFFFFFFFFFFFFFFFFFFF2C
S32508018560FFFFFFFFFFFFFFFFFFFFFFFFFFFFFFFFFFFFFFFFFFFFFFFFFFFFFFFFFFFFFFFF0C
S32508018580FFFFFFFFFFFFFFFFFFFFFFFFFFFFFFFFFFFFFFFFFFFFFFFFFFFFFFFFFFFFFFFFEC
S325080185a0FFFFFFFFFFFFFFFFFFFFFFFFFFFFFFFFFFFFFFFFFFFFFFFFFFFFFFFFFFFFFFFFCC
S325080185c0FFFFFFFFFFFFFFFFFFFFFFFFFFFFFFFFFFFFFFFFFFFFFFFFFFFFFFFFFFFFFFFFAC
S325080185e0FFFFFFFFFFFFFFFFFFFFFFFFFFFFFFFFFFFFFFFFFFFFFFFFFFFFFFFFFFFFFFFF8C
S32508018600FFFFFFFFFFFFFFFFFFFFFFFFFFFFFFFFFFFFFFFFFFFFFFFFFFFFFFFFFFFFFFFF6B
S32508018620FFFFFFFFFFFFFFFFFFFFFFFFFFFFFFFFFFFFFFFFFFFFFFFFFFFFFFFFFFFFFFFF4B
S32508018640FFFFFFFFFFFFFFFFFFFFFFFFFFFFFFFFFFFFFFFFFFFFFFFFFFFFFFFFFFFFFFFF2B
S32508018660FFFFFFFFFFFFFFFFFFFFFFFFFFFFFFFFFFFFFFFFFFFFFFFFFFFFFFFFFFFFFFFF0B
S32508018680FFFFFFFFFFFFFFFFFFFFFFFFFFFFFFFFFFFFFFFFFFFFFFFFFFFFFFFFFFFFFFFFEB
S325080186a0FFFFFFFFFFFFFFFFFFFFFFFFFFFFFFFFFFFFFFFFFFFFFFFFFFFFFFFFFFFFFFFFCB
S325080186c0FFFFFFFFFFFFFFFFFFFFFFFFFFFFFFFFFFFFFFFFFFFFFFFFFFFFFFFFFFFFFFFFAB
S325080186e0FFFFFFFFFFFFFFFFFFFFFFFFFFFFFFFFFFFFFFFFFFFFFFFFFFFFFFFFFFFFFFFF8B
S32508018700FFFFFFFFFFFFFFFFFFFFFFFFFFFFFFFFFFFFFFFFFFFFFFFFFFFFFFFFFFFFFFFF6A
S32508018720FFFFFFFFFFFFFFFFFFFFFFFFFFFFFFFFFFFFFFFFFFFFFFFFFFFFFFFFFFFFFFFF4A
S32508018740FFFFFFFFFFFFFFFFFFFFFFFFFFFFFFFFFFFFFFFFFFFFFFFFFFFFFFFFFFFFFFFF2A
S32508018760FFFFFFFFFFFFFFFFFFFFFFFFFFFFFFFFFFFFFFFFFFFFFFFFFFFFFFFFFFFFFFFF0A
S32508018780FFFFFFFFFFFFFFFFFFFFFFFFFFFFFFFFFFFFFFFFFFFFFFFFFFFFFFFFFFFFFFFFEA
S325080187a0FFFFFFFFFFFFFFFFFFFFFFFFFFFFFFFFFFFFFFFFFFFFFFFFFFFFFFFFFFFFFFFFCA
S325080187c0FFFFFFFFFFFFFFFFFFFFFFFFFFFFFFFFFFFFFFFFFFFFFFFFFFFFFFFFFFFFFFFFAA
S325080187e0FFFFFFFFFFFFFFFFFFFFFFFFFFFFFFFFFFFFFFFFFFFFFFFFFFFFFFFFFFFFFFFF8A
S32508018800FFFFFFFFFFFFFFFFFFFFFFFFFFFFFFFFFFFFFFFFFFFFFFFFFFFFFFFFFFFFFFFF69
S32508018820FFFFFFFFFFFFFFFFFFFFFFFFFFFFFFFFFFFFFFFFFFFFFFFFFFFFFFFFFFFFFFFF49
S32508018840FFFFFFFFFFFFFFFFFFFFFFFFFFFFFFFFFFFFFFFFFFFFFFFFFFFFFFFFFFFFFFFF29
S32508018860FFFFFFFFFFFFFFFFFFFFFFFFFFFFFFFFFFFFFFFFFFFFFFFFFFFFFFFFFFFFFFFF09
S32508018880FFFFFFFFFFFFFFFFFFFFFFFFFFFFFFFFFFFFFFFFFFFFFFFFFFFFFFFFFFFFFFFFE9
S325080188a0FFFFFFFFFFFFFFFFFFFFFFFFFFFFFFFFFFFFFFFFFFFFFFFFFFFFFFFFFFFFFFFFC9
S325080188c0FFFFFFFFFFFFFFFFFFFFFFFFFFFFFFFFFFFFFFFFFFFFFFFFFFFFFFFFFFFFFFFFA9
S325080188e0FFFFFFFFFFFFFFFFFFFFFFFFFFFFFFFFFFFFFFFFFFFFFFFFFFFFFFFFFFFFFFFF89
S32508018900FFFFFFFFFFFFFFFFFFFFFFFFFFFFFFFFFFFFFFFFFFFFFFFFFFFFFFFFFFFFFFFF68
S32508018920FFFFFFFFFFFFFFFFFFFFFFFFFFFFFFFFFFFFFFFFFFFFFFFFFFFFFFFFFFFFFFFF48
S32508018940FFFFFFFFFFFFFFFFFFFFFFFFFFFFFFFFFFFFFFFFFFFFFFFFFFFFFFFFFFFFFFFF28
S32508018960FFFFFFFFFFFFFFFFFFFFFFFFFFFFFFFFFFFFFFFFFFFFFFFFFFFFFFFFFFFFFFFF08
S32508018980FFFFFFFFFFFFFFFFFFFFFFFFFFFFFFFFFFFFFFFFFFFFFFFFFFFFFFFFFFFFFFFFE8
S325080189a0FFFFFFFFFFFFFFFFFFFFFFFFFFFFFFFFFFFFFFFFFFFFFFFFFFFFFFFFFFFFFFFFC8
S325080189c0FFFFFFFFFFFFFFFFFFFFFFFFFFFFFFFFFFFFFFFFFFFFFFFFFFFFFFFFFFFFFFFFA8
S325080189e0FFFFFFFFFFFFFFFFFFFFFFFFFFFFFFFFFFFFFFFFFFFFFFFFFFFFFFFFFFFFFFFF88
S32508018a00FFFFFFFFFFFFFFFFFFFFFFFFFFFFFFFFFFFFFFFFFFFFFFFFFFFFFFFFFFFFFFFF67
S32508018a20FFFFFFFFFFFFFFFFFFFFFFFFFFFFFFFFFFFFFFFFFFFFFFFFFFFFFFFFFFFFFFFF47
S32508018a40FFFFFFFFFFFFFFFFFFFFFFFFFFFFFFFFFFFFFFFFFFFFFFFFFFFFFFFFFFFFFFFF27
S32508018a60FFFFFFFFFFFFFFFFFFFFFFFFFFFFFFFFFFFFFFFFFFFFFFFFFFFFFFFFFFFFFFFF07
S32508018a80FFFFFFFFFFFFFFFFFFFFFFFFFFFFFFFFFFFFFFFFFFFFFFFFFFFFFFFFFFFFFFFFE7
S32508018aa0FFFFFFFFFFFFFFFFFFFFFFFFFFFFFFFFFFFFFFFFFFFFFFFFFFFFFFFFFFFFFFFFC7
S32508018ac0FFFFFFFFFFFFFFFFFFFFFFFFFFFFFFFFFFFFFFFFFFFFFFFFFFFFFFFFFFFFFFFFA7
S32508018ae0FFFFFFFFFFFFFFFFFFFFFFFFFFFFFFFFFFFFFFFFFFFFFFFFFFFFFFFFFFFFFFFF87
S32508018b00FFFFFFFFFFFFFFFFFFFFFFFFFFFFFFFFFFFFFFFFFFFFFFFFFFFFFFFFFFFFFFFF66
S32508018b20FFFFFFFFFFFFFFFFFFFFFFFFFFFFFFFFFFFFFFFFFFFFFFFFFFFFFFFFFFFFFFFF46
S32508018b40FFFFFFFFFFFFFFFFFFFFFFFFFFFFFFFFFFFFFFFFFFFFFFFFFFFFFFFFFFFFFFFF26
S32508018b60FFFFFFFFFFFFFFFFFFFFFFFFFFFFFFFFFFFFFFFFFFFFFFFFFFFFFFFFFFFFFFFF06
S32508018b80FFFFFFFFFFFFFFFFFFFFFFFFFFFFFFFFFFFFFFFFFFFFFFFFFFFFFFFFFFFFFFFFE6
S32508018ba0FFFFFFFFFFFFFFFFFFFFFFFFFFFFFFFFFFFFFFFFFFFFFFFFFFFFFFFFFFFFFFFFC6
S32508018bc0FFFFFFFFFFFFFFFFFFFFFFFFFFFFFFFFFFFFFFFFFFFFFFFFFFFFFFFFFFFFFFFFA6
S32508018be0FFFFFFFFFFFFFFFFFFFFFFFFFFFFFFFFFFFFFFFFFFFFFFFFFFFFFFFFFFFFFFFF86
S32508018c00FFFFFFFFFFFFFFFFFFFFFFFFFFFFFFFFFFFFFFFFFFFFFFFFFFFFFFFFFFFFFFFF65
S32508018c20FFFFFFFFFFFFFFFFFFFFFFFFFFFFFFFFFFFFFFFFFFFFFFFFFFFFFFFFFFFFFFFF45
S32508018c40FFFFFFFFFFFFFFFFFFFFFFFFFFFFFFFFFFFFFFFFFFFFFFFFFFFFFFFFFFFFFFFF25
S32508018c60FFFFFFFFFFFFFFFFFFFFFFFFFFFFFFFFFFFFFFFFFFFFFFFFFFFFFFFFFFFFFFFF05
S32508018c80FFFFFFFFFFFFFFFFFFFFFFFFFFFFFFFFFFFFFFFFFFFFFFFFFFFFFFFFFFFFFFFFE5
S32508018ca0FFFFFFFFFFFFFFFFFFFFFFFFFFFFFFFFFFFFFFFFFFFFFFFFFFFFFFFFFFFFFFFFC5
S32508018cc0FFFFFFFFFFFFFFFFFFFFFFFFFFFFFFFFFFFFFFFFFFFFFFFFFFFFFFFFFFFFFFFFA5
S32508018ce0FFFFFFFFFFFFFFFFFFFFFFFFFFFFFFFFFFFFFFFFFFFFFFFFFFFFFFFFFFFFFFFF85
S32508018d00FFFFFFFFFFFFFFFFFFFFFFFFFFFFFFFFFFFFFFFFFFFFFFFFFFFFFFFFFFFFFFFF64
S32508018d20FFFFFFFFFFFFFFFFFFFFFFFFFFFFFFFFFFFFFFFFFFFFFFFFFFFFFFFFFFFFFFFF44
S32508018d40FFFFFFFFFFFFFFFFFFFFFFFFFFFFFFFFFFFFFFFFFFFFFFFFFFFFFFFFFFFFFFFF24
S32508018d60FFFFFFFFFFFFFFFFFFFFFFFFFFFFFFFFFFFFFFFFFFFFFFFFFFFFFFFFFFFFFFFF04
S32508018d80FFFFFFFFFFFFFFFFFFFFFFFFFFFFFFFFFFFFFFFFFFFFFFFFFFFFFFFFFFFFFFFFE4
S32508018da0FFFFFFFFFFFFFFFFFFFFFFFFFFFFFFFFFFFFFFFFFFFFFFFFFFFFFFFFFFFFFFFFC4
S32508018dc0FFFFFFFFFFFFFFFFFFFFFFFFFFFFFFFFFFFFFFFFFFFFFFFFFFFFFFFFFFFFFFFFA4
S32508018de0FFFFFFFFFFFFFFFFFFFFFFFFFFFFFFFFFFFFFFFFFFFFFFFFFFFFFFFFFFFFFFFF84
S32508018e00FFFFFFFFFFFFFFFFFFFFFFFFFFFFFFFFFFFFFFFFFFFFFFFFFFFFFFFFFFFFFFFF63
S32508018e20FFFFFFFFFFFFFFFFFFFFFFFFFFFFFFFFFFFFFFFFFFFFFFFFFFFFFFFFFFFFFFFF43
S32508018e40FFFFFFFFFFFFFFFFFFFFFFFFFFFFFFFFFFFFFFFFFFFFFFFFFFFFFFFFFFFFFFFF23
S32508018e60FFFFFFFFFFFFFFFFFFFFFFFFFFFFFFFFFFFFFFFFFFFFFFFFFFFFFFFFFFFFFFFF03
S32508018e80FFFFFFFFFFFFFFFFFFFFFFFFFFFFFFFFFFFFFFFFFFFFFFFFFFFFFFFFFFFFFFFFE3
S32508018ea0FFFFFFFFFFFFFFFFFFFFFFFFFFFFFFFFFFFFFFFFFFFFFFFFFFFFFFFFFFFFFFFFC3
S32508018ec0FFFFFFFFFFFFFFFFFFFFFFFFFFFFFFFFFFFFFFFFFFFFFFFFFFFFFFFFFFFFFFFFA3
S32508018ee0FFFFFFFFFFFFFFFFFFFFFFFFFFFFFFFFFFFFFFFFFFFFFFFFFFFFFFFFFFFFFFFF83
S32508018f00FFFFFFFFFFFFFFFFFFFFFFFFFFFFFFFFFFFFFFFFFFFFFFFFFFFFFFFFFFFFFFFF62
S32508018f20FFFFFFFFFFFFFFFFFFFFFFFFFFFFFFFFFFFFFFFFFFFFFFFFFFFFFFFFFFFFFFFF42
S32508018f40FFFFFFFFFFFFFFFFFFFFFFFFFFFFFFFFFFFFFFFFFFFFFFFFFFFFFFFFFFFFFFFF22
S32508018f60FFFFFFFFFFFFFFFFFFFFFFFFFFFFFFFFFFFFFFFFFFFFFFFFFFFFFFFFFFFFFFFF02
S32508018f80FFFFFFFFFFFFFFFFFFFFFFFFFFFFFFFFFFFFFFFFFFFFFFFFFFFFFFFFFFFFFFFFE2
S32508018fa0FFFFFFFFFFFFFFFFFFFFFFFFFFFFFFFFFFFFFFFFFFFFFFFFFFFFFFFFFFFFFFFFC2
S32508018fc0FFFFFFFFFFFFFFFFFFFFFFFFFFFFFFFFFFFFFFFFFFFFFFFFFFFFFFFFFFFFFFFFA2
S32508018fe0FFFFFFFFFFFFFFFFFFFFFFFFFFFFFFFFFFFFFFFFFFFFFFFFFFFFFFFFFFFFFFFF82
S32508019000FFFFFFFFFFFFFFFFFFFFFFFFFFFFFFFFFFFFFFFFFFFFFFFFFFFFFFFFFFFFFFFF61
S32508019020FFFFFFFFFFFFFFFFFFFFFFFFFFFFFFFFFFFFFFFFFFFFFFFFFFFFFFFFFFFFFFFF41
S32508019040FFFFFFFFFFFFFFFFFFFFFFFFFFFFFFFFFFFFFFFFFFFFFFFFFFFFFFFFFFFFFFFF21
S32508019060FFFFFFFFFFFFFFFFFFFFFFFFFFFFFFFFFFFFFFFFFFFFFFFFFFFFFFFFFFFFFFFF01
S32508019080FFFFFFFFFFFFFFFFFFFFFFFFFFFFFFFFFFFFFFFFFFFFFFFFFFFFFFFFFFFFFFFFE1
S325080190a0FFFFFFFFFFFFFFFFFFFFFFFFFFFFFFFFFFFFFFFFFFFFFFFFFFFFFFFFFFFFFFFFC1
S325080190c0FFFFFFFFFFFFFFFFFFFFFFFFFFFFFFFFFFFFFFFFFFFFFFFFFFFFFFFFFFFFFFFFA1
S325080190e0FFFFFFFFFFFFFFFFFFFFFFFFFFFFFFFFFFFFFFFFFFFFFFFFFFFFFFFFFFFFFFFF81
S32508019100FFFFFFFFFFFFFFFFFFFFFFFFFFFFFFFFFFFFFFFFFFFFFFFFFFFFFFFFFFFFFFFF60
S32508019120FFFFFFFFFFFFFFFFFFFFFFFFFFFFFFFFFFFFFFFFFFFFFFFFFFFFFFFFFFFFFFFF40
S32508019140FFFFFFFFFFFFFFFFFFFFFFFFFFFFFFFFFFFFFFFFFFFFFFFFFFFFFFFFFFFFFFFF20
S32508019160FFFFFFFFFFFFFFFFFFFFFFFFFFFFFFFFFFFFFFFFFFFFFFFFFFFFFFFFFFFFFFFF00
S32508019180FFFFFFFFFFFFFFFFFFFFFFFFFFFFFFFFFFFFFFFFFFFFFFFFFFFFFFFFFFFFFFFFE0
S325080191a0FFFFFFFFFFFFFFFFFFFFFFFFFFFFFFFFFFFFFFFFFFFFFFFFFFFFFFFFFFFFFFFFC0
S325080191c0FFFFFFFFFFFFFFFFFFFFFFFFFFFFFFFFFFFFFFFFFFFFFFFFFFFFFFFFFFFFFFFFA0
S325080191e0FFFFFFFFFFFFFFFFFFFFFFFFFFFFFFFFFFFFFFFFFFFFFFFFFFFFFFFFFFFFFFFF80
S32508019200FFFFFFFFFFFFFFFFFFFFFFFFFFFFFFFFFFFFFFFFFFFFFFFFFFFFFFFFFFFFFFFF5F
S32508019220FFFFFFFFFFFFFFFFFFFFFFFFFFFFFFFFFFFFFFFFFFFFFFFFFFFFFFFFFFFFFFFF3F
S32508019240FFFFFFFFFFFFFFFFFFFFFFFFFFFFFFFFFFFFFFFFFFFFFFFFFFFFFFFFFFFFFFFF1F
S32508019260FFFFFFFFFFFFFFFFFFFFFFFFFFFFFFFFFFFFFFFFFFFFFFFFFFFFFFFFFFFFFFFFFF
S32508019280FFFFFFFFFFFFFFFFFFFFFFFFFFFFFFFFFFFFFFFFFFFFFFFFFFFFFFFFFFFFFFFFDF
S325080192a0FFFFFFFFFFFFFFFFFFFFFFFFFFFFFFFFFFFFFFFFFFFFFFFFFFFFFFFFFFFFFFFFBF
S325080192c0FFFFFFFFFFFFFFFFFFFFFFFFFFFFFFFFFFFFFFFFFFFFFFFFFFFFFFFFFFFFFFFF9F
S325080192e0FFFFFFFFFFFFFFFFFFFFFFFFFFFFFFFFFFFFFFFFFFFFFFFFFFFFFFFFFFFFFFFF7F
S32508019300FFFFFFFFFFFFFFFFFFFFFFFFFFFFFFFFFFFFFFFFFFFFFFFFFFFFFFFFFFFFFFFF5E
S32508019320FFFFFFFFFFFFFFFFFFFFFFFFFFFFFFFFFFFFFFFFFFFFFFFFFFFFFFFFFFFFFFFF3E
S32508019340FFFFFFFFFFFFFFFFFFFFFFFFFFFFFFFFFFFFFFFFFFFFFFFFFFFFFFFFFFFFFFFF1E
S32508019360FFFFFFFFFFFFFFFFFFFFFFFFFFFFFFFFFFFFFFFFFFFFFFFFFFFFFFFFFFFFFFFFFE
S32508019380FFFFFFFFFFFFFFFFFFFFFFFFFFFFFFFFFFFFFFFFFFFFFFFFFFFFFFFFFFFFFFFFDE
S325080193a0FFFFFFFFFFFFFFFFFFFFFFFFFFFFFFFFFFFFFFFFFFFFFFFFFFFFFFFFFFFFFFFFBE
S325080193c0FFFFFFFFFFFFFFFFFFFFFFFFFFFFFFFFFFFFFFFFFFFFFFFFFFFFFFFFFFFFFFFF9E
S325080193e0FFFFFFFFFFFFFFFFFFFFFFFFFFFFFFFFFFFFFFFFFFFFFFFFFFFFFFFFFFFFFFFF7E
S32508019400FFFFFFFFFFFFFFFFFFFFFFFFFFFFFFFFFFFFFFFFFFFFFFFFFFFFFFFFFFFFFFFF5D
S32508019420FFFFFFFFFFFFFFFFFFFFFFFFFFFFFFFFFFFFFFFFFFFFFFFFFFFFFFFFFFFFFFFF3D
S32508019440FFFFFFFFFFFFFFFFFFFFFFFFFFFFFFFFFFFFFFFFFFFFFFFFFFFFFFFFFFFFFFFF1D
S32508019460FFFFFFFFFFFFFFFFFFFFFFFFFFFFFFFFFFFFFFFFFFFFFFFFFFFFFFFFFFFFFFFFFD
S32508019480FFFFFFFFFFFFFFFFFFFFFFFFFFFFFFFFFFFFFFFFFFFFFFFFFFFFFFFFFFFFFFFFDD
S325080194a0FFFFFFFFFFFFFFFFFFFFFFFFFFFFFFFFFFFFFFFFFFFFFFFFFFFFFFFFFFFFFFFFBD
S325080194c0FFFFFFFFFFFFFFFFFFFFFFFFFFFFFFFFFFFFFFFFFFFFFFFFFFFFFFFFFFFFFFFF9D
S325080194e0FFFFFFFFFFFFFFFFFFFFFFFFFFFFFFFFFFFFFFFFFFFFFFFFFFFFFFFFFFFFFFFF7D
S32508019500FFFFFFFFFFFFFFFFFFFFFFFFFFFFFFFFFFFFFFFFFFFFFFFFFFFFFFFFFFFFFFFF5C
S32508019520FFFFFFFFFFFFFFFFFFFFFFFFFFFFFFFFFFFFFFFFFFFFFFFFFFFFFFFFFFFFFFFF3C
S32508019540FFFFFFFFFFFFFFFFFFFFFFFFFFFFFFFFFFFFFFFFFFFFFFFFFFFFFFFFFFFFFFFF1C
S32508019560FFFFFFFFFFFFFFFFFFFFFFFFFFFFFFFFFFFFFFFFFFFFFFFFFFFFFFFFFFFFFFFFFC
S32508019580FFFFFFFFFFFFFFFFFFFFFFFFFFFFFFFFFFFFFFFFFFFFFFFFFFFFFFFFFFFFFFFFDC
S325080195a0FFFFFFFFFFFFFFFFFFFFFFFFFFFFFFFFFFFFFFFFFFFFFFFFFFFFFFFFFFFFFFFFBC
S325080195c0FFFFFFFFFFFFFFFFFFFFFFFFFFFFFFFFFFFFFFFFFFFFFFFFFFFFFFFFFFFFFFFF9C
S325080195e0FFFFFFFFFFFFFFFFFFFFFFFFFFFFFFFFFFFFFFFFFFFFFFFFFFFFFFFFFFFFFFFF7C
S32508019600FFFFFFFFFFFFFFFFFFFFFFFFFFFFFFFFFFFFFFFFFFFFFFFFFFFFFFFFFFFFFFFF5B
S32508019620FFFFFFFFFFFFFFFFFFFFFFFFFFFFFFFFFFFFFFFFFFFFFFFFFFFFFFFFFFFFFFFF3B
S32508019640FFFFFFFFFFFFFFFFFFFFFFFFFFFFFFFFFFFFFFFFFFFFFFFFFFFFFFFFFFFFFFFF1B
S32508019660FFFFFFFFFFFFFFFFFFFFFFFFFFFFFFFFFFFFFFFFFFFFFFFFFFFFFFFFFFFFFFFFFB
S32508019680FFFFFFFFFFFFFFFFFFFFFFFFFFFFFFFFFFFFFFFFFFFFFFFFFFFFFFFFFFFFFFFFDB
S325080196a0FFFFFFFFFFFFFFFFFFFFFFFFFFFFFFFFFFFFFFFFFFFFFFFFFFFFFFFFFFFFFFFFBB
S325080196c0FFFFFFFFFFFFFFFFFFFFFFFFFFFFFFFFFFFFFFFFFFFFFFFFFFFFFFFFFFFFFFFF9B
S325080196e0FFFFFFFFFFFFFFFFFFFFFFFFFFFFFFFFFFFFFFFFFFFFFFFFFFFFFFFFFFFFFFFF7B
S32508019700FFFFFFFFFFFFFFFFFFFFFFFFFFFFFFFFFFFFFFFFFFFFFFFFFFFFFFFFFFFFFFFF5A
S32508019720FFFFFFFFFFFFFFFFFFFFFFFFFFFFFFFFFFFFFFFFFFFFFFFFFFFFFFFFFFFFFFFF3A
S32508019740FFFFFFFFFFFFFFFFFFFFFFFFFFFFFFFFFFFFFFFFFFFFFFFFFFFFFFFFFFFFFFFF1A
S32508019760FFFFFFFFFFFFFFFFFFFFFFFFFFFFFFFFFFFFFFFFFFFFFFFFFFFFFFFFFFFFFFFFFA
S32508019780FFFFFFFFFFFFFFFFFFFFFFFFFFFFFFFFFFFFFFFFFFFFFFFFFFFFFFFFFFFFFFFFDA
S325080197a0FFFFFFFFFFFFFFFFFFFFFFFFFFFFFFFFFFFFFFFFFFFFFFFFFFFFFFFFFFFFFFFFBA
S325080197c0FFFFFFFFFFFFFFFFFFFFFFFFFFFFFFFFFFFFFFFFFFFFFFFFFFFFFFFFFFFFFFFF9A
S325080197e0FFFFFFFFFFFFFFFFFFFFFFFFFFFFFFFFFFFFFFFFFFFFFFFFFFFFFFFFFFFFFFFF7A
S32508019800FFFFFFFFFFFFFFFFFFFFFFFFFFFFFFFFFFFFFFFFFFFFFFFFFFFFFFFFFFFFFFFF59
S32508019820FFFFFFFFFFFFFFFFFFFFFFFFFFFFFFFFFFFFFFFFFFFFFFFFFFFFFFFFFFFFFFFF39
S32508019840FFFFFFFFFFFFFFFFFFFFFFFFFFFFFFFFFFFFFFFFFFFFFFFFFFFFFFFFFFFFFFFF19
S32508019860FFFFFFFFFFFFFFFFFFFFFFFFFFFFFFFFFFFFFFFFFFFFFFFFFFFFFFFFFFFFFFFFF9
S32508019880FFFFFFFFFFFFFFFFFFFFFFFFFFFFFFFFFFFFFFFFFFFFFFFFFFFFFFFFFFFFFFFFD9
S325080198a0FFFFFFFFFFFFFFFFFFFFFFFFFFFFFFFFFFFFFFFFFFFFFFFFFFFFFFFFFFFFFFFFB9
S325080198c0FFFFFFFFFFFFFFFFFFFFFFFFFFFFFFFFFFFFFFFFFFFFFFFFFFFFFFFFFFFFFFFF99
S325080198e0FFFFFFFFFFFFFFFFFFFFFFFFFFFFFFFFFFFFFFFFFFFFFFFFFFFFFFFFFFFFFFFF79
S32508019900FFFFFFFFFFFFFFFFFFFFFFFFFFFFFFFFFFFFFFFFFFFFFFFFFFFFFFFFFFFFFFFF58
S32508019920FFFFFFFFFFFFFFFFFFFFFFFFFFFFFFFFFFFFFFFFFFFFFFFFFFFFFFFFFFFFFFFF38
S32508019940FFFFFFFFFFFFFFFFFFFFFFFFFFFFFFFFFFFFFFFFFFFFFFFFFFFFFFFFFFFFFFFF18
S32508019960FFFFFFFFFFFFFFFFFFFFFFFFFFFFFFFFFFFFFFFFFFFFFFFFFFFFFFFFFFFFFFFFF8
S32508019980FFFFFFFFFFFFFFFFFFFFFFFFFFFFFFFFFFFFFFFFFFFFFFFFFFFFFFFFFFFFFFFFD8
S325080199a0FFFFFFFFFFFFFFFFFFFFFFFFFFFFFFFFFFFFFFFFFFFFFFFFFFFFFFFFFFFFFFFFB8
S325080199c0FFFFFFFFFFFFFFFFFFFFFFFFFFFFFFFFFFFFFFFFFFFFFFFFFFFFFFFFFFFFFFFF98
S325080199e0FFFFFFFFFFFFFFFFFFFFFFFFFFFFFFFFFFFFFFFFFFFFFFFFFFFFFFFFFFFFFFFF78
S32508019a00FFFFFFFFFFFFFFFFFFFFFFFFFFFFFFFFFFFFFFFFFFFFFFFFFFFFFFFFFFFFFFFF57
S32508019a20FFFFFFFFFFFFFFFFFFFFFFFFFFFFFFFFFFFFFFFFFFFFFFFFFFFFFFFFFFFFFFFF37
S32508019a40FFFFFFFFFFFFFFFFFFFFFFFFFFFFFFFFFFFFFFFFFFFFFFFFFFFFFFFFFFFFFFFF17
S32508019a60FFFFFFFFFFFFFFFFFFFFFFFFFFFFFFFFFFFFFFFFFFFFFFFFFFFFFFFFFFFFFFFFF7
S32508019a80FFFFFFFFFFFFFFFFFFFFFFFFFFFFFFFFFFFFFFFFFFFFFFFFFFFFFFFFFFFFFFFFD7
S32508019aa0FFFFFFFFFFFFFFFFFFFFFFFFFFFFFFFFFFFFFFFFFFFFFFFFFFFFFFFFFFFFFFFFB7
S32508019ac0FFFFFFFFFFFFFFFFFFFFFFFFFFFFFFFFFFFFFFFFFFFFFFFFFFFFFFFFFFFFFFFF97
S32508019ae0FFFFFFFFFFFFFFFFFFFFFFFFFFFFFFFFFFFFFFFFFFFFFFFFFFFFFFFFFFFFFFFF77
S32508019b00FFFFFFFFFFFFFFFFFFFFFFFFFFFFFFFFFFFFFFFFFFFFFFFFFFFFFFFFFFFFFFFF56
S32508019b20FFFFFFFFFFFFFFFFFFFFFFFFFFFFFFFFFFFFFFFFFFFFFFFFFFFFFFFFFFFFFFFF36
S32508019b40FFFFFFFFFFFFFFFFFFFFFFFFFFFFFFFFFFFFFFFFFFFFFFFFFFFFFFFFFFFFFFFF16
S32508019b60FFFFFFFFFFFFFFFFFFFFFFFFFFFFFFFFFFFFFFFFFFFFFFFFFFFFFFFFFFFFFFFFF6
S32508019b80FFFFFFFFFFFFFFFFFFFFFFFFFFFFFFFFFFFFFFFFFFFFFFFFFFFFFFFFFFFFFFFFD6
S32508019ba0FFFFFFFFFFFFFFFFFFFFFFFFFFFFFFFFFFFFFFFFFFFFFFFFFFFFFFFFFFFFFFFFB6
S32508019bc0FFFFFFFFFFFFFFFFFFFFFFFFFFFFFFFFFFFFFFFFFFFFFFFFFFFFFFFFFFFFFFFF96
S32508019be0FFFFFFFFFFFFFFFFFFFFFFFFFFFFFFFFFFFFFFFFFFFFFFFFFFFFFFFFFFFFFFFF76
S32508019c00FFFFFFFFFFFFFFFFFFFFFFFFFFFFFFFFFFFFFFFFFFFFFFFFFFFFFFFFFFFFFFFF55
S32508019c20FFFFFFFFFFFFFFFFFFFFFFFFFFFFFFFFFFFFFFFFFFFFFFFFFFFFFFFFFFFFFFFF35
S32508019c40FFFFFFFFFFFFFFFFFFFFFFFFFFFFFFFFFFFFFFFFFFFFFFFFFFFFFFFFFFFFFFFF15
S32508019c60FFFFFFFFFFFFFFFFFFFFFFFFFFFFFFFFFFFFFFFFFFFFFFFFFFFFFFFFFFFFFFFFF5
S32508019c80FFFFFFFFFFFFFFFFFFFFFFFFFFFFFFFFFFFFFFFFFFFFFFFFFFFFFFFFFFFFFFFFD5
S32508019ca0FFFFFFFFFFFFFFFFFFFFFFFFFFFFFFFFFFFFFFFFFFFFFFFFFFFFFFFFFFFFFFFFB5
S32508019cc0FFFFFFFFFFFFFFFFFFFFFFFFFFFFFFFFFFFFFFFFFFFFFFFFFFFFFFFFFFFFFFFF95
S32508019ce0FFFFFFFFFFFFFFFFFFFFFFFFFFFFFFFFFFFFFFFFFFFFFFFFFFFFFFFFFFFFFFFF75
S32508019d00FFFFFFFFFFFFFFFFFFFFFFFFFFFFFFFFFFFFFFFFFFFFFFFFFFFFFFFFFFFFFFFF54
S32508019d20FFFFFFFFFFFFFFFFFFFFFFFFFFFFFFFFFFFFFFFFFFFFFFFFFFFFFFFFFFFFFFFF34
S32508019d40FFFFFFFFFFFFFFFFFFFFFFFFFFFFFFFFFFFFFFFFFFFFFFFFFFFFFFFFFFFFFFFF14
S32508019d60FFFFFFFFFFFFFFFFFFFFFFFFFFFFFFFFFFFFFFFFFFFFFFFFFFFFFFFFFFFFFFFFF4
S32508019d80FFFFFFFFFFFFFFFFFFFFFFFFFFFFFFFFFFFFFFFFFFFFFFFFFFFFFFFFFFFFFFFFD4
S32508019da0FFFFFFFFFFFFFFFFFFFFFFFFFFFFFFFFFFFFFFFFFFFFFFFFFFFFFFFFFFFFFFFFB4
S32508019dc0FFFFFFFFFFFFFFFFFFFFFFFFFFFFFFFFFFFFFFFFFFFFFFFFFFFFFFFFFFFFFFFF94
S32508019de0FFFFFFFFFFFFFFFFFFFFFFFFFFFFFFFFFFFFFFFFFFFFFFFFFFFFFFFFFFFFFFFF74
S32508019e00FFFFFFFFFFFFFFFFFFFFFFFFFFFFFFFFFFFFFFFFFFFFFFFFFFFFFFFFFFFFFFFF53
S32508019e20FFFFFFFFFFFFFFFFFFFFFFFFFFFFFFFFFFFFFFFFFFFFFFFFFFFFFFFFFFFFFFFF33
S32508019e40FFFFFFFFFFFFFFFFFFFFFFFFFFFFFFFFFFFFFFFFFFFFFFFFFFFFFFFFFFFFFFFF13
S32508019e60FFFFFFFFFFFFFFFFFFFFFFFFFFFFFFFFFFFFFFFFFFFFFFFFFFFFFFFFFFFFFFFFF3
S32508019e80FFFFFFFFFFFFFFFFFFFFFFFFFFFFFFFFFFFFFFFFFFFFFFFFFFFFFFFFFFFFFFFFD3
S32508019ea0FFFFFFFFFFFFFFFFFFFFFFFFFFFFFFFFFFFFFFFFFFFFFFFFFFFFFFFFFFFFFFFFB3
S32508019ec0FFFFFFFFFFFFFFFFFFFFFFFFFFFFFFFFFFFFFFFFFFFFFFFFFFFFFFFFFFFFFFFF93
S32508019ee0FFFFFFFFFFFFFFFFFFFFFFFFFFFFFFFFFFFFFFFFFFFFFFFFFFFFFFFFFFFFFFFF73
S32508019f00FFFFFFFFFFFFFFFFFFFFFFFFFFFFFFFFFFFFFFFFFFFFFFFFFFFFFFFFFFFFFFFF52
S32508019f20FFFFFFFFFFFFFFFFFFFFFFFFFFFFFFFFFFFFFFFFFFFFFFFFFFFFFFFFFFFFFFFF32
S32508019f40FFFFFFFFFFFFFFFFFFFFFFFFFFFFFFFFFFFFFFFFFFFFFFFFFFFFFFFFFFFFFFFF12
S32508019f60FFFFFFFFFFFFFFFFFFFFFFFFFFFFFFFFFFFFFFFFFFFFFFFFFFFFFFFFFFFFFFFFF2
S32508019f80FFFFFFFFFFFFFFFFFFFFFFFFFFFFFFFFFFFFFFFFFFFFFFFFFFFFFFFFFFFFFFFFD2
S32508019fa0FFFFFFFFFFFFFFFFFFFFFFFFFFFFFFFFFFFFFFFFFFFFFFFFFFFFFFFFFFFFFFFFB2
S32508019fc0FFFFFFFFFFFFFFFFFFFFFFFFFFFFFFFFFFFFFFFFFFFFFFFFFFFFFFFFFFFFFFFF92
S32508019fe0FFFFFFFFFFFFFFFFFFFFFFFFFFFFFFFFFFFFFFFFFFFFFFFFFFFFFFFFFFFFFFFF72
S3250801a000FFFFFFFFFFFFFFFFFFFFFFFFFFFFFFFFFFFFFFFFFFFFFFFFFFFFFFFFFFFFFFFF51
S3250801a020FFFFFFFFFFFFFFFFFFFFFFFFFFFFFFFFFFFFFFFFFFFFFFFFFFFFFFFFFFFFFFFF31
S3250801a040FFFFFFFFFFFFFFFFFFFFFFFFFFFFFFFFFFFFFFFFFFFFFFFFFFFFFFFFFFFFFFFF11
S3250801a060FFFFFFFFFFFFFFFFFFFFFFFFFFFFFFFFFFFFFFFFFFFFFFFFFFFFFFFFFFFFFFFFF1
S3250801a080FFFFFFFFFFFFFFFFFFFFFFFFFFFFFFFFFFFFFFFFFFFFFFFFFFFFFFFFFFFFFFFFD1
S3250801a0a0FFFFFFFFFFFFFFFFFFFFFFFFFFFFFFFFFFFFFFFFFFFFFFFFFFFFFFFFFFFFFFFFB1
S3250801a0c0FFFFFFFFFFFFFFFFFFFFFFFFFFFFFFFFFFFFFFFFFFFFFFFFFFFFFFFFFFFFFFFF91
S3250801a0e0FFFFFFFFFFFFFFFFFFFFFFFFFFFFFFFFFFFFFFFFFFFFFFFFFFFFFFFFFFFFFFFF71
S3250801a100FFFFFFFFFFFFFFFFFFFFFFFFFFFFFFFFFFFFFFFFFFFFFFFFFFFFFFFFFFFFFFFF50
S3250801a120FFFFFFFFFFFFFFFFFFFFFFFFFFFFFFFFFFFFFFFFFFFFFFFFFFFFFFFFFFFFFFFF30
S3250801a140FFFFFFFFFFFFFFFFFFFFFFFFFFFFFFFFFFFFFFFFFFFFFFFFFFFFFFFFFFFFFFFF10
S3250801a160FFFFFFFFFFFFFFFFFFFFFFFFFFFFFFFFFFFFFFFFFFFFFFFFFFFFFFFFFFFFFFFFF0
S3250801a180FFFFFFFFFFFFFFFFFFFFFFFFFFFFFFFFFFFFFFFFFFFFFFFFFFFFFFFFFFFFFFFFD0
S3250801a1a0FFFFFFFFFFFFFFFFFFFFFFFFFFFFFFFFFFFFFFFFFFFFFFFFFFFFFFFFFFFFFFFFB0
S3250801a1c0FFFFFFFFFFFFFFFFFFFFFFFFFFFFFFFFFFFFFFFFFFFFFFFFFFFFFFFFFFFFFFFF90
S3250801a1e0FFFFFFFFFFFFFFFFFFFFFFFFFFFFFFFFFFFFFFFFFFFFFFFFFFFFFFFFFFFFFFFF70
S3250801a200FFFFFFFFFFFFFFFFFFFFFFFFFFFFFFFFFFFFFFFFFFFFFFFFFFFFFFFFFFFFFFFF4F
S3250801a220FFFFFFFFFFFFFFFFFFFFFFFFFFFFFFFFFFFFFFFFFFFFFFFFFFFFFFFFFFFFFFFF2F
S3250801a240FFFFFFFFFFFFFFFFFFFFFFFFFFFFFFFFFFFFFFFFFFFFFFFFFFFFFFFFFFFFFFFF0F
S3250801a260FFFFFFFFFFFFFFFFFFFFFFFFFFFFFFFFFFFFFFFFFFFFFFFFFFFFFFFFFFFFFFFFEF
S3250801a280FFFFFFFFFFFFFFFFFFFFFFFFFFFFFFFFFFFFFFFFFFFFFFFFFFFFFFFFFFFFFFFFCF
S3250801a2a0FFFFFFFFFFFFFFFFFFFFFFFFFFFFFFFFFFFFFFFFFFFFFFFFFFFFFFFFFFFFFFFFAF
S3250801a2c0FFFFFFFFFFFFFFFFFFFFFFFFFFFFFFFFFFFFFFFFFFFFFFFFFFFFFFFFFFFFFFFF8F
S3250801a2e0FFFFFFFFFFFFFFFFFFFFFFFFFFFFFFFFFFFFFFFFFFFFFFFFFFFFFFFFFFFFFFFF6F
S3250801a300FFFFFFFFFFFFFFFFFFFFFFFFFFFFFFFFFFFFFFFFFFFFFFFFFFFFFFFFFFFFFFFF4E
S3250801a320FFFFFFFFFFFFFFFFFFFFFFFFFFFFFFFFFFFFFFFFFFFFFFFFFFFFFFFFFFFFFFFF2E
S3250801a340FFFFFFFFFFFFFFFFFFFFFFFFFFFFFFFFFFFFFFFFFFFFFFFFFFFFFFFFFFFFFFFF0E
S3250801a360FFFFFFFFFFFFFFFFFFFFFFFFFFFFFFFFFFFFFFFFFFFFFFFFFFFFFFFFFFFFFFFFEE
S3250801a380FFFFFFFFFFFFFFFFFFFFFFFFFFFFFFFFFFFFFFFFFFFFFFFFFFFFFFFFFFFFFFFFCE
S3250801a3a0FFFFFFFFFFFFFFFFFFFFFFFFFFFFFFFFFFFFFFFFFFFFFFFFFFFFFFFFFFFFFFFFAE
S3250801a3c0FFFFFFFFFFFFFFFFFFFFFFFFFFFFFFFFFFFFFFFFFFFFFFFFFFFFFFFFFFFFFFFF8E
S3250801a3e0FFFFFFFFFFFFFFFFFFFFFFFFFFFFFFFFFFFFFFFFFFFFFFFFFFFFFFFFFFFFFFFF6E
S3250801a400FFFFFFFFFFFFFFFFFFFFFFFFFFFFFFFFFFFFFFFFFFFFFFFFFFFFFFFFFFFFFFFF4D
S3250801a420FFFFFFFFFFFFFFFFFFFFFFFFFFFFFFFFFFFFFFFFFFFFFFFFFFFFFFFFFFFFFFFF2D
S3250801a440FFFFFFFFFFFFFFFFFFFFFFFFFFFFFFFFFFFFFFFFFFFFFFFFFFFFFFFFFFFFFFFF0D
S3250801a460FFFFFFFFFFFFFFFFFFFFFFFFFFFFFFFFFFFFFFFFFFFFFFFFFFFFFFFFFFFFFFFFED
S3250801a480FFFFFFFFFFFFFFFFFFFFFFFFFFFFFFFFFFFFFFFFFFFFFFFFFFFFFFFFFFFFFFFFCD
S3250801a4a0FFFFFFFFFFFFFFFFFFFFFFFFFFFFFFFFFFFFFFFFFFFFFFFFFFFFFFFFFFFFFFFFAD
S3250801a4c0FFFFFFFFFFFFFFFFFFFFFFFFFFFFFFFFFFFFFFFFFFFFFFFFFFFFFFFFFFFFFFFF8D
S3250801a4e0FFFFFFFFFFFFFFFFFFFFFFFFFFFFFFFFFFFFFFFFFFFFFFFFFFFFFFFFFFFFFFFF6D
S3250801a500FFFFFFFFFFFFFFFFFFFFFFFFFFFFFFFFFFFFFFFFFFFFFFFFFFFFFFFFFFFFFFFF4C
S3250801a520FFFFFFFFFFFFFFFFFFFFFFFFFFFFFFFFFFFFFFFFFFFFFFFFFFFFFFFFFFFFFFFF2C
S3250801a540FFFFFFFFFFFFFFFFFFFFFFFFFFFFFFFFFFFFFFFFFFFFFFFFFFFFFFFFFFFFFFFF0C
S3250801a560FFFFFFFFFFFFFFFFFFFFFFFFFFFFFFFFFFFFFFFFFFFFFFFFFFFFFFFFFFFFFFFFEC
S3250801a580FFFFFFFFFFFFFFFFFFFFFFFFFFFFFFFFFFFFFFFFFFFFFFFFFFFFFFFFFFFFFFFFCC
S3250801a5a0FFFFFFFFFFFFFFFFFFFFFFFFFFFFFFFFFFFFFFFFFFFFFFFFFFFFFFFFFFFFFFFFAC
S3250801a5c0FFFFFFFFFFFFFFFFFFFFFFFFFFFFFFFFFFFFFFFFFFFFFFFFFFFFFFFFFFFFFFFF8C
S3250801a5e0FFFFFFFFFFFFFFFFFFFFFFFFFFFFFFFFFFFFFFFFFFFFFFFFFFFFFFFFFFFFFFFF6C
S3250801a600FFFFFFFFFFFFFFFFFFFFFFFFFFFFFFFFFFFFFFFFFFFFFFFFFFFFFFFFFFFFFFFF4B
S3250801a620FFFFFFFFFFFFFFFFFFFFFFFFFFFFFFFFFFFFFFFFFFFFFFFFFFFFFFFFFFFFFFFF2B
S3250801a640FFFFFFFFFFFFFFFFFFFFFFFFFFFFFFFFFFFFFFFFFFFFFFFFFFFFFFFFFFFFFFFF0B
S3250801a660FFFFFFFFFFFFFFFFFFFFFFFFFFFFFFFFFFFFFFFFFFFFFFFFFFFFFFFFFFFFFFFFEB
S3250801a680FFFFFFFFFFFFFFFFFFFFFFFFFFFFFFFFFFFFFFFFFFFFFFFFFFFFFFFFFFFFFFFFCB
S3250801a6a0FFFFFFFFFFFFFFFFFFFFFFFFFFFFFFFFFFFFFFFFFFFFFFFFFFFFFFFFFFFFFFFFAB
S3250801a6c0FFFFFFFFFFFFFFFFFFFFFFFFFFFFFFFFFFFFFFFFFFFFFFFFFFFFFFFFFFFFFFFF8B
S3250801a6e0FFFFFFFFFFFFFFFFFFFFFFFFFFFFFFFFFFFFFFFFFFFFFFFFFFFFFFFFFFFFFFFF6B
S3250801a700FFFFFFFFFFFFFFFFFFFFFFFFFFFFFFFFFFFFFFFFFFFFFFFFFFFFFFFFFFFFFFFF4A
S3250801a720FFFFFFFFFFFFFFFFFFFFFFFFFFFFFFFFFFFFFFFFFFFFFFFFFFFFFFFFFFFFFFFF2A
S3250801a740FFFFFFFFFFFFFFFFFFFFFFFFFFFFFFFFFFFFFFFFFFFFFFFFFFFFFFFFFFFFFFFF0A
S3250801a760FFFFFFFFFFFFFFFFFFFFFFFFFFFFFFFFFFFFFFFFFFFFFFFFFFFFFFFFFFFFFFFFEA
S3250801a780FFFFFFFFFFFFFFFFFFFFFFFFFFFFFFFFFFFFFFFFFFFFFFFFFFFFFFFFFFFFFFFFCA
S3250801a7a0FFFFFFFFFFFFFFFFFFFFFFFFFFFFFFFFFFFFFFFFFFFFFFFFFFFFFFFFFFFFFFFFAA
S3250801a7c0FFFFFFFFFFFFFFFFFFFFFFFFFFFFFFFFFFFFFFFFFFFFFFFFFFFFFFFFFFFFFFFF8A
S3250801a7e0FFFFFFFFFFFFFFFFFFFFFFFFFFFFFFFFFFFFFFFFFFFFFFFFFFFFFFFFFFFFFFFF6A
S3250801a800FFFFFFFFFFFFFFFFFFFFFFFFFFFFFFFFFFFFFFFFFFFFFFFFFFFFFFFFFFFFFFFF49
S3250801a820FFFFFFFFFFFFFFFFFFFFFFFFFFFFFFFFFFFFFFFFFFFFFFFFFFFFFFFFFFFFFFFF29
S3250801a840FFFFFFFFFFFFFFFFFFFFFFFFFFFFFFFFFFFFFFFFFFFFFFFFFFFFFFFFFFFFFFFF09
S3250801a860FFFFFFFFFFFFFFFFFFFFFFFFFFFFFFFFFFFFFFFFFFFFFFFFFFFFFFFFFFFFFFFFE9
S3250801a880FFFFFFFFFFFFFFFFFFFFFFFFFFFFFFFFFFFFFFFFFFFFFFFFFFFFFFFFFFFFFFFFC9
S3250801a8a0FFFFFFFFFFFFFFFFFFFFFFFFFFFFFFFFFFFFFFFFFFFFFFFFFFFFFFFFFFFFFFFFA9
S3250801a8c0FFFFFFFFFFFFFFFFFFFFFFFFFFFFFFFFFFFFFFFFFFFFFFFFFFFFFFFFFFFFFFFF89
S3250801a8e0FFFFFFFFFFFFFFFFFFFFFFFFFFFFFFFFFFFFFFFFFFFFFFFFFFFFFFFFFFFFFFFF69
S3250801a900FFFFFFFFFFFFFFFFFFFFFFFFFFFFFFFFFFFFFFFFFFFFFFFFFFFFFFFFFFFFFFFF48
S3250801a920FFFFFFFFFFFFFFFFFFFFFFFFFFFFFFFFFFFFFFFFFFFFFFFFFFFFFFFFFFFFFFFF28
S3250801a940FFFFFFFFFFFFFFFFFFFFFFFFFFFFFFFFFFFFFFFFFFFFFFFFFFFFFFFFFFFFFFFF08
S3250801a960FFFFFFFFFFFFFFFFFFFFFFFFFFFFFFFFFFFFFFFFFFFFFFFFFFFFFFFFFFFFFFFFE8
S3250801a980FFFFFFFFFFFFFFFFFFFFFFFFFFFFFFFFFFFFFFFFFFFFFFFFFFFFFFFFFFFFFFFFC8
S3250801a9a0FFFFFFFFFFFFFFFFFFFFFFFFFFFFFFFFFFFFFFFFFFFFFFFFFFFFFFFFFFFFFFFFA8
S3250801a9c0FFFFFFFFFFFFFFFFFFFFFFFFFFFFFFFFFFFFFFFFFFFFFFFFFFFFFFFFFFFFFFFF88
S3250801a9e0FFFFFFFFFFFFFFFFFFFFFFFFFFFFFFFFFFFFFFFFFFFFFFFFFFFFFFFFFFFFFFFF68
S3250801aa00FFFFFFFFFFFFFFFFFFFFFFFFFFFFFFFFFFFFFFFFFFFFFFFFFFFFFFFFFFFFFFFF47
S3250801aa20FFFFFFFFFFFFFFFFFFFFFFFFFFFFFFFFFFFFFFFFFFFFFFFFFFFFFFFFFFFFFFFF27
S3250801aa40FFFFFFFFFFFFFFFFFFFFFFFFFFFFFFFFFFFFFFFFFFFFFFFFFFFFFFFFFFFFFFFF07
S3250801aa60FFFFFFFFFFFFFFFFFFFFFFFFFFFFFFFFFFFFFFFFFFFFFFFFFFFFFFFFFFFFFFFFE7
S3250801aa80FFFFFFFFFFFFFFFFFFFFFFFFFFFFFFFFFFFFFFFFFFFFFFFFFFFFFFFFFFFFFFFFC7
S3250801aaa0FFFFFFFFFFFFFFFFFFFFFFFFFFFFFFFFFFFFFFFFFFFFFFFFFFFFFFFFFFFFFFFFA7
S3250801aac0FFFFFFFFFFFFFFFFFFFFFFFFFFFFFFFFFFFFFFFFFFFFFFFFFFFFFFFFFFFFFFFF87
S3250801aae0FFFFFFFFFFFFFFFFFFFFFFFFFFFFFFFFFFFFFFFFFFFFFFFFFFFFFFFFFFFFFFFF67
S3250801ab00FFFFFFFFFFFFFFFFFFFFFFFFFFFFFFFFFFFFFFFFFFFFFFFFFFFFFFFFFFFFFFFF46
S3250801ab20FFFFFFFFFFFFFFFFFFFFFFFFFFFFFFFFFFFFFFFFFFFFFFFFFFFFFFFFFFFFFFFF26
S3250801ab40FFFFFFFFFFFFFFFFFFFFFFFFFFFFFFFFFFFFFFFFFFFFFFFFFFFFFFFFFFFFFFFF06
S3250801ab60FFFFFFFFFFFFFFFFFFFFFFFFFFFFFFFFFFFFFFFFFFFFFFFFFFFFFFFFFFFFFFFFE6
S3250801ab80FFFFFFFFFFFFFFFFFFFFFFFFFFFFFFFFFFFFFFFFFFFFFFFFFFFFFFFFFFFFFFFFC6
S3250801aba0FFFFFFFFFFFFFFFFFFFFFFFFFFFFFFFFFFFFFFFFFFFFFFFFFFFFFFFFFFFFFFFFA6
S3250801abc0FFFFFFFFFFFFFFFFFFFFFFFFFFFFFFFFFFFFFFFFFFFFFFFFFFFFFFFFFFFFFFFF86
S3250801abe0FFFFFFFFFFFFFFFFFFFFFFFFFFFFFFFFFFFFFFFFFFFFFFFFFFFFFFFFFFFFFFFF66
S3250801ac00FFFFFFFFFFFFFFFFFFFFFFFFFFFFFFFFFFFFFFFFFFFFFFFFFFFFFFFFFFFFFFFF45
S3250801ac20FFFFFFFFFFFFFFFFFFFFFFFFFFFFFFFFFFFFFFFFFFFFFFFFFFFFFFFFFFFFFFFF25
S3250801ac40FFFFFFFFFFFFFFFFFFFFFFFFFFFFFFFFFFFFFFFFFFFFFFFFFFFFFFFFFFFFFFFF05
S3250801ac60FFFFFFFFFFFFFFFFFFFFFFFFFFFFFFFFFFFFFFFFFFFFFFFFFFFFFFFFFFFFFFFFE5
S3250801ac80FFFFFFFFFFFFFFFFFFFFFFFFFFFFFFFFFFFFFFFFFFFFFFFFFFFFFFFFFFFFFFFFC5
S3250801aca0FFFFFFFFFFFFFFFFFFFFFFFFFFFFFFFFFFFFFFFFFFFFFFFFFFFFFFFFFFFFFFFFA5
S3250801acc0FFFFFFFFFFFFFFFFFFFFFFFFFFFFFFFFFFFFFFFFFFFFFFFFFFFFFFFFFFFFFFFF85
S3250801ace0FFFFFFFFFFFFFFFFFFFFFFFFFFFFFFFFFFFFFFFFFFFFFFFFFFFFFFFFFFFFFFFF65
S3250801ad00FFFFFFFFFFFFFFFFFFFFFFFFFFFFFFFFFFFFFFFFFFFFFFFFFFFFFFFFFFFFFFFF44
S3250801ad20FFFFFFFFFFFFFFFFFFFFFFFFFFFFFFFFFFFFFFFFFFFFFFFFFFFFFFFFFFFFFFFF24
S3250801ad40FFFFFFFFFFFFFFFFFFFFFFFFFFFFFFFFFFFFFFFFFFFFFFFFFFFFFFFFFFFFFFFF04
S3250801ad60FFFFFFFFFFFFFFFFFFFFFFFFFFFFFFFFFFFFFFFFFFFFFFFFFFFFFFFFFFFFFFFFE4
S3250801ad80FFFFFFFFFFFFFFFFFFFFFFFFFFFFFFFFFFFFFFFFFFFFFFFFFFFFFFFFFFFFFFFFC4
S3250801ada0FFFFFFFFFFFFFFFFFFFFFFFFFFFFFFFFFFFFFFFFFFFFFFFFFFFFFFFFFFFFFFFFA4
S3250801adc0FFFFFFFFFFFFFFFFFFFFFFFFFFFFFFFFFFFFFFFFFFFFFFFFFFFFFFFFFFFFFFFF84
S3250801ade0FFFFFFFFFFFFFFFFFFFFFFFFFFFFFFFFFFFFFFFFFFFFFFFFFFFFFFFFFFFFFFFF64
S3250801ae00FFFFFFFFFFFFFFFFFFFFFFFFFFFFFFFFFFFFFFFFFFFFFFFFFFFFFFFFFFFFFFFF43
S3250801ae20FFFFFFFFFFFFFFFFFFFFFFFFFFFFFFFFFFFFFFFFFFFFFFFFFFFFFFFFFFFFFFFF23
S3250801ae40FFFFFFFFFFFFFFFFFFFFFFFFFFFFFFFFFFFFFFFFFFFFFFFFFFFFFFFFFFFFFFFF03
S3250801ae60FFFFFFFFFFFFFFFFFFFFFFFFFFFFFFFFFFFFFFFFFFFFFFFFFFFFFFFFFFFFFFFFE3
S3250801ae80FFFFFFFFFFFFFFFFFFFFFFFFFFFFFFFFFFFFFFFFFFFFFFFFFFFFFFFFFFFFFFFFC3
S3250801aea0FFFFFFFFFFFFFFFFFFFFFFFFFFFFFFFFFFFFFFFFFFFFFFFFFFFFFFFFFFFFFFFFA3
S3250801aec0FFFFFFFFFFFFFFFFFFFFFFFFFFFFFFFFFFFFFFFFFFFFFFFFFFFFFFFFFFFFFFFF83
S3250801aee0FFFFFFFFFFFFFFFFFFFFFFFFFFFFFFFFFFFFFFFFFFFFFFFFFFFFFFFFFFFFFFFF63
S3250801af00FFFFFFFFFFFFFFFFFFFFFFFFFFFFFFFFFFFFFFFFFFFFFFFFFFFFFFFFFFFFFFFF42
S3250801af20FFFFFFFFFFFFFFFFFFFFFFFFFFFFFFFFFFFFFFFFFFFFFFFFFFFFFFFFFFFFFFFF22
S3250801af40FFFFFFFFFFFFFFFFFFFFFFFFFFFFFFFFFFFFFFFFFFFFFFFFFFFFFFFFFFFFFFFF02
S3250801af60FFFFFFFFFFFFFFFFFFFFFFFFFFFFFFFFFFFFFFFFFFFFFFFFFFFFFFFFFFFFFFFFE2
S3250801af80FFFFFFFFFFFFFFFFFFFFFFFFFFFFFFFFFFFFFFFFFFFFFFFFFFFFFFFFFFFFFFFFC2
S3250801afa0FFFFFFFFFFFFFFFFFFFFFFFFFFFFFFFFFFFFFFFFFFFFFFFFFFFFFFFFFFFFFFFFA2
S3250801afc0FFFFFFFFFFFFFFFFFFFFFFFFFFFFFFFFFFFFFFFFFFFFFFFFFFFFFFFFFFFFFFFF82
S3250801afe0FFFFFFFFFFFFFFFFFFFFFFFFFFFFFFFFFFFFFFFFFFFFFFFFFFFFFFFFFFFFFFFF62
S3250801b000FFFFFFFFFFFFFFFFFFFFFFFFFFFFFFFFFFFFFFFFFFFFFFFFFFFFFFFFFFFFFFFF41
S3250801b020FFFFFFFFFFFFFFFFFFFFFFFFFFFFFFFFFFFFFFFFFFFFFFFFFFFFFFFFFFFFFFFF21
S3250801b040FFFFFFFFFFFFFFFFFFFFFFFFFFFFFFFFFFFFFFFFFFFFFFFFFFFFFFFFFFFFFFFF01
S3250801b060FFFFFFFFFFFFFFFFFFFFFFFFFFFFFFFFFFFFFFFFFFFFFFFFFFFFFFFFFFFFFFFFE1
S3250801b080FFFFFFFFFFFFFFFFFFFFFFFFFFFFFFFFFFFFFFFFFFFFFFFFFFFFFFFFFFFFFFFFC1
S3250801b0a0FFFFFFFFFFFFFFFFFFFFFFFFFFFFFFFFFFFFFFFFFFFFFFFFFFFFFFFFFFFFFFFFA1
S3250801b0c0FFFFFFFFFFFFFFFFFFFFFFFFFFFFFFFFFFFFFFFFFFFFFFFFFFFFFFFFFFFFFFFF81
S3250801b0e0FFFFFFFFFFFFFFFFFFFFFFFFFFFFFFFFFFFFFFFFFFFFFFFFFFFFFFFFFFFFFFFF61
S3250801b100FFFFFFFFFFFFFFFFFFFFFFFFFFFFFFFFFFFFFFFFFFFFFFFFFFFFFFFFFFFFFFFF40
S3250801b120FFFFFFFFFFFFFFFFFFFFFFFFFFFFFFFFFFFFFFFFFFFFFFFFFFFFFFFFFFFFFFFF20
S3250801b140FFFFFFFFFFFFFFFFFFFFFFFFFFFFFFFFFFFFFFFFFFFFFFFFFFFFFFFFFFFFFFFF00
S3250801b160FFFFFFFFFFFFFFFFFFFFFFFFFFFFFFFFFFFFFFFFFFFFFFFFFFFFFFFFFFFFFFFFE0
S3250801b180FFFFFFFFFFFFFFFFFFFFFFFFFFFFFFFFFFFFFFFFFFFFFFFFFFFFFFFFFFFFFFFFC0
S3250801b1a0FFFFFFFFFFFFFFFFFFFFFFFFFFFFFFFFFFFFFFFFFFFFFFFFFFFFFFFFFFFFFFFFA0
S3250801b1c0FFFFFFFFFFFFFFFFFFFFFFFFFFFFFFFFFFFFFFFFFFFFFFFFFFFFFFFFFFFFFFFF80
S3250801b1e0FFFFFFFFFFFFFFFFFFFFFFFFFFFFFFFFFFFFFFFFFFFFFFFFFFFFFFFFFFFFFFFF60
S3250801b200FFFFFFFFFFFFFFFFFFFFFFFFFFFFFFFFFFFFFFFFFFFFFFFFFFFFFFFFFFFFFFFF3F
S3250801b220FFFFFFFFFFFFFFFFFFFFFFFFFFFFFFFFFFFFFFFFFFFFFFFFFFFFFFFFFFFFFFFF1F
S3250801b240FFFFFFFFFFFFFFFFFFFFFFFFFFFFFFFFFFFFFFFFFFFFFFFFFFFFFFFFFFFFFFFFFF
S3250801b260FFFFFFFFFFFFFFFFFFFFFFFFFFFFFFFFFFFFFFFFFFFFFFFFFFFFFFFFFFFFFFFFDF
S3250801b280FFFFFFFFFFFFFFFFFFFFFFFFFFFFFFFFFFFFFFFFFFFFFFFFFFFFFFFFFFFFFFFFBF
S3250801b2a0FFFFFFFFFFFFFFFFFFFFFFFFFFFFFFFFFFFFFFFFFFFFFFFFFFFFFFFFFFFFFFFF9F
S3250801b2c0FFFFFFFFFFFFFFFFFFFFFFFFFFFFFFFFFFFFFFFFFFFFFFFFFFFFFFFFFFFFFFFF7F
S3250801b2e0FFFFFFFFFFFFFFFFFFFFFFFFFFFFFFFFFFFFFFFFFFFFFFFFFFFFFFFFFFFFFFFF5F
S3250801b300FFFFFFFFFFFFFFFFFFFFFFFFFFFFFFFFFFFFFFFFFFFFFFFFFFFFFFFFFFFFFFFF3E
S3250801b320FFFFFFFFFFFFFFFFFFFFFFFFFFFFFFFFFFFFFFFFFFFFFFFFFFFFFFFFFFFFFFFF1E
S3250801b340FFFFFFFFFFFFFFFFFFFFFFFFFFFFFFFFFFFFFFFFFFFFFFFFFFFFFFFFFFFFFFFFFE
S3250801b360FFFFFFFFFFFFFFFFFFFFFFFFFFFFFFFFFFFFFFFFFFFFFFFFFFFFFFFFFFFFFFFFDE
S3250801b380FFFFFFFFFFFFFFFFFFFFFFFFFFFFFFFFFFFFFFFFFFFFFFFFFFFFFFFFFFFFFFFFBE
S3250801b3a0FFFFFFFFFFFFFFFFFFFFFFFFFFFFFFFFFFFFFFFFFFFFFFFFFFFFFFFFFFFFFFFF9E
S3250801b3c0FFFFFFFFFFFFFFFFFFFFFFFFFFFFFFFFFFFFFFFFFFFFFFFFFFFFFFFFFFFFFFFF7E
S3250801b3e0FFFFFFFFFFFFFFFFFFFFFFFFFFFFFFFFFFFFFFFFFFFFFFFFFFFFFFFFFFFFFFFF5E
S3250801b400FFFFFFFFFFFFFFFFFFFFFFFFFFFFFFFFFFFFFFFFFFFFFFFFFFFFFFFFFFFFFFFF3D
S3250801b420FFFFFFFFFFFFFFFFFFFFFFFFFFFFFFFFFFFFFFFFFFFFFFFFFFFFFFFFFFFFFFFF1D
S3250801b440FFFFFFFFFFFFFFFFFFFFFFFFFFFFFFFFFFFFFFFFFFFFFFFFFFFFFFFFFFFFFFFFFD
S3250801b460FFFFFFFFFFFFFFFFFFFFFFFFFFFFFFFFFFFFFFFFFFFFFFFFFFFFFFFFFFFFFFFFDD
S3250801b480FFFFFFFFFFFFFFFFFFFFFFFFFFFFFFFFFFFFFFFFFFFFFFFFFFFFFFFFFFFFFFFFBD
S3250801b4a0FFFFFFFFFFFFFFFFFFFFFFFFFFFFFFFFFFFFFFFFFFFFFFFFFFFFFFFFFFFFFFFF9D
S3250801b4c0FFFFFFFFFFFFFFFFFFFFFFFFFFFFFFFFFFFFFFFFFFFFFFFFFFFFFFFFFFFFFFFF7D
S3250801b4e0FFFFFFFFFFFFFFFFFFFFFFFFFFFFFFFFFFFFFFFFFFFFFFFFFFFFFFFFFFFFFFFF5D
S3250801b500FFFFFFFFFFFFFFFFFFFFFFFFFFFFFFFFFFFFFFFFFFFFFFFFFFFFFFFFFFFFFFFF3C
S3250801b520FFFFFFFFFFFFFFFFFFFFFFFFFFFFFFFFFFFFFFFFFFFFFFFFFFFFFFFFFFFFFFFF1C
S3250801b540FFFFFFFFFFFFFFFFFFFFFFFFFFFFFFFFFFFFFFFFFFFFFFFFFFFFFFFFFFFFFFFFFC
S3250801b560FFFFFFFFFFFFFFFFFFFFFFFFFFFFFFFFFFFFFFFFFFFFFFFFFFFFFFFFFFFFFFFFDC
S3250801b580FFFFFFFFFFFFFFFFFFFFFFFFFFFFFFFFFFFFFFFFFFFFFFFFFFFFFFFFFFFFFFFFBC
S3250801b5a0FFFFFFFFFFFFFFFFFFFFFFFFFFFFFFFFFFFFFFFFFFFFFFFFFFFFFFFFFFFFFFFF9C
S3250801b5c0FFFFFFFFFFFFFFFFFFFFFFFFFFFFFFFFFFFFFFFFFFFFFFFFFFFFFFFFFFFFFFFF7C
S3250801b5e0FFFFFFFFFFFFFFFFFFFFFFFFFFFFFFFFFFFFFFFFFFFFFFFFFFFFFFFFFFFFFFFF5C
S3250801b600FFFFFFFFFFFFFFFFFFFFFFFFFFFFFFFFFFFFFFFFFFFFFFFFFFFFFFFFFFFFFFFF3B
S3250801b620FFFFFFFFFFFFFFFFFFFFFFFFFFFFFFFFFFFFFFFFFFFFFFFFFFFFFFFFFFFFFFFF1B
S3250801b640FFFFFFFFFFFFFFFFFFFFFFFFFFFFFFFFFFFFFFFFFFFFFFFFFFFFFFFFFFFFFFFFFB
S3250801b660FFFFFFFFFFFFFFFFFFFFFFFFFFFFFFFFFFFFFFFFFFFFFFFFFFFFFFFFFFFFFFFFDB
S3250801b680FFFFFFFFFFFFFFFFFFFFFFFFFFFFFFFFFFFFFFFFFFFFFFFFFFFFFFFFFFFFFFFFBB
S3250801b6a0FFFFFFFFFFFFFFFFFFFFFFFFFFFFFFFFFFFFFFFFFFFFFFFFFFFFFFFFFFFFFFFF9B
S3250801b6c0FFFFFFFFFFFFFFFFFFFFFFFFFFFFFFFFFFFFFFFFFFFFFFFFFFFFFFFFFFFFFFFF7B
S3250801b6e0FFFFFFFFFFFFFFFFFFFFFFFFFFFFFFFFFFFFFFFFFFFFFFFFFFFFFFFFFFFFFFFF5B
S3250801b700FFFFFFFFFFFFFFFFFFFFFFFFFFFFFFFFFFFFFFFFFFFFFFFFFFFFFFFFFFFFFFFF3A
S3250801b720FFFFFFFFFFFFFFFFFFFFFFFFFFFFFFFFFFFFFFFFFFFFFFFFFFFFFFFFFFFFFFFF1A
S3250801b740FFFFFFFFFFFFFFFFFFFFFFFFFFFFFFFFFFFFFFFFFFFFFFFFFFFFFFFFFFFFFFFFFA
S3250801b760FFFFFFFFFFFFFFFFFFFFFFFFFFFFFFFFFFFFFFFFFFFFFFFFFFFFFFFFFFFFFFFFDA
S3250801b780FFFFFFFFFFFFFFFFFFFFFFFFFFFFFFFFFFFFFFFFFFFFFFFFFFFFFFFFFFFFFFFFBA
S3250801b7a0FFFFFFFFFFFFFFFFFFFFFFFFFFFFFFFFFFFFFFFFFFFFFFFFFFFFFFFFFFFFFFFF9A
S3250801b7c0FFFFFFFFFFFFFFFFFFFFFFFFFFFFFFFFFFFFFFFFFFFFFFFFFFFFFFFFFFFFFFFF7A
S3250801b7e0FFFFFFFFFFFFFFFFFFFFFFFFFFFFFFFFFFFFFFFFFFFFFFFFFFFFFFFFFFFFFFFF5A
S3250801b800FFFFFFFFFFFFFFFFFFFFFFFFFFFFFFFFFFFFFFFFFFFFFFFFFFFFFFFFFFFFFFFF39
S3250801b820FFFFFFFFFFFFFFFFFFFFFFFFFFFFFFFFFFFFFFFFFFFFFFFFFFFFFFFFFFFFFFFF19
S3250801b840FFFFFFFFFFFFFFFFFFFFFFFFFFFFFFFFFFFFFFFFFFFFFFFFFFFFFFFFFFFFFFFFF9
S3250801b860FFFFFFFFFFFFFFFFFFFFFFFFFFFFFFFFFFFFFFFFFFFFFFFFFFFFFFFFFFFFFFFFD9
S3250801b880FFFFFFFFFFFFFFFFFFFFFFFFFFFFFFFFFFFFFFFFFFFFFFFFFFFFFFFFFFFFFFFFB9
S3250801b8a0FFFFFFFFFFFFFFFFFFFFFFFFFFFFFFFFFFFFFFFFFFFFFFFFFFFFFFFFFFFFFFFF99
S3250801b8c0FFFFFFFFFFFFFFFFFFFFFFFFFFFFFFFFFFFFFFFFFFFFFFFFFFFFFFFFFFFFFFFF79
S3250801b8e0FFFFFFFFFFFFFFFFFFFFFFFFFFFFFFFFFFFFFFFFFFFFFFFFFFFFFFFFFFFFFFFF59
S3250801b900FFFFFFFFFFFFFFFFFFFFFFFFFFFFFFFFFFFFFFFFFFFFFFFFFFFFFFFFFFFFFFFF38
S3250801b920FFFFFFFFFFFFFFFFFFFFFFFFFFFFFFFFFFFFFFFFFFFFFFFFFFFFFFFFFFFFFFFF18
S3250801b940FFFFFFFFFFFFFFFFFFFFFFFFFFFFFFFFFFFFFFFFFFFFFFFFFFFFFFFFFFFFFFFFF8
S3250801b960FFFFFFFFFFFFFFFFFFFFFFFFFFFFFFFFFFFFFFFFFFFFFFFFFFFFFFFFFFFFFFFFD8
S3250801b980FFFFFFFFFFFFFFFFFFFFFFFFFFFFFFFFFFFFFFFFFFFFFFFFFFFFFFFFFFFFFFFFB8
S3250801b9a0FFFFFFFFFFFFFFFFFFFFFFFFFFFFFFFFFFFFFFFFFFFFFFFFFFFFFFFFFFFFFFFF98
S3250801b9c0FFFFFFFFFFFFFFFFFFFFFFFFFFFFFFFFFFFFFFFFFFFFFFFFFFFFFFFFFFFFFFFF78
S3250801b9e0FFFFFFFFFFFFFFFFFFFFFFFFFFFFFFFFFFFFFFFFFFFFFFFFFFFFFFFFFFFFFFFF58
S3250801ba00FFFFFFFFFFFFFFFFFFFFFFFFFFFFFFFFFFFFFFFFFFFFFFFFFFFFFFFFFFFFFFFF37
S3250801ba20FFFFFFFFFFFFFFFFFFFFFFFFFFFFFFFFFFFFFFFFFFFFFFFFFFFFFFFFFFFFFFFF17
S3250801ba40FFFFFFFFFFFFFFFFFFFFFFFFFFFFFFFFFFFFFFFFFFFFFFFFFFFFFFFFFFFFFFFFF7
S3250801ba60FFFFFFFFFFFFFFFFFFFFFFFFFFFFFFFFFFFFFFFFFFFFFFFFFFFFFFFFFFFFFFFFD7
S3250801ba80FFFFFFFFFFFFFFFFFFFFFFFFFFFFFFFFFFFFFFFFFFFFFFFFFFFFFFFFFFFFFFFFB7
S3250801baa0FFFFFFFFFFFFFFFFFFFFFFFFFFFFFFFFFFFFFFFFFFFFFFFFFFFFFFFFFFFFFFFF97
S3250801bac0FFFFFFFFFFFFFFFFFFFFFFFFFFFFFFFFFFFFFFFFFFFFFFFFFFFFFFFFFFFFFFFF77
S3250801bae0FFFFFFFFFFFFFFFFFFFFFFFFFFFFFFFFFFFFFFFFFFFFFFFFFFFFFFFFFFFFFFFF57
S3250801bb00FFFFFFFFFFFFFFFFFFFFFFFFFFFFFFFFFFFFFFFFFFFFFFFFFFFFFFFFFFFFFFFF36
S3250801bb20FFFFFFFFFFFFFFFFFFFFFFFFFFFFFFFFFFFFFFFFFFFFFFFFFFFFFFFFFFFFFFFF16
S3250801bb40FFFFFFFFFFFFFFFFFFFFFFFFFFFFFFFFFFFFFFFFFFFFFFFFFFFFFFFFFFFFFFFFF6
S3250801bb60FFFFFFFFFFFFFFFFFFFFFFFFFFFFFFFFFFFFFFFFFFFFFFFFFFFFFFFFFFFFFFFFD6
S3250801bb80FFFFFFFFFFFFFFFFFFFFFFFFFFFFFFFFFFFFFFFFFFFFFFFFFFFFFFFFFFFFFFFFB6
S3250801bba0FFFFFFFFFFFFFFFFFFFFFFFFFFFFFFFFFFFFFFFFFFFFFFFFFFFFFFFFFFFFFFFF96
S3250801bbc0FFFFFFFFFFFFFFFFFFFFFFFFFFFFFFFFFFFFFFFFFFFFFFFFFFFFFFFFFFFFFFFF76
S3250801bbe0FFFFFFFFFFFFFFFFFFFFFFFFFFFFFFFFFFFFFFFFFFFFFFFFFFFFFFFFFFFFFFFF56
S3250801bc00FFFFFFFFFFFFFFFFFFFFFFFFFFFFFFFFFFFFFFFFFFFFFFFFFFFFFFFFFFFFFFFF35
S3250801bc20FFFFFFFFFFFFFFFFFFFFFFFFFFFFFFFFFFFFFFFFFFFFFFFFFFFFFFFFFFFFFFFF15
S3250801bc40FFFFFFFFFFFFFFFFFFFFFFFFFFFFFFFFFFFFFFFFFFFFFFFFFFFFFFFFFFFFFFFFF5
S3250801bc60FFFFFFFFFFFFFFFFFFFFFFFFFFFFFFFFFFFFFFFFFFFFFFFFFFFFFFFFFFFFFFFFD5
S3250801bc80FFFFFFFFFFFFFFFFFFFFFFFFFFFFFFFFFFFFFFFFFFFFFFFFFFFFFFFFFFFFFFFFB5
S3250801bca0FFFFFFFFFFFFFFFFFFFFFFFFFFFFFFFFFFFFFFFFFFFFFFFFFFFFFFFFFFFFFFFF95
S3250801bcc0FFFFFFFFFFFFFFFFFFFFFFFFFFFFFFFFFFFFFFFFFFFFFFFFFFFFFFFFFFFFFFFF75
S3250801bce0FFFFFFFFFFFFFFFFFFFFFFFFFFFFFFFFFFFFFFFFFFFFFFFFFFFFFFFFFFFFFFFF55
S3250801bd00FFFFFFFFFFFFFFFFFFFFFFFFFFFFFFFFFFFFFFFFFFFFFFFFFFFFFFFFFFFFFFFF34
S3250801bd20FFFFFFFFFFFFFFFFFFFFFFFFFFFFFFFFFFFFFFFFFFFFFFFFFFFFFFFFFFFFFFFF14
S3250801bd40FFFFFFFFFFFFFFFFFFFFFFFFFFFFFFFFFFFFFFFFFFFFFFFFFFFFFFFFFFFFFFFFF4
S3250801bd60FFFFFFFFFFFFFFFFFFFFFFFFFFFFFFFFFFFFFFFFFFFFFFFFFFFFFFFFFFFFFFFFD4
S3250801bd80FFFFFFFFFFFFFFFFFFFFFFFFFFFFFFFFFFFFFFFFFFFFFFFFFFFFFFFFFFFFFFFFB4
S3250801bda0FFFFFFFFFFFFFFFFFFFFFFFFFFFFFFFFFFFFFFFFFFFFFFFFFFFFFFFFFFFFFFFF94
S3250801bdc0FFFFFFFFFFFFFFFFFFFFFFFFFFFFFFFFFFFFFFFFFFFFFFFFFFFFFFFFFFFFFFFF74
S3250801bde0FFFFFFFFFFFFFFFFFFFFFFFFFFFFFFFFFFFFFFFFFFFFFFFFFFFFFFFFFFFFFFFF54
S3250801be00FFFFFFFFFFFFFFFFFFFFFFFFFFFFFFFFFFFFFFFFFFFFFFFFFFFFFFFFFFFFFFFF33
S3250801be20FFFFFFFFFFFFFFFFFFFFFFFFFFFFFFFFFFFFFFFFFFFFFFFFFFFFFFFFFFFFFFFF13
S3250801be40FFFFFFFFFFFFFFFFFFFFFFFFFFFFFFFFFFFFFFFFFFFFFFFFFFFFFFFFFFFFFFFFF3
S3250801be60FFFFFFFFFFFFFFFFFFFFFFFFFFFFFFFFFFFFFFFFFFFFFFFFFFFFFFFFFFFFFFFFD3
S3250801be80FFFFFFFFFFFFFFFFFFFFFFFFFFFFFFFFFFFFFFFFFFFFFFFFFFFFFFFFFFFFFFFFB3
S3250801bea0FFFFFFFFFFFFFFFFFFFFFFFFFFFFFFFFFFFFFFFFFFFFFFFFFFFFFFFFFFFFFFFF93
S3250801bec0FFFFFFFFFFFFFFFFFFFFFFFFFFFFFFFFFFFFFFFFFFFFFFFFFFFFFFFFFFFFFFFF73
S3250801bee0FFFFFFFFFFFFFFFFFFFFFFFFFFFFFFFFFFFFFFFFFFFFFFFFFFFFFFFFFFFFFFFF53
S3250801bf00FFFFFFFFFFFFFFFFFFFFFFFFFFFFFFFFFFFFFFFFFFFFFFFFFFFFFFFFFFFFFFFF32
S3250801bf20FFFFFFFFFFFFFFFFFFFFFFFFFFFFFFFFFFFFFFFFFFFFFFFFFFFFFFFFFFFFFFFF12
S3250801bf40FFFFFFFFFFFFFFFFFFFFFFFFFFFFFFFFFFFFFFFFFFFFFFFFFFFFFFFFFFFFFFFFF2
S3250801bf60FFFFFFFFFFFFFFFFFFFFFFFFFFFFFFFFFFFFFFFFFFFFFFFFFFFFFFFFFFFFFFFFD2
S3250801bf80FFFFFFFFFFFFFFFFFFFFFFFFFFFFFFFFFFFFFFFFFFFFFFFFFFFFFFFFFFFFFFFFB2
S3250801bfa0FFFFFFFFFFFFFFFFFFFFFFFFFFFFFFFFFFFFFFFFFFFFFFFFFFFFFFFFFFFFFFFF92
S3250801bfc0FFFFFFFFFFFFFFFFFFFFFFFFFFFFFFFFFFFFFFFFFFFFFFFFFFFFFFFFFFFFFFFF72
S3250801bfe0FFFFFFFFFFFFFFFFFFFFFFFFFFFFFFFFFFFFFFFFFFFFFFFFFFFFFFFFFFFFFFFF52
S3250801c000FFFFFFFFFFFFFFFFFFFFFFFFFFFFFFFFFFFFFFFFFFFFFFFFFFFFFFFFFFFFFFFF31
S3250801c020FFFFFFFFFFFFFFFFFFFFFFFFFFFFFFFFFFFFFFFFFFFFFFFFFFFFFFFFFFFFFFFF11
S3250801c040FFFFFFFFFFFFFFFFFFFFFFFFFFFFFFFFFFFFFFFFFFFFFFFFFFFFFFFFFFFFFFFFF1
S3250801c060FFFFFFFFFFFFFFFFFFFFFFFFFFFFFFFFFFFFFFFFFFFFFFFFFFFFFFFFFFFFFFFFD1
S3250801c080FFFFFFFFFFFFFFFFFFFFFFFFFFFFFFFFFFFFFFFFFFFFFFFFFFFFFFFFFFFFFFFFB1
S3250801c0a0FFFFFFFFFFFFFFFFFFFFFFFFFFFFFFFFFFFFFFFFFFFFFFFFFFFFFFFFFFFFFFFF91
S3250801c0c0FFFFFFFFFFFFFFFFFFFFFFFFFFFFFFFFFFFFFFFFFFFFFFFFFFFFFFFFFFFFFFFF71
S3250801c0e0FFFFFFFFFFFFFFFFFFFFFFFFFFFFFFFFFFFFFFFFFFFFFFFFFFFFFFFFFFFFFFFF51
S3250801c100FFFFFFFFFFFFFFFFFFFFFFFFFFFFFFFFFFFFFFFFFFFFFFFFFFFFFFFFFFFFFFFF30
S3250801c120FFFFFFFFFFFFFFFFFFFFFFFFFFFFFFFFFFFFFFFFFFFFFFFFFFFFFFFFFFFFFFFF10
S3250801c140FFFFFFFFFFFFFFFFFFFFFFFFFFFFFFFFFFFFFFFFFFFFFFFFFFFFFFFFFFFFFFFFF0
S3250801c160FFFFFFFFFFFFFFFFFFFFFFFFFFFFFFFFFFFFFFFFFFFFFFFFFFFFFFFFFFFFFFFFD0
S3250801c180FFFFFFFFFFFFFFFFFFFFFFFFFFFFFFFFFFFFFFFFFFFFFFFFFFFFFFFFFFFFFFFFB0
S3250801c1a0FFFFFFFFFFFFFFFFFFFFFFFFFFFFFFFFFFFFFFFFFFFFFFFFFFFFFFFFFFFFFFFF90
S3250801c1c0FFFFFFFFFFFFFFFFFFFFFFFFFFFFFFFFFFFFFFFFFFFFFFFFFFFFFFFFFFFFFFFF70
S3250801c1e0FFFFFFFFFFFFFFFFFFFFFFFFFFFFFFFFFFFFFFFFFFFFFFFFFFFFFFFFFFFFFFFF50
S3250801c200FFFFFFFFFFFFFFFFFFFFFFFFFFFFFFFFFFFFFFFFFFFFFFFFFFFFFFFFFFFFFFFF2F
S3250801c220FFFFFFFFFFFFFFFFFFFFFFFFFFFFFFFFFFFFFFFFFFFFFFFFFFFFFFFFFFFFFFFF0F
S3250801c240FFFFFFFFFFFFFFFFFFFFFFFFFFFFFFFFFFFFFFFFFFFFFFFFFFFFFFFFFFFFFFFFEF
S3250801c260FFFFFFFFFFFFFFFFFFFFFFFFFFFFFFFFFFFFFFFFFFFFFFFFFFFFFFFFFFFFFFFFCF
S3250801c280FFFFFFFFFFFFFFFFFFFFFFFFFFFFFFFFFFFFFFFFFFFFFFFFFFFFFFFFFFFFFFFFAF
S3250801c2a0FFFFFFFFFFFFFFFFFFFFFFFFFFFFFFFFFFFFFFFFFFFFFFFFFFFFFFFFFFFFFFFF8F
S3250801c2c0FFFFFFFFFFFFFFFFFFFFFFFFFFFFFFFFFFFFFFFFFFFFFFFFFFFFFFFFFFFFFFFF6F
S3250801c2e0FFFFFFFFFFFFFFFFFFFFFFFFFFFFFFFFFFFFFFFFFFFFFFFFFFFFFFFFFFFFFFFF4F
S3250801c300FFFFFFFFFFFFFFFFFFFFFFFFFFFFFFFFFFFFFFFFFFFFFFFFFFFFFFFFFFFFFFFF2E
S3250801c320FFFFFFFFFFFFFFFFFFFFFFFFFFFFFFFFFFFFFFFFFFFFFFFFFFFFFFFFFFFFFFFF0E
S3250801c340FFFFFFFFFFFFFFFFFFFFFFFFFFFFFFFFFFFFFFFFFFFFFFFFFFFFFFFFFFFFFFFFEE
S3250801c360FFFFFFFFFFFFFFFFFFFFFFFFFFFFFFFFFFFFFFFFFFFFFFFFFFFFFFFFFFFFFFFFCE
S3250801c380FFFFFFFFFFFFFFFFFFFFFFFFFFFFFFFFFFFFFFFFFFFFFFFFFFFFFFFFFFFFFFFFAE
S3250801c3a0FFFFFFFFFFFFFFFFFFFFFFFFFFFFFFFFFFFFFFFFFFFFFFFFFFFFFFFFFFFFFFFF8E
S3250801c3c0FFFFFFFFFFFFFFFFFFFFFFFFFFFFFFFFFFFFFFFFFFFFFFFFFFFFFFFFFFFFFFFF6E
S3250801c3e0FFFFFFFFFFFFFFFFFFFFFFFFFFFFFFFFFFFFFFFFFFFFFFFFFFFFFFFFFFFFFFFF4E
S3250801c400FFFFFFFFFFFFFFFFFFFFFFFFFFFFFFFFFFFFFFFFFFFFFFFFFFFFFFFFFFFFFFFF2D
S3250801c420FFFFFFFFFFFFFFFFFFFFFFFFFFFFFFFFFFFFFFFFFFFFFFFFFFFFFFFFFFFFFFFF0D
S3250801c440FFFFFFFFFFFFFFFFFFFFFFFFFFFFFFFFFFFFFFFFFFFFFFFFFFFFFFFFFFFFFFFFED
S3250801c460FFFFFFFFFFFFFFFFFFFFFFFFFFFFFFFFFFFFFFFFFFFFFFFFFFFFFFFFFFFFFFFFCD
S3250801c480FFFFFFFFFFFFFFFFFFFFFFFFFFFFFFFFFFFFFFFFFFFFFFFFFFFFFFFFFFFFFFFFAD
S3250801c4a0FFFFFFFFFFFFFFFFFFFFFFFFFFFFFFFFFFFFFFFFFFFFFFFFFFFFFFFFFFFFFFFF8D
S3250801c4c0FFFFFFFFFFFFFFFFFFFFFFFFFFFFFFFFFFFFFFFFFFFFFFFFFFFFFFFFFFFFFFFF6D
S3250801c4e0FFFFFFFFFFFFFFFFFFFFFFFFFFFFFFFFFFFFFFFFFFFFFFFFFFFFFFFFFFFFFFFF4D
S3250801c500FFFFFFFFFFFFFFFFFFFFFFFFFFFFFFFFFFFFFFFFFFFFFFFFFFFFFFFFFFFFFFFF2C
S3250801c520FFFFFFFFFFFFFFFFFFFFFFFFFFFFFFFFFFFFFFFFFFFFFFFFFFFFFFFFFFFFFFFF0C
S3250801c540FFFFFFFFFFFFFFFFFFFFFFFFFFFFFFFFFFFFFFFFFFFFFFFFFFFFFFFFFFFFFFFFEC
S3250801c560FFFFFFFFFFFFFFFFFFFFFFFFFFFFFFFFFFFFFFFFFFFFFFFFFFFFFFFFFFFFFFFFCC
S3250801c580FFFFFFFFFFFFFFFFFFFFFFFFFFFFFFFFFFFFFFFFFFFFFFFFFFFFFFFFFFFFFFFFAC
S3250801c5a0FFFFFFFFFFFFFFFFFFFFFFFFFFFFFFFFFFFFFFFFFFFFFFFFFFFFFFFFFFFFFFFF8C
S3250801c5c0FFFFFFFFFFFFFFFFFFFFFFFFFFFFFFFFFFFFFFFFFFFFFFFFFFFFFFFFFFFFFFFF6C
S3250801c5e0FFFFFFFFFFFFFFFFFFFFFFFFFFFFFFFFFFFFFFFFFFFFFFFFFFFFFFFFFFFFFFFF4C
S3250801c600FFFFFFFFFFFFFFFFFFFFFFFFFFFFFFFFFFFFFFFFFFFFFFFFFFFFFFFFFFFFFFFF2B
S3250801c620FFFFFFFFFFFFFFFFFFFFFFFFFFFFFFFFFFFFFFFFFFFFFFFFFFFFFFFFFFFFFFFF0B
S3250801c640FFFFFFFFFFFFFFFFFFFFFFFFFFFFFFFFFFFFFFFFFFFFFFFFFFFFFFFFFFFFFFFFEB
S3250801c660FFFFFFFFFFFFFFFFFFFFFFFFFFFFFFFFFFFFFFFFFFFFFFFFFFFFFFFFFFFFFFFFCB
S3250801c680FFFFFFFFFFFFFFFFFFFFFFFFFFFFFFFFFFFFFFFFFFFFFFFFFFFFFFFFFFFFFFFFAB
S3250801c6a0FFFFFFFFFFFFFFFFFFFFFFFFFFFFFFFFFFFFFFFFFFFFFFFFFFFFFFFFFFFFFFFF8B
S3250801c6c0FFFFFFFFFFFFFFFFFFFFFFFFFFFFFFFFFFFFFFFFFFFFFFFFFFFFFFFFFFFFFFFF6B
S3250801c6e0FFFFFFFFFFFFFFFFFFFFFFFFFFFFFFFFFFFFFFFFFFFFFFFFFFFFFFFFFFFFFFFF4B
S3250801c700FFFFFFFFFFFFFFFFFFFFFFFFFFFFFFFFFFFFFFFFFFFFFFFFFFFFFFFFFFFFFFFF2A
S3250801c720FFFFFFFFFFFFFFFFFFFFFFFFFFFFFFFFFFFFFFFFFFFFFFFFFFFFFFFFFFFFFFFF0A
S3250801c740FFFFFFFFFFFFFFFFFFFFFFFFFFFFFFFFFFFFFFFFFFFFFFFFFFFFFFFFFFFFFFFFEA
S3250801c760FFFFFFFFFFFFFFFFFFFFFFFFFFFFFFFFFFFFFFFFFFFFFFFFFFFFFFFFFFFFFFFFCA
S3250801c780FFFFFFFFFFFFFFFFFFFFFFFFFFFFFFFFFFFFFFFFFFFFFFFFFFFFFFFFFFFFFFFFAA
S3250801c7a0FFFFFFFFFFFFFFFFFFFFFFFFFFFFFFFFFFFFFFFFFFFFFFFFFFFFFFFFFFFFFFFF8A
S3250801c7c0FFFFFFFFFFFFFFFFFFFFFFFFFFFFFFFFFFFFFFFFFFFFFFFFFFFFFFFFFFFFFFFF6A
S3250801c7e0FFFFFFFFFFFFFFFFFFFFFFFFFFFFFFFFFFFFFFFFFFFFFFFFFFFFFFFFFFFFFFFF4A
S3250801c800FFFFFFFFFFFFFFFFFFFFFFFFFFFFFFFFFFFFFFFFFFFFFFFFFFFFFFFFFFFFFFFF29
S3250801c820FFFFFFFFFFFFFFFFFFFFFFFFFFFFFFFFFFFFFFFFFFFFFFFFFFFFFFFFFFFFFFFF09
S3250801c840FFFFFFFFFFFFFFFFFFFFFFFFFFFFFFFFFFFFFFFFFFFFFFFFFFFFFFFFFFFFFFFFE9
S3250801c860FFFFFFFFFFFFFFFFFFFFFFFFFFFFFFFFFFFFFFFFFFFFFFFFFFFFFFFFFFFFFFFFC9
S3250801c880FFFFFFFFFFFFFFFFFFFFFFFFFFFFFFFFFFFFFFFFFFFFFFFFFFFFFFFFFFFFFFFFA9
S3250801c8a0FFFFFFFFFFFFFFFFFFFFFFFFFFFFFFFFFFFFFFFFFFFFFFFFFFFFFFFFFFFFFFFF89
S3250801c8c0FFFFFFFFFFFFFFFFFFFFFFFFFFFFFFFFFFFFFFFFFFFFFFFFFFFFFFFFFFFFFFFF69
S3250801c8e0FFFFFFFFFFFFFFFFFFFFFFFFFFFFFFFFFFFFFFFFFFFFFFFFFFFFFFFFFFFFFFFF49
S3250801c900FFFFFFFFFFFFFFFFFFFFFFFFFFFFFFFFFFFFFFFFFFFFFFFFFFFFFFFFFFFFFFFF28
S3250801c920FFFFFFFFFFFFFFFFFFFFFFFFFFFFFFFFFFFFFFFFFFFFFFFFFFFFFFFFFFFFFFFF08
S3250801c940FFFFFFFFFFFFFFFFFFFFFFFFFFFFFFFFFFFFFFFFFFFFFFFFFFFFFFFFFFFFFFFFE8
S3250801c960FFFFFFFFFFFFFFFFFFFFFFFFFFFFFFFFFFFFFFFFFFFFFFFFFFFFFFFFFFFFFFFFC8
S3250801c980FFFFFFFFFFFFFFFFFFFFFFFFFFFFFFFFFFFFFFFFFFFFFFFFFFFFFFFFFFFFFFFFA8
S3250801c9a0FFFFFFFFFFFFFFFFFFFFFFFFFFFFFFFFFFFFFFFFFFFFFFFFFFFFFFFFFFFFFFFF88
S3250801c9c0FFFFFFFFFFFFFFFFFFFFFFFFFFFFFFFFFFFFFFFFFFFFFFFFFFFFFFFFFFFFFFFF68
S3250801c9e0FFFFFFFFFFFFFFFFFFFFFFFFFFFFFFFFFFFFFFFFFFFFFFFFFFFFFFFFFFFFFFFF48
S3250801ca00FFFFFFFFFFFFFFFFFFFFFFFFFFFFFFFFFFFFFFFFFFFFFFFFFFFFFFFFFFFFFFFF27
S3250801ca20FFFFFFFFFFFFFFFFFFFFFFFFFFFFFFFFFFFFFFFFFFFFFFFFFFFFFFFFFFFFFFFF07
S3250801ca40FFFFFFFFFFFFFFFFFFFFFFFFFFFFFFFFFFFFFFFFFFFFFFFFFFFFFFFFFFFFFFFFE7
S3250801ca60FFFFFFFFFFFFFFFFFFFFFFFFFFFFFFFFFFFFFFFFFFFFFFFFFFFFFFFFFFFFFFFFC7
S3250801ca80FFFFFFFFFFFFFFFFFFFFFFFFFFFFFFFFFFFFFFFFFFFFFFFFFFFFFFFFFFFFFFFFA7
S3250801caa0FFFFFFFFFFFFFFFFFFFFFFFFFFFFFFFFFFFFFFFFFFFFFFFFFFFFFFFFFFFFFFFF87
S3250801cac0FFFFFFFFFFFFFFFFFFFFFFFFFFFFFFFFFFFFFFFFFFFFFFFFFFFFFFFFFFFFFFFF67
S3250801cae0FFFFFFFFFFFFFFFFFFFFFFFFFFFFFFFFFFFFFFFFFFFFFFFFFFFFFFFFFFFFFFFF47
S3250801cb00FFFFFFFFFFFFFFFFFFFFFFFFFFFFFFFFFFFFFFFFFFFFFFFFFFFFFFFFFFFFFFFF26
S3250801cb20FFFFFFFFFFFFFFFFFFFFFFFFFFFFFFFFFFFFFFFFFFFFFFFFFFFFFFFFFFFFFFFF06
S3250801cb40FFFFFFFFFFFFFFFFFFFFFFFFFFFFFFFFFFFFFFFFFFFFFFFFFFFFFFFFFFFFFFFFE6
S3250801cb60FFFFFFFFFFFFFFFFFFFFFFFFFFFFFFFFFFFFFFFFFFFFFFFFFFFFFFFFFFFFFFFFC6
S3250801cb80FFFFFFFFFFFFFFFFFFFFFFFFFFFFFFFFFFFFFFFFFFFFFFFFFFFFFFFFFFFFFFFFA6
S3250801cba0FFFFFFFFFFFFFFFFFFFFFFFFFFFFFFFFFFFFFFFFFFFFFFFFFFFFFFFFFFFFFFFF86
S3250801cbc0FFFFFFFFFFFFFFFFFFFFFFFFFFFFFFFFFFFFFFFFFFFFFFFFFFFFFFFFFFFFFFFF66
S3250801cbe0FFFFFFFFFFFFFFFFFFFFFFFFFFFFFFFFFFFFFFFFFFFFFFFFFFFFFFFFFFFFFFFF46
S3250801cc00FFFFFFFFFFFFFFFFFFFFFFFFFFFFFFFFFFFFFFFFFFFFFFFFFFFFFFFFFFFFFFFF25
S3250801cc20FFFFFFFFFFFFFFFFFFFFFFFFFFFFFFFFFFFFFFFFFFFFFFFFFFFFFFFFFFFFFFFF05
S3250801cc40FFFFFFFFFFFFFFFFFFFFFFFFFFFFFFFFFFFFFFFFFFFFFFFFFFFFFFFFFFFFFFFFE5
S3250801cc60FFFFFFFFFFFFFFFFFFFFFFFFFFFFFFFFFFFFFFFFFFFFFFFFFFFFFFFFFFFFFFFFC5
S3250801cc80FFFFFFFFFFFFFFFFFFFFFFFFFFFFFFFFFFFFFFFFFFFFFFFFFFFFFFFFFFFFFFFFA5
S3250801cca0FFFFFFFFFFFFFFFFFFFFFFFFFFFFFFFFFFFFFFFFFFFFFFFFFFFFFFFFFFFFFFFF85
S3250801ccc0FFFFFFFFFFFFFFFFFFFFFFFFFFFFFFFFFFFFFFFFFFFFFFFFFFFFFFFFFFFFFFFF65
S3250801cce0FFFFFFFFFFFFFFFFFFFFFFFFFFFFFFFFFFFFFFFFFFFFFFFFFFFFFFFFFFFFFFFF45
S3250801cd00FFFFFFFFFFFFFFFFFFFFFFFFFFFFFFFFFFFFFFFFFFFFFFFFFFFFFFFFFFFFFFFF24
S3250801cd20FFFFFFFFFFFFFFFFFFFFFFFFFFFFFFFFFFFFFFFFFFFFFFFFFFFFFFFFFFFFFFFF04
S3250801cd40FFFFFFFFFFFFFFFFFFFFFFFFFFFFFFFFFFFFFFFFFFFFFFFFFFFFFFFFFFFFFFFFE4
S3250801cd60FFFFFFFFFFFFFFFFFFFFFFFFFFFFFFFFFFFFFFFFFFFFFFFFFFFFFFFFFFFFFFFFC4
S3250801cd80FFFFFFFFFFFFFFFFFFFFFFFFFFFFFFFFFFFFFFFFFFFFFFFFFFFFFFFFFFFFFFFFA4
S3250801cda0FFFFFFFFFFFFFFFFFFFFFFFFFFFFFFFFFFFFFFFFFFFFFFFFFFFFFFFFFFFFFFFF84
S3250801cdc0FFFFFFFFFFFFFFFFFFFFFFFFFFFFFFFFFFFFFFFFFFFFFFFFFFFFFFFFFFFFFFFF64
S3250801cde0FFFFFFFFFFFFFFFFFFFFFFFFFFFFFFFFFFFFFFFFFFFFFFFFFFFFFFFFFFFFFFFF44
S3250801ce00FFFFFFFFFFFFFFFFFFFFFFFFFFFFFFFFFFFFFFFFFFFFFFFFFFFFFFFFFFFFFFFF23
S3250801ce20FFFFFFFFFFFFFFFFFFFFFFFFFFFFFFFFFFFFFFFFFFFFFFFFFFFFFFFFFFFFFFFF03
S3250801ce40FFFFFFFFFFFFFFFFFFFFFFFFFFFFFFFFFFFFFFFFFFFFFFFFFFFFFFFFFFFFFFFFE3
S3250801ce60FFFFFFFFFFFFFFFFFFFFFFFFFFFFFFFFFFFFFFFFFFFFFFFFFFFFFFFFFFFFFFFFC3
S3250801ce80FFFFFFFFFFFFFFFFFFFFFFFFFFFFFFFFFFFFFFFFFFFFFFFFFFFFFFFFFFFFFFFFA3
S3250801cea0FFFFFFFFFFFFFFFFFFFFFFFFFFFFFFFFFFFFFFFFFFFFFFFFFFFFFFFFFFFFFFFF83
S3250801cec0FFFFFFFFFFFFFFFFFFFFFFFFFFFFFFFFFFFFFFFFFFFFFFFFFFFFFFFFFFFFFFFF63
S3250801cee0FFFFFFFFFFFFFFFFFFFFFFFFFFFFFFFFFFFFFFFFFFFFFFFFFFFFFFFFFFFFFFFF43
S3250801cf00FFFFFFFFFFFFFFFFFFFFFFFFFFFFFFFFFFFFFFFFFFFFFFFFFFFFFFFFFFFFFFFF22
S3250801cf20FFFFFFFFFFFFFFFFFFFFFFFFFFFFFFFFFFFFFFFFFFFFFFFFFFFFFFFFFFFFFFFF02
S3250801cf40FFFFFFFFFFFFFFFFFFFFFFFFFFFFFFFFFFFFFFFFFFFFFFFFFFFFFFFFFFFFFFFFE2
S3250801cf60FFFFFFFFFFFFFFFFFFFFFFFFFFFFFFFFFFFFFFFFFFFFFFFFFFFFFFFFFFFFFFFFC2
S3250801cf80FFFFFFFFFFFFFFFFFFFFFFFFFFFFFFFFFFFFFFFFFFFFFFFFFFFFFFFFFFFFFFFFA2
S3250801cfa0FFFFFFFFFFFFFFFFFFFFFFFFFFFFFFFFFFFFFFFFFFFFFFFFFFFFFFFFFFFFFFFF82
S3250801cfc0FFFFFFFFFFFFFFFFFFFFFFFFFFFFFFFFFFFFFFFFFFFFFFFFFFFFFFFFFFFFFFFF62
S3250801cfe0FFFFFFFFFFFFFFFFFFFFFFFFFFFFFFFFFFFFFFFFFFFFFFFFFFFFFFFFFFFFFFFF42
S3250801d000FFFFFFFFFFFFFFFFFFFFFFFFFFFFFFFFFFFFFFFFFFFFFFFFFFFFFFFFFFFFFFFF21
S3250801d020FFFFFFFFFFFFFFFFFFFFFFFFFFFFFFFFFFFFFFFFFFFFFFFFFFFFFFFFFFFFFFFF01
S3250801d040FFFFFFFFFFFFFFFFFFFFFFFFFFFFFFFFFFFFFFFFFFFFFFFFFFFFFFFFFFFFFFFFE1
S3250801d060FFFFFFFFFFFFFFFFFFFFFFFFFFFFFFFFFFFFFFFFFFFFFFFFFFFFFFFFFFFFFFFFC1
S3250801d080FFFFFFFFFFFFFFFFFFFFFFFFFFFFFFFFFFFFFFFFFFFFFFFFFFFFFFFFFFFFFFFFA1
S3250801d0a0FFFFFFFFFFFFFFFFFFFFFFFFFFFFFFFFFFFFFFFFFFFFFFFFFFFFFFFFFFFFFFFF81
S3250801d0c0FFFFFFFFFFFFFFFFFFFFFFFFFFFFFFFFFFFFFFFFFFFFFFFFFFFFFFFFFFFFFFFF61
S3250801d0e0FFFFFFFFFFFFFFFFFFFFFFFFFFFFFFFFFFFFFFFFFFFFFFFFFFFFFFFFFFFFFFFF41
S3250801d100FFFFFFFFFFFFFFFFFFFFFFFFFFFFFFFFFFFFFFFFFFFFFFFFFFFFFFFFFFFFFFFF20
S3250801d120FFFFFFFFFFFFFFFFFFFFFFFFFFFFFFFFFFFFFFFFFFFFFFFFFFFFFFFFFFFFFFFF00
S3250801d140FFFFFFFFFFFFFFFFFFFFFFFFFFFFFFFFFFFFFFFFFFFFFFFFFFFFFFFFFFFFFFFFE0
S3250801d160FFFFFFFFFFFFFFFFFFFFFFFFFFFFFFFFFFFFFFFFFFFFFFFFFFFFFFFFFFFFFFFFC0
S3250801d180FFFFFFFFFFFFFFFFFFFFFFFFFFFFFFFFFFFFFFFFFFFFFFFFFFFFFFFFFFFFFFFFA0
S3250801d1a0FFFFFFFFFFFFFFFFFFFFFFFFFFFFFFFFFFFFFFFFFFFFFFFFFFFFFFFFFFFFFFFF80
S3250801d1c0FFFFFFFFFFFFFFFFFFFFFFFFFFFFFFFFFFFFFFFFFFFFFFFFFFFFFFFFFFFFFFFF60
S3250801d1e0FFFFFFFFFFFFFFFFFFFFFFFFFFFFFFFFFFFFFFFFFFFFFFFFFFFFFFFFFFFFFFFF40
S3250801d200FFFFFFFFFFFFFFFFFFFFFFFFFFFFFFFFFFFFFFFFFFFFFFFFFFFFFFFFFFFFFFFF1F
S3250801d220FFFFFFFFFFFFFFFFFFFFFFFFFFFFFFFFFFFFFFFFFFFFFFFFFFFFFFFFFFFFFFFFFF
S3250801d240FFFFFFFFFFFFFFFFFFFFFFFFFFFFFFFFFFFFFFFFFFFFFFFFFFFFFFFFFFFFFFFFDF
S3250801d260FFFFFFFFFFFFFFFFFFFFFFFFFFFFFFFFFFFFFFFFFFFFFFFFFFFFFFFFFFFFFFFFBF
S3250801d280FFFFFFFFFFFFFFFFFFFFFFFFFFFFFFFFFFFFFFFFFFFFFFFFFFFFFFFFFFFFFFFF9F
S3250801d2a0FFFFFFFFFFFFFFFFFFFFFFFFFFFFFFFFFFFFFFFFFFFFFFFFFFFFFFFFFFFFFFFF7F
S3250801d2c0FFFFFFFFFFFFFFFFFFFFFFFFFFFFFFFFFFFFFFFFFFFFFFFFFFFFFFFFFFFFFFFF5F
S3250801d2e0FFFFFFFFFFFFFFFFFFFFFFFFFFFFFFFFFFFFFFFFFFFFFFFFFFFFFFFFFFFFFFFF3F
S3250801d300FFFFFFFFFFFFFFFFFFFFFFFFFFFFFFFFFFFFFFFFFFFFFFFFFFFFFFFFFFFFFFFF1E
S3250801d320FFFFFFFFFFFFFFFFFFFFFFFFFFFFFFFFFFFFFFFFFFFFFFFFFFFFFFFFFFFFFFFFFE
S3250801d340FFFFFFFFFFFFFFFFFFFFFFFFFFFFFFFFFFFFFFFFFFFFFFFFFFFFFFFFFFFFFFFFDE
S3250801d360FFFFFFFFFFFFFFFFFFFFFFFFFFFFFFFFFFFFFFFFFFFFFFFFFFFFFFFFFFFFFFFFBE
S3250801d380FFFFFFFFFFFFFFFFFFFFFFFFFFFFFFFFFFFFFFFFFFFFFFFFFFFFFFFFFFFFFFFF9E
S3250801d3a0FFFFFFFFFFFFFFFFFFFFFFFFFFFFFFFFFFFFFFFFFFFFFFFFFFFFFFFFFFFFFFFF7E
S3250801d3c0FFFFFFFFFFFFFFFFFFFFFFFFFFFFFFFFFFFFFFFFFFFFFFFFFFFFFFFFFFFFFFFF5E
S3250801d3e0FFFFFFFFFFFFFFFFFFFFFFFFFFFFFFFFFFFFFFFFFFFFFFFFFFFFFFFFFFFFFFFF3E
S3250801d400FFFFFFFFFFFFFFFFFFFFFFFFFFFFFFFFFFFFFFFFFFFFFFFFFFFFFFFFFFFFFFFF1D
S3250801d420FFFFFFFFFFFFFFFFFFFFFFFFFFFFFFFFFFFFFFFFFFFFFFFFFFFFFFFFFFFFFFFFFD
S3250801d440FFFFFFFFFFFFFFFFFFFFFFFFFFFFFFFFFFFFFFFFFFFFFFFFFFFFFFFFFFFFFFFFDD
S3250801d460FFFFFFFFFFFFFFFFFFFFFFFFFFFFFFFFFFFFFFFFFFFFFFFFFFFFFFFFFFFFFFFFBD
S3250801d480FFFFFFFFFFFFFFFFFFFFFFFFFFFFFFFFFFFFFFFFFFFFFFFFFFFFFFFFFFFFFFFF9D
S3250801d4a0FFFFFFFFFFFFFFFFFFFFFFFFFFFFFFFFFFFFFFFFFFFFFFFFFFFFFFFFFFFFFFFF7D
S3250801d4c0FFFFFFFFFFFFFFFFFFFFFFFFFFFFFFFFFFFFFFFFFFFFFFFFFFFFFFFFFFFFFFFF5D
S3250801d4e0FFFFFFFFFFFFFFFFFFFFFFFFFFFFFFFFFFFFFFFFFFFFFFFFFFFFFFFFFFFFFFFF3D
S3250801d500FFFFFFFFFFFFFFFFFFFFFFFFFFFFFFFFFFFFFFFFFFFFFFFFFFFFFFFFFFFFFFFF1C
S3250801d520FFFFFFFFFFFFFFFFFFFFFFFFFFFFFFFFFFFFFFFFFFFFFFFFFFFFFFFFFFFFFFFFFC
S3250801d540FFFFFFFFFFFFFFFFFFFFFFFFFFFFFFFFFFFFFFFFFFFFFFFFFFFFFFFFFFFFFFFFDC
S3250801d560FFFFFFFFFFFFFFFFFFFFFFFFFFFFFFFFFFFFFFFFFFFFFFFFFFFFFFFFFFFFFFFFBC
S3250801d580FFFFFFFFFFFFFFFFFFFFFFFFFFFFFFFFFFFFFFFFFFFFFFFFFFFFFFFFFFFFFFFF9C
S3250801d5a0FFFFFFFFFFFFFFFFFFFFFFFFFFFFFFFFFFFFFFFFFFFFFFFFFFFFFFFFFFFFFFFF7C
S3250801d5c0FFFFFFFFFFFFFFFFFFFFFFFFFFFFFFFFFFFFFFFFFFFFFFFFFFFFFFFFFFFFFFFF5C
S3250801d5e0FFFFFFFFFFFFFFFFFFFFFFFFFFFFFFFFFFFFFFFFFFFFFFFFFFFFFFFFFFFFFFFF3C
S3250801d600FFFFFFFFFFFFFFFFFFFFFFFFFFFFFFFFFFFFFFFFFFFFFFFFFFFFFFFFFFFFFFFF1B
S3250801d620FFFFFFFFFFFFFFFFFFFFFFFFFFFFFFFFFFFFFFFFFFFFFFFFFFFFFFFFFFFFFFFFFB
S3250801d640FFFFFFFFFFFFFFFFFFFFFFFFFFFFFFFFFFFFFFFFFFFFFFFFFFFFFFFFFFFFFFFFDB
S3250801d660FFFFFFFFFFFFFFFFFFFFFFFFFFFFFFFFFFFFFFFFFFFFFFFFFFFFFFFFFFFFFFFFBB
S3250801d680FFFFFFFFFFFFFFFFFFFFFFFFFFFFFFFFFFFFFFFFFFFFFFFFFFFFFFFFFFFFFFFF9B
S3250801d6a0FFFFFFFFFFFFFFFFFFFFFFFFFFFFFFFFFFFFFFFFFFFFFFFFFFFFFFFFFFFFFFFF7B
S3250801d6c0FFFFFFFFFFFFFFFFFFFFFFFFFFFFFFFFFFFFFFFFFFFFFFFFFFFFFFFFFFFFFFFF5B
S3250801d6e0FFFFFFFFFFFFFFFFFFFFFFFFFFFFFFFFFFFFFFFFFFFFFFFFFFFFFFFFFFFFFFFF3B
S3250801d700FFFFFFFFFFFFFFFFFFFFFFFFFFFFFFFFFFFFFFFFFFFFFFFFFFFFFFFFFFFFFFFF1A
S3250801d720FFFFFFFFFFFFFFFFFFFFFFFFFFFFFFFFFFFFFFFFFFFFFFFFFFFFFFFFFFFFFFFFFA
S3250801d740FFFFFFFFFFFFFFFFFFFFFFFFFFFFFFFFFFFFFFFFFFFFFFFFFFFFFFFFFFFFFFFFDA
S3250801d760FFFFFFFFFFFFFFFFFFFFFFFFFFFFFFFFFFFFFFFFFFFFFFFFFFFFFFFFFFFFFFFFBA
S3250801d780FFFFFFFFFFFFFFFFFFFFFFFFFFFFFFFFFFFFFFFFFFFFFFFFFFFFFFFFFFFFFFFF9A
S3250801d7a0FFFFFFFFFFFFFFFFFFFFFFFFFFFFFFFFFFFFFFFFFFFFFFFFFFFFFFFFFFFFFFFF7A
S3250801d7c0FFFFFFFFFFFFFFFFFFFFFFFFFFFFFFFFFFFFFFFFFFFFFFFFFFFFFFFFFFFFFFFF5A
S3250801d7e0FFFFFFFFFFFFFFFFFFFFFFFFFFFFFFFFFFFFFFFFFFFFFFFFFFFFFFFFFFFFFFFF3A
S3250801d800FFFFFFFFFFFFFFFFFFFFFFFFFFFFFFFFFFFFFFFFFFFFFFFFFFFFFFFFFFFFFFFF19
S3250801d820FFFFFFFFFFFFFFFFFFFFFFFFFFFFFFFFFFFFFFFFFFFFFFFFFFFFFFFFFFFFFFFFF9
S3250801d840FFFFFFFFFFFFFFFFFFFFFFFFFFFFFFFFFFFFFFFFFFFFFFFFFFFFFFFFFFFFFFFFD9
S3250801d860FFFFFFFFFFFFFFFFFFFFFFFFFFFFFFFFFFFFFFFFFFFFFFFFFFFFFFFFFFFFFFFFB9
S3250801d880FFFFFFFFFFFFFFFFFFFFFFFFFFFFFFFFFFFFFFFFFFFFFFFFFFFFFFFFFFFFFFFF99
S3250801d8a0FFFFFFFFFFFFFFFFFFFFFFFFFFFFFFFFFFFFFFFFFFFFFFFFFFFFFFFFFFFFFFFF79
S3250801d8c0FFFFFFFFFFFFFFFFFFFFFFFFFFFFFFFFFFFFFFFFFFFFFFFFFFFFFFFFFFFFFFFF59
S3250801d8e0FFFFFFFFFFFFFFFFFFFFFFFFFFFFFFFFFFFFFFFFFFFFFFFFFFFFFFFFFFFFFFFF39
S3250801d900FFFFFFFFFFFFFFFFFFFFFFFFFFFFFFFFFFFFFFFFFFFFFFFFFFFFFFFFFFFFFFFF18
S3250801d920FFFFFFFFFFFFFFFFFFFFFFFFFFFFFFFFFFFFFFFFFFFFFFFFFFFFFFFFFFFFFFFFF8
S3250801d940FFFFFFFFFFFFFFFFFFFFFFFFFFFFFFFFFFFFFFFFFFFFFFFFFFFFFFFFFFFFFFFFD8
S3250801d960FFFFFFFFFFFFFFFFFFFFFFFFFFFFFFFFFFFFFFFFFFFFFFFFFFFFFFFFFFFFFFFFB8
S3250801d980FFFFFFFFFFFFFFFFFFFFFFFFFFFFFFFFFFFFFFFFFFFFFFFFFFFFFFFFFFFFFFFF98
S3250801d9a0FFFFFFFFFFFFFFFFFFFFFFFFFFFFFFFFFFFFFFFFFFFFFFFFFFFFFFFFFFFFFFFF78
S3250801d9c0FFFFFFFFFFFFFFFFFFFFFFFFFFFFFFFFFFFFFFFFFFFFFFFFFFFFFFFFFFFFFFFF58
S3250801d9e0FFFFFFFFFFFFFFFFFFFFFFFFFFFFFFFFFFFFFFFFFFFFFFFFFFFFFFFFFFFFFFFF38
S3250801da00FFFFFFFFFFFFFFFFFFFFFFFFFFFFFFFFFFFFFFFFFFFFFFFFFFFFFFFFFFFFFFFF17
S3250801da20FFFFFFFFFFFFFFFFFFFFFFFFFFFFFFFFFFFFFFFFFFFFFFFFFFFFFFFFFFFFFFFFF7
S3250801da40FFFFFFFFFFFFFFFFFFFFFFFFFFFFFFFFFFFFFFFFFFFFFFFFFFFFFFFFFFFFFFFFD7
S3250801da60FFFFFFFFFFFFFFFFFFFFFFFFFFFFFFFFFFFFFFFFFFFFFFFFFFFFFFFFFFFFFFFFB7
S3250801da80FFFFFFFFFFFFFFFFFFFFFFFFFFFFFFFFFFFFFFFFFFFFFFFFFFFFFFFFFFFFFFFF97
S3250801daa0FFFFFFFFFFFFFFFFFFFFFFFFFFFFFFFFFFFFFFFFFFFFFFFFFFFFFFFFFFFFFFFF77
S3250801dac0FFFFFFFFFFFFFFFFFFFFFFFFFFFFFFFFFFFFFFFFFFFFFFFFFFFFFFFFFFFFFFFF57
S3250801dae0FFFFFFFFFFFFFFFFFFFFFFFFFFFFFFFFFFFFFFFFFFFFFFFFFFFFFFFFFFFFFFFF37
S3250801db00FFFFFFFFFFFFFFFFFFFFFFFFFFFFFFFFFFFFFFFFFFFFFFFFFFFFFFFFFFFFFFFF16
S3250801db20FFFFFFFFFFFFFFFFFFFFFFFFFFFFFFFFFFFFFFFFFFFFFFFFFFFFFFFFFFFFFFFFF6
S3250801db40FFFFFFFFFFFFFFFFFFFFFFFFFFFFFFFFFFFFFFFFFFFFFFFFFFFFFFFFFFFFFFFFD6
S3250801db60FFFFFFFFFFFFFFFFFFFFFFFFFFFFFFFFFFFFFFFFFFFFFFFFFFFFFFFFFFFFFFFFB6
S3250801db80FFFFFFFFFFFFFFFFFFFFFFFFFFFFFFFFFFFFFFFFFFFFFFFFFFFFFFFFFFFFFFFF96
S3250801dba0FFFFFFFFFFFFFFFFFFFFFFFFFFFFFFFFFFFFFFFFFFFFFFFFFFFFFFFFFFFFFFFF76
S3250801dbc0FFFFFFFFFFFFFFFFFFFFFFFFFFFFFFFFFFFFFFFFFFFFFFFFFFFFFFFFFFFFFFFF56
S3250801dbe0FFFFFFFFFFFFFFFFFFFFFFFFFFFFFFFFFFFFFFFFFFFFFFFFFFFFFFFFFFFFFFFF36
S3250801dc00FFFFFFFFFFFFFFFFFFFFFFFFFFFFFFFFFFFFFFFFFFFFFFFFFFFFFFFFFFFFFFFF15
S3250801dc20FFFFFFFFFFFFFFFFFFFFFFFFFFFFFFFFFFFFFFFFFFFFFFFFFFFFFFFFFFFFFFFFF5
S3250801dc40FFFFFFFFFFFFFFFFFFFFFFFFFFFFFFFFFFFFFFFFFFFFFFFFFFFFFFFFFFFFFFFFD5
S3250801dc60FFFFFFFFFFFFFFFFFFFFFFFFFFFFFFFFFFFFFFFFFFFFFFFFFFFFFFFFFFFFFFFFB5
S3250801dc80FFFFFFFFFFFFFFFFFFFFFFFFFFFFFFFFFFFFFFFFFFFFFFFFFFFFFFFFFFFFFFFF95
S3250801dca0FFFFFFFFFFFFFFFFFFFFFFFFFFFFFFFFFFFFFFFFFFFFFFFFFFFFFFFFFFFFFFFF75
S3250801dcc0FFFFFFFFFFFFFFFFFFFFFFFFFFFFFFFFFFFFFFFFFFFFFFFFFFFFFFFFFFFFFFFF55
S3250801dce0FFFFFFFFFFFFFFFFFFFFFFFFFFFFFFFFFFFFFFFFFFFFFFFFFFFFFFFFFFFFFFFF35
S3250801dd00FFFFFFFFFFFFFFFFFFFFFFFFFFFFFFFFFFFFFFFFFFFFFFFFFFFFFFFFFFFFFFFF14
S3250801dd20FFFFFFFFFFFFFFFFFFFFFFFFFFFFFFFFFFFFFFFFFFFFFFFFFFFFFFFFFFFFFFFFF4
S3250801dd40FFFFFFFFFFFFFFFFFFFFFFFFFFFFFFFFFFFFFFFFFFFFFFFFFFFFFFFFFFFFFFFFD4
S3250801dd60FFFFFFFFFFFFFFFFFFFFFFFFFFFFFFFFFFFFFFFFFFFFFFFFFFFFFFFFFFFFFFFFB4
S3250801dd80FFFFFFFFFFFFFFFFFFFFFFFFFFFFFFFFFFFFFFFFFFFFFFFFFFFFFFFFFFFFFFFF94
S3250801dda0FFFFFFFFFFFFFFFFFFFFFFFFFFFFFFFFFFFFFFFFFFFFFFFFFFFFFFFFFFFFFFFF74
S3250801ddc0FFFFFFFFFFFFFFFFFFFFFFFFFFFFFFFFFFFFFFFFFFFFFFFFFFFFFFFFFFFFFFFF54
S3250801dde0FFFFFFFFFFFFFFFFFFFFFFFFFFFFFFFFFFFFFFFFFFFFFFFFFFFFFFFFFFFFFFFF34
S3250801de00FFFFFFFFFFFFFFFFFFFFFFFFFFFFFFFFFFFFFFFFFFFFFFFFFFFFFFFFFFFFFFFF13
S3250801de20FFFFFFFFFFFFFFFFFFFFFFFFFFFFFFFFFFFFFFFFFFFFFFFFFFFFFFFFFFFFFFFFF3
S3250801de40FFFFFFFFFFFFFFFFFFFFFFFFFFFFFFFFFFFFFFFFFFFFFFFFFFFFFFFFFFFFFFFFD3
S3250801de60FFFFFFFFFFFFFFFFFFFFFFFFFFFFFFFFFFFFFFFFFFFFFFFFFFFFFFFFFFFFFFFFB3
S3250801de80FFFFFFFFFFFFFFFFFFFFFFFFFFFFFFFFFFFFFFFFFFFFFFFFFFFFFFFFFFFFFFFF93
S3250801dea0FFFFFFFFFFFFFFFFFFFFFFFFFFFFFFFFFFFFFFFFFFFFFFFFFFFFFFFFFFFFFFFF73
S3250801dec0FFFFFFFFFFFFFFFFFFFFFFFFFFFFFFFFFFFFFFFFFFFFFFFFFFFFFFFFFFFFFFFF53
S3250801dee0FFFFFFFFFFFFFFFFFFFFFFFFFFFFFFFFFFFFFFFFFFFFFFFFFFFFFFFFFFFFFFFF33
S3250801df00FFFFFFFFFFFFFFFFFFFFFFFFFFFFFFFFFFFFFFFFFFFFFFFFFFFFFFFFFFFFFFFF12
S3250801df20FFFFFFFFFFFFFFFFFFFFFFFFFFFFFFFFFFFFFFFFFFFFFFFFFFFFFFFFFFFFFFFFF2
S3250801df40FFFFFFFFFFFFFFFFFFFFFFFFFFFFFFFFFFFFFFFFFFFFFFFFFFFFFFFFFFFFFFFFD2
S3250801df60FFFFFFFFFFFFFFFFFFFFFFFFFFFFFFFFFFFFFFFFFFFFFFFFFFFFFFFFFFFFFFFFB2
S3250801df80FFFFFFFFFFFFFFFFFFFFFFFFFFFFFFFFFFFFFFFFFFFFFFFFFFFFFFFFFFFFFFFF92
S3250801dfa0FFFFFFFFFFFFFFFFFFFFFFFFFFFFFFFFFFFFFFFFFFFFFFFFFFFFFFFFFFFFFFFF72
S3250801dfc0FFFFFFFFFFFFFFFFFFFFFFFFFFFFFFFFFFFFFFFFFFFFFFFFFFFFFFFFFFFFFFFF52
S3250801dfe0FFFFFFFFFFFFFFFFFFFFFFFFFFFFFFFFFFFFFFFFFFFFFFFFFFFFFFFFFFFFFFFF32
S3250801e000FFFFFFFFFFFFFFFFFFFFFFFFFFFFFFFFFFFFFFFFFFFFFFFFFFFFFFFFFFFFFFFF11
S3250801e020FFFFFFFFFFFFFFFFFFFFFFFFFFFFFFFFFFFFFFFFFFFFFFFFFFFFFFFFFFFFFFFFF1
S3250801e040FFFFFFFFFFFFFFFFFFFFFFFFFFFFFFFFFFFFFFFFFFFFFFFFFFFFFFFFFFFFFFFFD1
S3250801e060FFFFFFFFFFFFFFFFFFFFFFFFFFFFFFFFFFFFFFFFFFFFFFFFFFFFFFFFFFFFFFFFB1
S3250801e080FFFFFFFFFFFFFFFFFFFFFFFFFFFFFFFFFFFFFFFFFFFFFFFFFFFFFFFFFFFFFFFF91
S3250801e0a0FFFFFFFFFFFFFFFFFFFFFFFFFFFFFFFFFFFFFFFFFFFFFFFFFFFFFFFFFFFFFFFF71
S3250801e0c0FFFFFFFFFFFFFFFFFFFFFFFFFFFFFFFFFFFFFFFFFFFFFFFFFFFFFFFFFFFFFFFF51
S3250801e0e0FFFFFFFFFFFFFFFFFFFFFFFFFFFFFFFFFFFFFFFFFFFFFFFFFFFFFFFFFFFFFFFF31
S3250801e100FFFFFFFFFFFFFFFFFFFFFFFFFFFFFFFFFFFFFFFFFFFFFFFFFFFFFFFFFFFFFFFF10
S3250801e120FFFFFFFFFFFFFFFFFFFFFFFFFFFFFFFFFFFFFFFFFFFFFFFFFFFFFFFFFFFFFFFFF0
S3250801e140FFFFFFFFFFFFFFFFFFFFFFFFFFFFFFFFFFFFFFFFFFFFFFFFFFFFFFFFFFFFFFFFD0
S3250801e160FFFFFFFFFFFFFFFFFFFFFFFFFFFFFFFFFFFFFFFFFFFFFFFFFFFFFFFFFFFFFFFFB0
S3250801e180FFFFFFFFFFFFFFFFFFFFFFFFFFFFFFFFFFFFFFFFFFFFFFFFFFFFFFFFFFFFFFFF90
S3250801e1a0FFFFFFFFFFFFFFFFFFFFFFFFFFFFFFFFFFFFFFFFFFFFFFFFFFFFFFFFFFFFFFFF70
S3250801e1c0FFFFFFFFFFFFFFFFFFFFFFFFFFFFFFFFFFFFFFFFFFFFFFFFFFFFFFFFFFFFFFFF50
S3250801e1e0FFFFFFFFFFFFFFFFFFFFFFFFFFFFFFFFFFFFFFFFFFFFFFFFFFFFFFFFFFFFFFFF30
S3250801e200FFFFFFFFFFFFFFFFFFFFFFFFFFFFFFFFFFFFFFFFFFFFFFFFFFFFFFFFFFFFFFFF0F
S3250801e220FFFFFFFFFFFFFFFFFFFFFFFFFFFFFFFFFFFFFFFFFFFFFFFFFFFFFFFFFFFFFFFFEF
S3250801e240FFFFFFFFFFFFFFFFFFFFFFFFFFFFFFFFFFFFFFFFFFFFFFFFFFFFFFFFFFFFFFFFCF
S3250801e260FFFFFFFFFFFFFFFFFFFFFFFFFFFFFFFFFFFFFFFFFFFFFFFFFFFFFFFFFFFFFFFFAF
S3250801e280FFFFFFFFFFFFFFFFFFFFFFFFFFFFFFFFFFFFFFFFFFFFFFFFFFFFFFFFFFFFFFFF8F
S3250801e2a0FFFFFFFFFFFFFFFFFFFFFFFFFFFFFFFFFFFFFFFFFFFFFFFFFFFFFFFFFFFFFFFF6F
S3250801e2c0FFFFFFFFFFFFFFFFFFFFFFFFFFFFFFFFFFFFFFFFFFFFFFFFFFFFFFFFFFFFFFFF4F
S3250801e2e0FFFFFFFFFFFFFFFFFFFFFFFFFFFFFFFFFFFFFFFFFFFFFFFFFFFFFFFFFFFFFFFF2F
S3250801e300FFFFFFFFFFFFFFFFFFFFFFFFFFFFFFFFFFFFFFFFFFFFFFFFFFFFFFFFFFFFFFFF0E
S3250801e320FFFFFFFFFFFFFFFFFFFFFFFFFFFFFFFFFFFFFFFFFFFFFFFFFFFFFFFFFFFFFFFFEE
S3250801e340FFFFFFFFFFFFFFFFFFFFFFFFFFFFFFFFFFFFFFFFFFFFFFFFFFFFFFFFFFFFFFFFCE
S3250801e360FFFFFFFFFFFFFFFFFFFFFFFFFFFFFFFFFFFFFFFFFFFFFFFFFFFFFFFFFFFFFFFFAE
S3250801e380FFFFFFFFFFFFFFFFFFFFFFFFFFFFFFFFFFFFFFFFFFFFFFFFFFFFFFFFFFFFFFFF8E
S3250801e3a0FFFFFFFFFFFFFFFFFFFFFFFFFFFFFFFFFFFFFFFFFFFFFFFFFFFFFFFFFFFFFFFF6E
S3250801e3c0FFFFFFFFFFFFFFFFFFFFFFFFFFFFFFFFFFFFFFFFFFFFFFFFFFFFFFFFFFFFFFFF4E
S3250801e3e0FFFFFFFFFFFFFFFFFFFFFFFFFFFFFFFFFFFFFFFFFFFFFFFFFFFFFFFFFFFFFFFF2E
S3250801e400FFFFFFFFFFFFFFFFFFFFFFFFFFFFFFFFFFFFFFFFFFFFFFFFFFFFFFFFFFFFFFFF0D
S3250801e420FFFFFFFFFFFFFFFFFFFFFFFFFFFFFFFFFFFFFFFFFFFFFFFFFFFFFFFFFFFFFFFFED
S3250801e440FFFFFFFFFFFFFFFFFFFFFFFFFFFFFFFFFFFFFFFFFFFFFFFFFFFFFFFFFFFFFFFFCD
S3250801e460FFFFFFFFFFFFFFFFFFFFFFFFFFFFFFFFFFFFFFFFFFFFFFFFFFFFFFFFFFFFFFFFAD
S3250801e480FFFFFFFFFFFFFFFFFFFFFFFFFFFFFFFFFFFFFFFFFFFFFFFFFFFFFFFFFFFFFFFF8D
S3250801e4a0FFFFFFFFFFFFFFFFFFFFFFFFFFFFFFFFFFFFFFFFFFFFFFFFFFFFFFFFFFFFFFFF6D
S3250801e4c0FFFFFFFFFFFFFFFFFFFFFFFFFFFFFFFFFFFFFFFFFFFFFFFFFFFFFFFFFFFFFFFF4D
S3250801e4e0FFFFFFFFFFFFFFFFFFFFFFFFFFFFFFFFFFFFFFFFFFFFFFFFFFFFFFFFFFFFFFFF2D
S3250801e500FFFFFFFFFFFFFFFFFFFFFFFFFFFFFFFFFFFFFFFFFFFFFFFFFFFFFFFFFFFFFFFF0C
S3250801e520FFFFFFFFFFFFFFFFFFFFFFFFFFFFFFFFFFFFFFFFFFFFFFFFFFFFFFFFFFFFFFFFEC
S3250801e540FFFFFFFFFFFFFFFFFFFFFFFFFFFFFFFFFFFFFFFFFFFFFFFFFFFFFFFFFFFFFFFFCC
S3250801e560FFFFFFFFFFFFFFFFFFFFFFFFFFFFFFFFFFFFFFFFFFFFFFFFFFFFFFFFFFFFFFFFAC
S3250801e580FFFFFFFFFFFFFFFFFFFFFFFFFFFFFFFFFFFFFFFFFFFFFFFFFFFFFFFFFFFFFFFF8C
S3250801e5a0FFFFFFFFFFFFFFFFFFFFFFFFFFFFFFFFFFFFFFFFFFFFFFFFFFFFFFFFFFFFFFFF6C
S3250801e5c0FFFFFFFFFFFFFFFFFFFFFFFFFFFFFFFFFFFFFFFFFFFFFFFFFFFFFFFFFFFFFFFF4C
S3250801e5e0FFFFFFFFFFFFFFFFFFFFFFFFFFFFFFFFFFFFFFFFFFFFFFFFFFFFFFFFFFFFFFFF2C
S3250801e600FFFFFFFFFFFFFFFFFFFFFFFFFFFFFFFFFFFFFFFFFFFFFFFFFFFFFFFFFFFFFFFF0B
S3250801e620FFFFFFFFFFFFFFFFFFFFFFFFFFFFFFFFFFFFFFFFFFFFFFFFFFFFFFFFFFFFFFFFEB
S3250801e640FFFFFFFFFFFFFFFFFFFFFFFFFFFFFFFFFFFFFFFFFFFFFFFFFFFFFFFFFFFFFFFFCB
S3250801e660FFFFFFFFFFFFFFFFFFFFFFFFFFFFFFFFFFFFFFFFFFFFFFFFFFFFFFFFFFFFFFFFAB
S3250801e680FFFFFFFFFFFFFFFFFFFFFFFFFFFFFFFFFFFFFFFFFFFFFFFFFFFFFFFFFFFFFFFF8B
S3250801e6a0FFFFFFFFFFFFFFFFFFFFFFFFFFFFFFFFFFFFFFFFFFFFFFFFFFFFFFFFFFFFFFFF6B
S3250801e6c0FFFFFFFFFFFFFFFFFFFFFFFFFFFFFFFFFFFFFFFFFFFFFFFFFFFFFFFFFFFFFFFF4B
S3250801e6e0FFFFFFFFFFFFFFFFFFFFFFFFFFFFFFFFFFFFFFFFFFFFFFFFFFFFFFFFFFFFFFFF2B
S3250801e700FFFFFFFFFFFFFFFFFFFFFFFFFFFFFFFFFFFFFFFFFFFFFFFFFFFFFFFFFFFFFFFF0A
S3250801e720FFFFFFFFFFFFFFFFFFFFFFFFFFFFFFFFFFFFFFFFFFFFFFFFFFFFFFFFFFFFFFFFEA
S3250801e740FFFFFFFFFFFFFFFFFFFFFFFFFFFFFFFFFFFFFFFFFFFFFFFFFFFFFFFFFFFFFFFFCA
S3250801e760FFFFFFFFFFFFFFFFFFFFFFFFFFFFFFFFFFFFFFFFFFFFFFFFFFFFFFFFFFFFFFFFAA
S3250801e780FFFFFFFFFFFFFFFFFFFFFFFFFFFFFFFFFFFFFFFFFFFFFFFFFFFFFFFFFFFFFFFF8A
S3250801e7a0FFFFFFFFFFFFFFFFFFFFFFFFFFFFFFFFFFFFFFFFFFFFFFFFFFFFFFFFFFFFFFFF6A
S3250801e7c0FFFFFFFFFFFFFFFFFFFFFFFFFFFFFFFFFFFFFFFFFFFFFFFFFFFFFFFFFFFFFFFF4A
S3250801e7e0FFFFFFFFFFFFFFFFFFFFFFFFFFFFFFFFFFFFFFFFFFFFFFFFFFFFFFFFFFFFFFFF2A
S3250801e800FFFFFFFFFFFFFFFFFFFFFFFFFFFFFFFFFFFFFFFFFFFFFFFFFFFFFFFFFFFFFFFF09
S3250801e820FFFFFFFFFFFFFFFFFFFFFFFFFFFFFFFFFFFFFFFFFFFFFFFFFFFFFFFFFFFFFFFFE9
S3250801e840FFFFFFFFFFFFFFFFFFFFFFFFFFFFFFFFFFFFFFFFFFFFFFFFFFFFFFFFFFFFFFFFC9
S3250801e860FFFFFFFFFFFFFFFFFFFFFFFFFFFFFFFFFFFFFFFFFFFFFFFFFFFFFFFFFFFFFFFFA9
S3250801e880FFFFFFFFFFFFFFFFFFFFFFFFFFFFFFFFFFFFFFFFFFFFFFFFFFFFFFFFFFFFFFFF89
S3250801e8a0FFFFFFFFFFFFFFFFFFFFFFFFFFFFFFFFFFFFFFFFFFFFFFFFFFFFFFFFFFFFFFFF69
S3250801e8c0FFFFFFFFFFFFFFFFFFFFFFFFFFFFFFFFFFFFFFFFFFFFFFFFFFFFFFFFFFFFFFFF49
S3250801e8e0FFFFFFFFFFFFFFFFFFFFFFFFFFFFFFFFFFFFFFFFFFFFFFFFFFFFFFFFFFFFFFFF29
S3250801e900FFFFFFFFFFFFFFFFFFFFFFFFFFFFFFFFFFFFFFFFFFFFFFFFFFFFFFFFFFFFFFFF08
S3250801e920FFFFFFFFFFFFFFFFFFFFFFFFFFFFFFFFFFFFFFFFFFFFFFFFFFFFFFFFFFFFFFFFE8
S3250801e940FFFFFFFFFFFFFFFFFFFFFFFFFFFFFFFFFFFFFFFFFFFFFFFFFFFFFFFFFFFFFFFFC8
S3250801e960FFFFFFFFFFFFFFFFFFFFFFFFFFFFFFFFFFFFFFFFFFFFFFFFFFFFFFFFFFFFFFFFA8
S3250801e980FFFFFFFFFFFFFFFFFFFFFFFFFFFFFFFFFFFFFFFFFFFFFFFFFFFFFFFFFFFFFFFF88
S3250801e9a0FFFFFFFFFFFFFFFFFFFFFFFFFFFFFFFFFFFFFFFFFFFFFFFFFFFFFFFFFFFFFFFF68
S3250801e9c0FFFFFFFFFFFFFFFFFFFFFFFFFFFFFFFFFFFFFFFFFFFFFFFFFFFFFFFFFFFFFFFF48
S3250801e9e0FFFFFFFFFFFFFFFFFFFFFFFFFFFFFFFFFFFFFFFFFFFFFFFFFFFFFFFFFFFFFFFF28
S3250801ea00FFFFFFFFFFFFFFFFFFFFFFFFFFFFFFFFFFFFFFFFFFFFFFFFFFFFFFFFFFFFFFFF07
S3250801ea20FFFFFFFFFFFFFFFFFFFFFFFFFFFFFFFFFFFFFFFFFFFFFFFFFFFFFFFFFFFFFFFFE7
S3250801ea40FFFFFFFFFFFFFFFFFFFFFFFFFFFFFFFFFFFFFFFFFFFFFFFFFFFFFFFFFFFFFFFFC7
S3250801ea60FFFFFFFFFFFFFFFFFFFFFFFFFFFFFFFFFFFFFFFFFFFFFFFFFFFFFFFFFFFFFFFFA7
S3250801ea80FFFFFFFFFFFFFFFFFFFFFFFFFFFFFFFFFFFFFFFFFFFFFFFFFFFFFFFFFFFFFFFF87
S3250801eaa0FFFFFFFFFFFFFFFFFFFFFFFFFFFFFFFFFFFFFFFFFFFFFFFFFFFFFFFFFFFFFFFF67
S3250801eac0FFFFFFFFFFFFFFFFFFFFFFFFFFFFFFFFFFFFFFFFFFFFFFFFFFFFFFFFFFFFFFFF47
S3250801eae0FFFFFFFFFFFFFFFFFFFFFFFFFFFFFFFFFFFFFFFFFFFFFFFFFFFFFFFFFFFFFFFF27
S3250801eb00FFFFFFFFFFFFFFFFFFFFFFFFFFFFFFFFFFFFFFFFFFFFFFFFFFFFFFFFFFFFFFFF06
S3250801eb20FFFFFFFFFFFFFFFFFFFFFFFFFFFFFFFFFFFFFFFFFFFFFFFFFFFFFFFFFFFFFFFFE6
S3250801eb40FFFFFFFFFFFFFFFFFFFFFFFFFFFFFFFFFFFFFFFFFFFFFFFFFFFFFFFFFFFFFFFFC6
S3250801eb60FFFFFFFFFFFFFFFFFFFFFFFFFFFFFFFFFFFFFFFFFFFFFFFFFFFFFFFFFFFFFFFFA6
S3250801eb80FFFFFFFFFFFFFFFFFFFFFFFFFFFFFFFFFFFFFFFFFFFFFFFFFFFFFFFFFFFFFFFF86
S3250801eba0FFFFFFFFFFFFFFFFFFFFFFFFFFFFFFFFFFFFFFFFFFFFFFFFFFFFFFFFFFFFFFFF66
S3250801ebc0FFFFFFFFFFFFFFFFFFFFFFFFFFFFFFFFFFFFFFFFFFFFFFFFFFFFFFFFFFFFFFFF46
S3250801ebe0FFFFFFFFFFFFFFFFFFFFFFFFFFFFFFFFFFFFFFFFFFFFFFFFFFFFFFFFFFFFFFFF26
S3250801ec00FFFFFFFFFFFFFFFFFFFFFFFFFFFFFFFFFFFFFFFFFFFFFFFFFFFFFFFFFFFFFFFF05
S3250801ec20FFFFFFFFFFFFFFFFFFFFFFFFFFFFFFFFFFFFFFFFFFFFFFFFFFFFFFFFFFFFFFFFE5
S3250801ec40FFFFFFFFFFFFFFFFFFFFFFFFFFFFFFFFFFFFFFFFFFFFFFFFFFFFFFFFFFFFFFFFC5
S3250801ec60FFFFFFFFFFFFFFFFFFFFFFFFFFFFFFFFFFFFFFFFFFFFFFFFFFFFFFFFFFFFFFFFA5
S3250801ec80FFFFFFFFFFFFFFFFFFFFFFFFFFFFFFFFFFFFFFFFFFFFFFFFFFFFFFFFFFFFFFFF85
S3250801eca0FFFFFFFFFFFFFFFFFFFFFFFFFFFFFFFFFFFFFFFFFFFFFFFFFFFFFFFFFFFFFFFF65
S3250801ecc0FFFFFFFFFFFFFFFFFFFFFFFFFFFFFFFFFFFFFFFFFFFFFFFFFFFFFFFFFFFFFFFF45
S3250801ece0FFFFFFFFFFFFFFFFFFFFFFFFFFFFFFFFFFFFFFFFFFFFFFFFFFFFFFFFFFFFFFFF25
S3250801ed00FFFFFFFFFFFFFFFFFFFFFFFFFFFFFFFFFFFFFFFFFFFFFFFFFFFFFFFFFFFFFFFF04
S3250801ed20FFFFFFFFFFFFFFFFFFFFFFFFFFFFFFFFFFFFFFFFFFFFFFFFFFFFFFFFFFFFFFFFE4
S3250801ed40FFFFFFFFFFFFFFFFFFFFFFFFFFFFFFFFFFFFFFFFFFFFFFFFFFFFFFFFFFFFFFFFC4
S3250801ed60FFFFFFFFFFFFFFFFFFFFFFFFFFFFFFFFFFFFFFFFFFFFFFFFFFFFFFFFFFFFFFFFA4
S3250801ed80FFFFFFFFFFFFFFFFFFFFFFFFFFFFFFFFFFFFFFFFFFFFFFFFFFFFFFFFFFFFFFFF84
S3250801eda0FFFFFFFFFFFFFFFFFFFFFFFFFFFFFFFFFFFFFFFFFFFFFFFFFFFFFFFFFFFFFFFF64
S3250801edc0FFFFFFFFFFFFFFFFFFFFFFFFFFFFFFFFFFFFFFFFFFFFFFFFFFFFFFFFFFFFFFFF44
S3250801ede0FFFFFFFFFFFFFFFFFFFFFFFFFFFFFFFFFFFFFFFFFFFFFFFFFFFFFFFFFFFFFFFF24
S3250801ee00FFFFFFFFFFFFFFFFFFFFFFFFFFFFFFFFFFFFFFFFFFFFFFFFFFFFFFFFFFFFFFFF03
S3250801ee20FFFFFFFFFFFFFFFFFFFFFFFFFFFFFFFFFFFFFFFFFFFFFFFFFFFFFFFFFFFFFFFFE3
S3250801ee40FFFFFFFFFFFFFFFFFFFFFFFFFFFFFFFFFFFFFFFFFFFFFFFFFFFFFFFFFFFFFFFFC3
S3250801ee60FFFFFFFFFFFFFFFFFFFFFFFFFFFFFFFFFFFFFFFFFFFFFFFFFFFFFFFFFFFFFFFFA3
S3250801ee80FFFFFFFFFFFFFFFFFFFFFFFFFFFFFFFFFFFFFFFFFFFFFFFFFFFFFFFFFFFFFFFF83
S3250801eea0FFFFFFFFFFFFFFFFFFFFFFFFFFFFFFFFFFFFFFFFFFFFFFFFFFFFFFFFFFFFFFFF63
S3250801eec0FFFFFFFFFFFFFFFFFFFFFFFFFFFFFFFFFFFFFFFFFFFFFFFFFFFFFFFFFFFFFFFF43
S3250801eee0FFFFFFFFFFFFFFFFFFFFFFFFFFFFFFFFFFFFFFFFFFFFFFFFFFFFFFFFFFFFFFFF23
S3250801ef00FFFFFFFFFFFFFFFFFFFFFFFFFFFFFFFFFFFFFFFFFFFFFFFFFFFFFFFFFFFFFFFF02
S3250801ef20FFFFFFFFFFFFFFFFFFFFFFFFFFFFFFFFFFFFFFFFFFFFFFFFFFFFFFFFFFFFFFFFE2
S3250801ef40FFFFFFFFFFFFFFFFFFFFFFFFFFFFFFFFFFFFFFFFFFFFFFFFFFFFFFFFFFFFFFFFC2
S3250801ef60FFFFFFFFFFFFFFFFFFFFFFFFFFFFFFFFFFFFFFFFFFFFFFFFFFFFFFFFFFFFFFFFA2
S3250801ef80FFFFFFFFFFFFFFFFFFFFFFFFFFFFFFFFFFFFFFFFFFFFFFFFFFFFFFFFFFFFFFFF82
S3250801efa0FFFFFFFFFFFFFFFFFFFFFFFFFFFFFFFFFFFFFFFFFFFFFFFFFFFFFFFFFFFFFFFF62
S3250801efc0FFFFFFFFFFFFFFFFFFFFFFFFFFFFFFFFFFFFFFFFFFFFFFFFFFFFFFFFFFFFFFFF42
S3250801efe0FFFFFFFFFFFFFFFFFFFFFFFFFFFFFFFFFFFFFFFFFFFFFFFFFFFFFFFFFFFFFFFF22
S3250801f000FFFFFFFFFFFFFFFFFFFFFFFFFFFFFFFFFFFFFFFFFFFFFFFFFFFFFFFFFFFFFFFF01
S3250801f020FFFFFFFFFFFFFFFFFFFFFFFFFFFFFFFFFFFFFFFFFFFFFFFFFFFFFFFFFFFFFFFFE1
S3250801f040FFFFFFFFFFFFFFFFFFFFFFFFFFFFFFFFFFFFFFFFFFFFFFFFFFFFFFFFFFFFFFFFC1
S3250801f060FFFFFFFFFFFFFFFFFFFFFFFFFFFFFFFFFFFFFFFFFFFFFFFFFFFFFFFFFFFFFFFFA1
S3250801f080FFFFFFFFFFFFFFFFFFFFFFFFFFFFFFFFFFFFFFFFFFFFFFFFFFFFFFFFFFFFFFFF81
S3250801f0a0FFFFFFFFFFFFFFFFFFFFFFFFFFFFFFFFFFFFFFFFFFFFFFFFFFFFFFFFFFFFFFFF61
S3250801f0c0FFFFFFFFFFFFFFFFFFFFFFFFFFFFFFFFFFFFFFFFFFFFFFFFFFFFFFFFFFFFFFFF41
S3250801f0e0FFFFFFFFFFFFFFFFFFFFFFFFFFFFFFFFFFFFFFFFFFFFFFFFFFFFFFFFFFFFFFFF21
S3250801f100FFFFFFFFFFFFFFFFFFFFFFFFFFFFFFFFFFFFFFFFFFFFFFFFFFFFFFFFFFFFFFFF00
S3250801f120FFFFFFFFFFFFFFFFFFFFFFFFFFFFFFFFFFFFFFFFFFFFFFFFFFFFFFFFFFFFFFFFE0
S3250801f140FFFFFFFFFFFFFFFFFFFFFFFFFFFFFFFFFFFFFFFFFFFFFFFFFFFFFFFFFFFFFFFFC0
S3250801f160FFFFFFFFFFFFFFFFFFFFFFFFFFFFFFFFFFFFFFFFFFFFFFFFFFFFFFFFFFFFFFFFA0
S3250801f180FFFFFFFFFFFFFFFFFFFFFFFFFFFFFFFFFFFFFFFFFFFFFFFFFFFFFFFFFFFFFFFF80
S3250801f1a0FFFFFFFFFFFFFFFFFFFFFFFFFFFFFFFFFFFFFFFFFFFFFFFFFFFFFFFFFFFFFFFF60
S3250801f1c0FFFFFFFFFFFFFFFFFFFFFFFFFFFFFFFFFFFFFFFFFFFFFFFFFFFFFFFFFFFFFFFF40
S3250801f1e0FFFFFFFFFFFFFFFFFFFFFFFFFFFFFFFFFFFFFFFFFFFFFFFFFFFFFFFFFFFFFFFF20
S3250801f200FFFFFFFFFFFFFFFFFFFFFFFFFFFFFFFFFFFFFFFFFFFFFFFFFFFFFFFFFFFFFFFFFF
S3250801f220FFFFFFFFFFFFFFFFFFFFFFFFFFFFFFFFFFFFFFFFFFFFFFFFFFFFFFFFFFFFFFFFDF
S3250801f240FFFFFFFFFFFFFFFFFFFFFFFFFFFFFFFFFFFFFFFFFFFFFFFFFFFFFFFFFFFFFFFFBF
S3250801f260FFFFFFFFFFFFFFFFFFFFFFFFFFFFFFFFFFFFFFFFFFFFFFFFFFFFFFFFFFFFFFFF9F
S3250801f280FFFFFFFFFFFFFFFFFFFFFFFFFFFFFFFFFFFFFFFFFFFFFFFFFFFFFFFFFFFFFFFF7F
S3250801f2a0FFFFFFFFFFFFFFFFFFFFFFFFFFFFFFFFFFFFFFFFFFFFFFFFFFFFFFFFFFFFFFFF5F
S3250801f2c0FFFFFFFFFFFFFFFFFFFFFFFFFFFFFFFFFFFFFFFFFFFFFFFFFFFFFFFFFFFFFFFF3F
S3250801f2e0FFFFFFFFFFFFFFFFFFFFFFFFFFFFFFFFFFFFFFFFFFFFFFFFFFFFFFFFFFFFFFFF1F
S3250801f300FFFFFFFFFFFFFFFFFFFFFFFFFFFFFFFFFFFFFFFFFFFFFFFFFFFFFFFFFFFFFFFFFE
S3250801f320FFFFFFFFFFFFFFFFFFFFFFFFFFFFFFFFFFFFFFFFFFFFFFFFFFFFFFFFFFFFFFFFDE
S3250801f340FFFFFFFFFFFFFFFFFFFFFFFFFFFFFFFFFFFFFFFFFFFFFFFFFFFFFFFFFFFFFFFFBE
S3250801f360FFFFFFFFFFFFFFFFFFFFFFFFFFFFFFFFFFFFFFFFFFFFFFFFFFFFFFFFFFFFFFFF9E
S3250801f380FFFFFFFFFFFFFFFFFFFFFFFFFFFFFFFFFFFFFFFFFFFFFFFFFFFFFFFFFFFFFFFF7E
S3250801f3a0FFFFFFFFFFFFFFFFFFFFFFFFFFFFFFFFFFFFFFFFFFFFFFFFFFFFFFFFFFFFFFFF5E
S3250801f3c0FFFFFFFFFFFFFFFFFFFFFFFFFFFFFFFFFFFFFFFFFFFFFFFFFFFFFFFFFFFFFFFF3E
S3250801f3e0FFFFFFFFFFFFFFFFFFFFFFFFFFFFFFFFFFFFFFFFFFFFFFFFFFFFFFFFFFFFFFFF1E
S3250801f400FFFFFFFFFFFFFFFFFFFFFFFFFFFFFFFFFFFFFFFFFFFFFFFFFFFFFFFFFFFFFFFFFD
S3250801f420FFFFFFFFFFFFFFFFFFFFFFFFFFFFFFFFFFFFFFFFFFFFFFFFFFFFFFFFFFFFFFFFDD
S3250801f440FFFFFFFFFFFFFFFFFFFFFFFFFFFFFFFFFFFFFFFFFFFFFFFFFFFFFFFFFFFFFFFFBD
S3250801f460FFFFFFFFFFFFFFFFFFFFFFFFFFFFFFFFFFFFFFFFFFFFFFFFFFFFFFFFFFFFFFFF9D
S3250801f480FFFFFFFFFFFFFFFFFFFFFFFFFFFFFFFFFFFFFFFFFFFFFFFFFFFFFFFFFFFFFFFF7D
S3250801f4a0FFFFFFFFFFFFFFFFFFFFFFFFFFFFFFFFFFFFFFFFFFFFFFFFFFFFFFFFFFFFFFFF5D
S3250801f4c0FFFFFFFFFFFFFFFFFFFFFFFFFFFFFFFFFFFFFFFFFFFFFFFFFFFFFFFFFFFFFFFF3D
S3250801f4e0FFFFFFFFFFFFFFFFFFFFFFFFFFFFFFFFFFFFFFFFFFFFFFFFFFFFFFFFFFFFFFFF1D
S3250801f500FFFFFFFFFFFFFFFFFFFFFFFFFFFFFFFFFFFFFFFFFFFFFFFFFFFFFFFFFFFFFFFFFC
S3250801f520FFFFFFFFFFFFFFFFFFFFFFFFFFFFFFFFFFFFFFFFFFFFFFFFFFFFFFFFFFFFFFFFDC
S3250801f540FFFFFFFFFFFFFFFFFFFFFFFFFFFFFFFFFFFFFFFFFFFFFFFFFFFFFFFFFFFFFFFFBC
S3250801f560FFFFFFFFFFFFFFFFFFFFFFFFFFFFFFFFFFFFFFFFFFFFFFFFFFFFFFFFFFFFFFFF9C
S3250801f580FFFFFFFFFFFFFFFFFFFFFFFFFFFFFFFFFFFFFFFFFFFFFFFFFFFFFFFFFFFFFFFF7C
S3250801f5a0FFFFFFFFFFFFFFFFFFFFFFFFFFFFFFFFFFFFFFFFFFFFFFFFFFFFFFFFFFFFFFFF5C
S3250801f5c0FFFFFFFFFFFFFFFFFFFFFFFFFFFFFFFFFFFFFFFFFFFFFFFFFFFFFFFFFFFFFFFF3C
S3250801f5e0FFFFFFFFFFFFFFFFFFFFFFFFFFFFFFFFFFFFFFFFFFFFFFFFFFFFFFFFFFFFFFFF1C
S3250801f600FFFFFFFFFFFFFFFFFFFFFFFFFFFFFFFFFFFFFFFFFFFFFFFFFFFFFFFFFFFFFFFFFB
S3250801f620FFFFFFFFFFFFFFFFFFFFFFFFFFFFFFFFFFFFFFFFFFFFFFFFFFFFFFFFFFFFFFFFDB
S3250801f640FFFFFFFFFFFFFFFFFFFFFFFFFFFFFFFFFFFFFFFFFFFFFFFFFFFFFFFFFFFFFFFFBB
S3250801f660FFFFFFFFFFFFFFFFFFFFFFFFFFFFFFFFFFFFFFFFFFFFFFFFFFFFFFFFFFFFFFFF9B
S3250801f680FFFFFFFFFFFFFFFFFFFFFFFFFFFFFFFFFFFFFFFFFFFFFFFFFFFFFFFFFFFFFFFF7B
S3250801f6a0FFFFFFFFFFFFFFFFFFFFFFFFFFFFFFFFFFFFFFFFFFFFFFFFFFFFFFFFFFFFFFFF5B
S3250801f6c0FFFFFFFFFFFFFFFFFFFFFFFFFFFFFFFFFFFFFFFFFFFFFFFFFFFFFFFFFFFFFFFF3B
S3250801f6e0FFFFFFFFFFFFFFFFFFFFFFFFFFFFFFFFFFFFFFFFFFFFFFFFFFFFFFFFFFFFFFFF1B
S3250801f700FFFFFFFFFFFFFFFFFFFFFFFFFFFFFFFFFFFFFFFFFFFFFFFFFFFFFFFFFFFFFFFFFA
S3250801f720FFFFFFFFFFFFFFFFFFFFFFFFFFFFFFFFFFFFFFFFFFFFFFFFFFFFFFFFFFFFFFFFDA
S3250801f740FFFFFFFFFFFFFFFFFFFFFFFFFFFFFFFFFFFFFFFFFFFFFFFFFFFFFFFFFFFFFFFFBA
S3250801f760FFFFFFFFFFFFFFFFFFFFFFFFFFFFFFFFFFFFFFFFFFFFFFFFFFFFFFFFFFFFFFFF9A
S3250801f780FFFFFFFFFFFFFFFFFFFFFFFFFFFFFFFFFFFFFFFFFFFFFFFFFFFFFFFFFFFFFFFF7A
S3250801f7a0FFFFFFFFFFFFFFFFFFFFFFFFFFFFFFFFFFFFFFFFFFFFFFFFFFFFFFFFFFFFFFFF5A
S3250801f7c0FFFFFFFFFFFFFFFFFFFFFFFFFFFFFFFFFFFFFFFFFFFFFFFFFFFFFFFFFFFFFFFF3A
S3250801f7e0FFFFFFFFFFFFFFFFFFFFFFFFFFFFFFFFFFFFFFFFFFFFFFFFFFFFFFFFFFFFFFFF1A
S3250801f800FFFFFFFFFFFFFFFFFFFFFFFFFFFFFFFFFFFFFFFFFFFFFFFFFFFFFFFFFFFFFFFFF9
S3250801f820FFFFFFFFFFFFFFFFFFFFFFFFFFFFFFFFFFFFFFFFFFFFFFFFFFFFFFFFFFFFFFFFD9
S3250801f840FFFFFFFFFFFFFFFFFFFFFFFFFFFFFFFFFFFFFFFFFFFFFFFFFFFFFFFFFFFFFFFFB9
S3250801f860FFFFFFFFFFFFFFFFFFFFFFFFFFFFFFFFFFFFFFFFFFFFFFFFFFFFFFFFFFFFFFFF99
S3250801f880FFFFFFFFFFFFFFFFFFFFFFFFFFFFFFFFFFFFFFFFFFFFFFFFFFFFFFFFFFFFFFFF79
S3250801f8a0FFFFFFFFFFFFFFFFFFFFFFFFFFFFFFFFFFFFFFFFFFFFFFFFFFFFFFFFFFFFFFFF59
S3250801f8c0FFFFFFFFFFFFFFFFFFFFFFFFFFFFFFFFFFFFFFFFFFFFFFFFFFFFFFFFFFFFFFFF39
S3250801f8e0FFFFFFFFFFFFFFFFFFFFFFFFFFFFFFFFFFFFFFFFFFFFFFFFFFFFFFFFFFFFFFFF19
S3250801f900FFFFFFFFFFFFFFFFFFFFFFFFFFFFFFFFFFFFFFFFFFFFFFFFFFFFFFFFFFFFFFFFF8
S3250801f920FFFFFFFFFFFFFFFFFFFFFFFFFFFFFFFFFFFFFFFFFFFFFFFFFFFFFFFFFFFFFFFFD8
S3250801f940FFFFFFFFFFFFFFFFFFFFFFFFFFFFFFFFFFFFFFFFFFFFFFFFFFFFFFFFFFFFFFFFB8
S3250801f960FFFFFFFFFFFFFFFFFFFFFFFFFFFFFFFFFFFFFFFFFFFFFFFFFFFFFFFFFFFFFFFF98
S3250801f980FFFFFFFFFFFFFFFFFFFFFFFFFFFFFFFFFFFFFFFFFFFFFFFFFFFFFFFFFFFFFFFF78
S3250801f9a0FFFFFFFFFFFFFFFFFFFFFFFFFFFFFFFFFFFFFFFFFFFFFFFFFFFFFFFFFFFFFFFF58
S3250801f9c0FFFFFFFFFFFFFFFFFFFFFFFFFFFFFFFFFFFFFFFFFFFFFFFFFFFFFFFFFFFFFFFF38
S3250801f9e0FFFFFFFFFFFFFFFFFFFFFFFFFFFFFFFFFFFFFFFFFFFFFFFFFFFFFFFFFFFFFFFF18
S3250801fa00FFFFFFFFFFFFFFFFFFFFFFFFFFFFFFFFFFFFFFFFFFFFFFFFFFFFFFFFFFFFFFFFF7
S3250801fa20FFFFFFFFFFFFFFFFFFFFFFFFFFFFFFFFFFFFFFFFFFFFFFFFFFFFFFFFFFFFFFFFD7
S3250801fa40FFFFFFFFFFFFFFFFFFFFFFFFFFFFFFFFFFFFFFFFFFFFFFFFFFFFFFFFFFFFFFFFB7
S3250801fa60FFFFFFFFFFFFFFFFFFFFFFFFFFFFFFFFFFFFFFFFFFFFFFFFFFFFFFFFFFFFFFFF97
S3250801fa80FFFFFFFFFFFFFFFFFFFFFFFFFFFFFFFFFFFFFFFFFFFFFFFFFFFFFFFFFFFFFFFF77
S3250801faa0FFFFFFFFFFFFFFFFFFFFFFFFFFFFFFFFFFFFFFFFFFFFFFFFFFFFFFFFFFFFFFFF57
S3250801fac0FFFFFFFFFFFFFFFFFFFFFFFFFFFFFFFFFFFFFFFFFFFFFFFFFFFFFFFFFFFFFFFF37
S3250801fae0FFFFFFFFFFFFFFFFFFFFFFFFFFFFFFFFFFFFFFFFFFFFFFFFFFFFFFFFFFFFFFFF17
S3250801fb00FFFFFFFFFFFFFFFFFFFFFFFFFFFFFFFFFFFFFFFFFFFFFFFFFFFFFFFFFFFFFFFFF6
S3250801fb20FFFFFFFFFFFFFFFFFFFFFFFFFFFFFFFFFFFFFFFFFFFFFFFFFFFFFFFFFFFFFFFFD6
S3250801fb40FFFFFFFFFFFFFFFFFFFFFFFFFFFFFFFFFFFFFFFFFFFFFFFFFFFFFFFFFFFFFFFFB6
S3250801fb60FFFFFFFFFFFFFFFFFFFFFFFFFFFFFFFFFFFFFFFFFFFFFFFFFFFFFFFFFFFFFFFF96
S3250801fb80FFFFFFFFFFFFFFFFFFFFFFFFFFFFFFFFFFFFFFFFFFFFFFFFFFFFFFFFFFFFFFFF76
S3250801fba0FFFFFFFFFFFFFFFFFFFFFFFFFFFFFFFFFFFFFFFFFFFFFFFFFFFFFFFFFFFFFFFF56
S3250801fbc0FFFFFFFFFFFFFFFFFFFFFFFFFFFFFFFFFFFFFFFFFFFFFFFFFFFFFFFFFFFFFFFF36
S3250801fbe0FFFFFFFFFFFFFFFFFFFFFFFFFFFFFFFFFFFFFFFFFFFFFFFFFFFFFFFFFFFFFFFF16
S3250801fc00FFFFFFFFFFFFFFFFFFFFFFFFFFFFFFFFFFFFFFFFFFFFFFFFFFFFFFFFFFFFFFFFF5
S3250801fc20FFFFFFFFFFFFFFFFFFFFFFFFFFFFFFFFFFFFFFFFFFFFFFFFFFFFFFFFFFFFFFFFD5
S3250801fc40FFFFFFFFFFFFFFFFFFFFFFFFFFFFFFFFFFFFFFFFFFFFFFFFFFFFFFFFFFFFFFFFB5
S3250801fc60FFFFFFFFFFFFFFFFFFFFFFFFFFFFFFFFFFFFFFFFFFFFFFFFFFFFFFFFFFFFFFFF95
S3250801fc80FFFFFFFFFFFFFFFFFFFFFFFFFFFFFFFFFFFFFFFFFFFFFFFFFFFFFFFFFFFFFFFF75
S3250801fca0FFFFFFFFFFFFFFFFFFFFFFFFFFFFFFFFFFFFFFFFFFFFFFFFFFFFFFFFFFFFFFFF55
S3250801fcc0FFFFFFFFFFFFFFFFFFFFFFFFFFFFFFFFFFFFFFFFFFFFFFFFFFFFFFFFFFFFFFFF35
S3250801fce0FFFFFFFFFFFFFFFFFFFFFFFFFFFFFFFFFFFFFFFFFFFFFFFFFFFFFFFFFFFFFFFF15
S3250801fd00FFFFFFFFFFFFFFFFFFFFFFFFFFFFFFFFFFFFFFFFFFFFFFFFFFFFFFFFFFFFFFFFF4
S3250801fd20FFFFFFFFFFFFFFFFFFFFFFFFFFFFFFFFFFFFFFFFFFFFFFFFFFFFFFFFFFFFFFFFD4
S3250801fd40FFFFFFFFFFFFFFFFFFFFFFFFFFFFFFFFFFFFFFFFFFFFFFFFFFFFFFFFFFFFFFFFB4
S3250801fd60FFFFFFFFFFFFFFFFFFFFFFFFFFFFFFFFFFFFFFFFFFFFFFFFFFFFFFFFFFFFFFFF94
S3250801fd80FFFFFFFFFFFFFFFFFFFFFFFFFFFFFFFFFFFFFFFFFFFFFFFFFFFFFFFFFFFFFFFF74
S3250801fda0FFFFFFFFFFFFFFFFFFFFFFFFFFFFFFFFFFFFFFFFFFFFFFFFFFFFFFFFFFFFFFFF54
S3250801fdc0FFFFFFFFFFFFFFFFFFFFFFFFFFFFFFFFFFFFFFFFFFFFFFFFFFFFFFFFFFFFFFFF34
S3250801fde0FFFFFFFFFFFFFFFFFFFFFFFFFFFFFFFFFFFFFFFFFFFFFFFFFFFFFFFFFFFFFFFF14
S3250801fe00FFFFFFFFFFFFFFFFFFFFFFFFFFFFFFFFFFFFFFFFFFFFFFFFFFFFFFFFFFFFFFFFF3
S3250801fe20FFFFFFFFFFFFFFFFFFFFFFFFFFFFFFFFFFFFFFFFFFFFFFFFFFFFFFFFFFFFFFFFD3
S3250801fe40FFFFFFFFFFFFFFFFFFFFFFFFFFFFFFFFFFFFFFFFFFFFFFFFFFFFFFFFFFFFFFFFB3
S3250801fe60FFFFFFFFFFFFFFFFFFFFFFFFFFFFFFFFFFFFFFFFFFFFFFFFFFFFFFFFFFFFFFFF93
S3250801fe80FFFFFFFFFFFFFFFFFFFFFFFFFFFFFFFFFFFFFFFFFFFFFFFFFFFFFFFFFFFFFFFF73
S3250801fea0FFFFFFFFFFFFFFFFFFFFFFFFFFFFFFFFFFFFFFFFFFFFFFFFFFFFFFFFFFFFFFFF53
S3250801fec0FFFFFFFFFFFFFFFFFFFFFFFFFFFFFFFFFFFFFFFFFFFFFFFFFFFFFFFFFFFFFFFF33
S3250801fee0FFFFFFFFFFFFFFFFFFFFFFFFFFFFFFFFFFFFFFFFFFFFFFFFFFFFFFFFFFFFFFFF13
S3250801ff00FFFFFFFFFFFFFFFFFFFFFFFFFFFFFFFFFFFFFFFFFFFFFFFFFFFFFFFFFFFFFFFFF2
S3250801ff20FFFFFFFFFFFFFFFFFFFFFFFFFFFFFFFFFFFFFFFFFFFFFFFFFFFFFFFFFFFFFFFFD2
S3250801ff40FFFFFFFFFFFFFFFFFFFFFFFFFFFFFFFFFFFFFFFFFFFFFFFFFFFFFFFFFFFFFFFFB2
S3250801ff60FFFFFFFFFFFFFFFFFFFFFFFFFFFFFFFFFFFFFFFFFFFFFFFFFFFFFFFFFFFFFFFF92
S3250801ff80FFFFFFFFFFFFFFFFFFFFFFFFFFFFFFFFFFFFFFFFFFFFFFFFFFFFFFFFFFFFFFFF72
S3250801ffa0FFFFFFFFFFFFFFFFFFFFFFFFFFFFFFFFFFFFFFFFFFFFFFFFFFFFFFFFFFFFFFFF52
S3250801ffc0FFFFFFFFFFFFFFFFFFFFFFFFFFFFFFFFFFFFFFFFFFFFFFFFFFFFFFFFFFFFFFFF32
S3250801ffe0FFFFFFFFFFFFFFFFFFFFFFFFFFFFFFFFFFFFFFFFFFFFFFFFFFFFFFFFFFFFFFFF12
S70500000000FA
